country_code_BACI,country_name,iso3,AFG,ALB,DZA,AGO,AZE,ARG,AUS,AUT,BHS,BHR,BGD,ARM,BRB,BEL,BMU,BOL,BIH,BRA,BLZ,VGB,BRN,BGR,MMR,BLR,KHM,CMR,CAN,CYM,CAF,LKA,TCD,CHL,CHN,COL,COG,COD,CRI,HRV,CUB,CYP,CZE,BEN,DNK,DOM,ECU,SLV,GNQ,ETH,EST,FJI,FIN,FRA,PYF,GAB,GEO,GMB,DEU,GHA,GRC,GRL,GTM,GIN,GUY,HTI,HND,HKG,HUN,ISL,IDN,IRN,IRQ,IRL,ISR,ITA,CIV,JAM,JPN,KAZ,JOR,KEN,PRK,KOR,KWT,KGZ,LAO,LBN,LVA,LBR,LBY,LTU,MAC,MDG,MWI,MYS,MDV,MLI,MLT,MRT,MUS,MEX,S19,MNG,MDA,MAR,MOZ,OMN,NPL,NLD,ANT,ABW,NCL,NZL,NIC,NER,NGA,NOR,PAK,PAN,PNG,PRY,PER,PHL,POL,PRT,QAT,ROU,RUS,SAU,SEN,SYC,SLE,IND,SGP,SVK,VNM,SVN,ZA1,ZWE,ESP,SDN,SUR,SWE,CHE,SYR,TJK,THA,TGO,TTO,ARE,TUN,TUR,TKM,UGA,UKR,MKD,EGY,GBR,TZA,USA,PUS,BFA,URY,UZB,VEN,YEM,SCG,ZMB
4,Afghanistan,AFG,0,0,.10526316,0,.24074075,0,0,0,0,0,0,0,0,0,0,0,0,0,0,0,0,0,0,0,0,0,0,0,0,0,0,0,0,0,.11111111,0,0,0,0,0,0,0,0,0,0,0,0,0,0,0,0,0,0,.10526316,0,0,0,0,0,0,0,0,0,0,0,0,0,0,0,0,0,0,0,0,0,0,0,0,0,0,0,0,0,0,0,.15789473,0,0,.15789473,0,0,0,0,0,0,0,0,0,0,0,0,0,0,0,0,0,0,0,0,0,0,.12121212,0,0,0,0,0,0,0,0,0,0,0,0,0,0,0,0,0,.15789473,0,0,0,0,0,0,0,0,0,0,0,0,0,0,0,0,0,0,0,0,0,0,0,0,0,0,0,0,0,0,0,0,0,0,0,0,0
8,Albania,ALB,0,0,0,.11258278,0,0,.1027027,0,0,0,.13592233,0,.14035088,.18181819,0,0,0,0,0,0,0,0,.11904762,0,.10679612,0,.10909091,0,0,0,0,.16666667,.12727273,0,0,0,0,0,0,.10857143,0,0,0,0,0,0,.13548388,0,0,.12727273,0,0,0,0,0,0,0,0,.14545454,0,.10671937,0,0,0,0,0,0,0,0,0,0,0,.20652173,0,.11864407,0,0,0,0,0,0,.1183432,.14678898,0,0,0,0,0,0,0,0,0,0,0,0,0,.112,0,0,0,.21818182,0,.13978495,.11111111,0,0,0,0,0,0,.15789473,.12727273,0,0,0,.12598425,0,0,.16806723,0,0,0,0,0,0,0,0,.10526316,0,0,0,0,0,0,0,.23636363,.10236221,0,.12727273,0,0,0,0,0,0,.20547946,.10909091,.13265306,0,.15714286,.22857143,0,0,0,.19827586,.11666667,0,0,0,0,0,0,0,0,0,0,0
12,Algeria,DZA,.10526316,0,0,0,0,0,0,0,0,0,0,0,0,0,0,0,0,0,0,0,0,0,0,0,0,.1875,0,0,0,0,0,0,0,0,.18518518,0,0,0,0,0,0,0,0,0,.13636364,0,0,0,0,0,0,0,0,.11764706,0,0,0,0,0,.25,0,0,0,0,0,0,0,0,0,0,0,0,0,.14285715,0,0,0,0,0,0,0,0,0,0,0,.2,0,0,0,.27272728,0,0,0,0,0,0,0,0,0,0,0,0,0,0,0,0,0,0,0,0,0,0,0,0,0,0,0,0,0,0,0,0,0,0,0,0,0,0,0,.17647059,0,0,0,0,0,0,0,0,0,0,0,0,0,0,0,0,0,0,0,0,0,0,0,0,0,0,0,0,0,0,0,0,0,.15789473,0,0,0
24,Angola,AGO,0,.11258278,0,0,0,.1589404,.15135135,.16556291,.14220184,.13316584,.14569536,0,0,0,.25827813,.2331081,.11258278,0,.35911602,.17407407,0,0,.15231788,.13983051,.10596026,0,0,.12878788,0,.15286624,.19554456,0,0,0,0,.17177914,.21192053,0,0,.24571429,.13776723,0,.13375796,.29801324,0,0,.33548388,.1275,.2519685,0,.10313901,.27152318,0,0,0,.23717949,0,0,0,0,.23715416,0,.25274727,.1192053,.21355931,.29801324,.25101215,.24503312,.19243987,.24701196,.19122256,0,.15231788,0,.1192053,.13716814,.12418301,.18543047,.14569536,0,.14569536,.22485207,.14569536,.21192053,.14767933,0,.1986755,.25118482,0,0,.3245033,.26548672,.25490198,.23841059,.36423841,.22516556,.29801324,.13245033,.21212122,.27860695,0,.13907285,.30463576,.23841059,.10596026,0,.23841059,.12582782,.20253165,0,0,0,.18543047,0,.125,.25827813,.16826923,0,.29801324,.20487805,.19512194,.29801324,0,.18888889,.20108695,.25746268,.10596026,.1589404,0,0,.30327868,.14207651,.13745704,0,.25531915,0,.20529801,.125,0,.23157895,0,.17266187,.17142858,0,0,.21854305,0,.13907285,.25101215,.11258278,.14569536,0,.3245033,.23426573,.1589404,.10596026,.1790393,.18497109,0,.10596026,0,0,.36708862,0,.16666667,.1192053,.16556291
31,Azerbaijan,AZE,.24074075,0,0,0,0,0,.1027027,0,0,0,0,0,0,0,0,0,.12962963,.12037037,0,0,0,0,0,0,0,0,0,0,0,0,0,.13333334,0,0,.11111111,0,0,0,0,0,0,0,0,0,0,.10126583,0,0,0,0,0,0,0,0,0,0,.12962963,0,0,0,0,0,0,.12962963,0,0,0,0,0,0,0,0,0,0,0,0,0,0,0,0,0,0,0,0,0,0,0,0,0,0,0,0,0,0,0,0,0,0,0,0,0,0,0,0,0,0,0,0,0,0,0,0,0,0,0,0,0,0,0,0,0,0,0,0,0,0,0,0,0,0,0,.10928962,0,0,0,0,0,0,0,0,0,0,0,0,0,0,0,.13265306,0,0,0,.1375,0,0,.10344828,0,0,0,0,0,.11428571,.10606061,0,0,.10569106,.10476191,0
32,Argentina,ARG,0,0,0,.1589404,0,0,0,.14,0,0,.10679612,0,0,0,.21428572,0,.24285714,.10185185,0,0,0,0,.13095239,0,0,.17142858,0,0,0,0,0,0,0,0,0,.11042945,0,0,0,.11428571,0,0,0,.1632653,0,0,.15483871,0,.10236221,0,0,.19736843,0,0,0,0,0,0,0,0,0,0,0,0,.10508475,.12096774,0,.15277778,0,.11553785,0,0,.15217391,0,0,0,0,.12048193,.10619469,0,.10476191,.10650887,.10091743,.15714286,0,.11428571,.17142858,.12796208,0,0,.14084508,0,0,.17171717,.125,.10483871,.14399999,0,0,0,0,.10126583,.17204301,.20833333,.17142858,0,.14678898,.12857144,0,0,0,0,.11,0,0,.15748031,0,.17142858,.16806723,.11219512,0,.1056338,.11428571,0,0,0,0,.18421052,0,.17142858,.10655738,0,0,.14285715,0,0,0,.11875,0,.11052632,0,0,0,0,.11428571,.16438356,0,.1122449,0,0,0,.1125,.13761468,0,.14655173,0,0,0,0,0,.13333334,0,.1329114,.14285715,0,0,0
36,Australia,AUS,0,.1027027,0,.15135135,.1027027,0,0,0,.28440368,.11809045,.18378378,.1880734,0,0,0,.23986487,0,0,.1891892,.21111111,.11351351,0,.15675676,.26694915,.12972973,0,0,.20075758,0,.31351352,.14108911,.1027027,0,0,0,.22162162,.2,0,0,.2054054,.14251782,.11627907,.17197452,0,0,.13513513,.19459459,.205,.16535433,0,.14798206,0,.17429194,0,.12832929,.22162162,0,0,0,0,.22134387,0,.22162162,0,0,.12972973,.21052632,0,.20618556,.14741036,.19435737,.18378378,.16216215,0,0,.1238938,.13507625,.13513513,.11351351,0,.14054054,.27027026,.14054054,0,.12236287,0,0,.20379147,0,0,0,.21681416,.19117647,0,.14594595,.22702703,.11351351,0,.13852814,.18905473,0,0,.12432432,.1027027,0,0,0,0,0,0,0,0,.17297298,.22029702,.14594595,.12972973,.32692307,0,.14594595,.17073171,.22702703,0,0,.18611111,.14054054,.16044776,.2,0,0,0,.19672132,.18378378,0,0,.20851064,0,.15675676,0,0,.2,0,.16187051,.14920636,.13745704,0,.11351351,0,.14594595,.15384616,.12432432,.11351351,.11351351,0,.25874126,.17297298,.11351351,.21834061,.34054053,.18577981,.14054054,.16216215,0,.16756757,0,.2682927,.15675676,.17837837
40,Austria,AUT,0,0,0,.16556291,0,.14,0,0,.10550459,.10050251,.23300971,0,0,0,0,.14527027,0,.1574074,.13812155,.11111111,0,0,0,0,.11650486,0,0,0,.12539186,0,0,0,0,0,0,0,0,0,0,.12,0,0,0,0,0,0,.11612903,0,.11417323,0,0,.12,0,0,0,.25,0,0,0,0,.13043478,0,.10989011,0,0,0,0,0,0,0,.10971787,0,0,0,0,0,.10021786,0,.15044248,0,.14285715,0,.22018349,0,0,0,0,.16587678,0,0,0,.10176991,.10294118,.14,.14705883,.16935484,0,0,0,.11442786,0,0,0,.18000001,0,0,.1559633,0,0,0,0,0,0,0,0,.12598425,0,0,.12605043,0,0,0,0,0,0,0,0,0,0,0,.1352459,.1147541,.10309278,0,.12340426,0,.11811024,0,0,0,0,0,.1015873,0,0,0,0,.13,0,0,0,0,.1559633,.11538462,0,0,.12663755,0,0,.12,.13333334,0,0,0,.10162602,0,0
44,Bahamas,BHS,0,0,0,.14220184,0,0,.28440368,.10550459,0,.13316584,.12385321,.18577981,0,0,0,.19932432,0,.1559633,.1559633,.17407407,0,0,.16055046,.1822034,0,0,0,.27651516,.12852664,.24311927,.12871288,0,0,0,0,.11009175,.1146789,.11926606,0,.20183486,.1543943,.13372093,.22611465,0,0,.10550459,.16513762,.1875,.18503937,0,.20627803,0,.19607843,0,.18886198,.21100917,0,0,0,0,.24901186,0,.1559633,0,.10169491,.1146789,.18218623,0,.17869416,.15537849,.1724138,.21559633,.11009175,0,.11009175,.11946902,.11764706,0,0,0,.21559633,.1880734,.16055046,0,.13080169,0,0,.23394495,0,0,0,.2300885,.20183486,0,.12385321,.16513762,.10091743,0,.16883117,.19724771,0,0,.10091743,.13761468,0,0,0,0,0,0,0,0,.16972478,.22524753,.17889908,.12844037,.39449543,0,.1146789,.19266056,.22477064,.10091743,0,.18611111,.15137614,.10820895,.14220184,0,0,0,.16803278,.25688073,0,0,.19574468,0,.13761468,.13761468,0,.13761468,0,.17266187,.13015874,.17182131,0,0,0,.13302752,.14574899,0,.11009175,0,0,.18531469,.17431192,.11009175,.27947599,.26605505,.21559633,.11926606,.16055046,0,.12844037,0,.37398374,.16972478,.21100917
48,Bahrain,BHR,0,0,0,.13316584,0,0,.11809045,.10050251,.13316584,0,0,.41743121,0,0,0,.27135679,0,0,.21859297,.29648241,0,0,0,.2160804,.10050251,0,0,.26884422,.38693467,.10050251,.28712872,0,0,0,0,.14070351,.15326633,0,0,.15326633,.49881235,.49612403,.36683416,0,0,0,.1080402,.42250001,.25376883,0,.3115578,0,.4379085,0,.39225182,.14070351,0,0,0,0,.23115578,0,.14824121,0,.20854272,0,.28140703,0,.35175881,.1557789,.21105528,.1557789,0,0,0,.17839196,.47930282,0,0,.28140703,0,.1080402,0,0,.2361809,0,0,.20100503,0,0,0,.22613065,.21105528,0,0,0,0,0,.18844222,.18592964,0,0,0,0,0,0,0,0,.1080402,0,0,0,0,.34158415,.16834171,0,.18090452,0,0,.11809045,.10050251,0,0,.38944724,.14321607,.26130652,0,0,0,0,.20854272,.16331658,.26884422,0,.25879398,0,0,0,0,.17336683,0,.35929647,.4522613,.38442212,0,0,0,0,.17085427,0,0,0,0,.24120604,0,0,.22864321,.1281407,.35550457,0,0,0,0,0,.19346733,0,0
50,Bangladesh,BGD,0,.13592233,0,.14569536,0,.10679612,.18378378,.23300971,.12385321,0,0,0,.11650486,0,0,.15202703,0,.11111111,.16574585,.1037037,0,0,.17475729,.10169491,0,0,0,0,0,.14649682,0,.11650486,0,0,0,0,0,0,0,.13142857,0,0,0,0,0,.1262136,.17419355,.1125,.10236221,0,.11659193,0,0,0,0,.21153846,0,0,0,0,.1541502,0,.13186814,0,0,.11290322,.11740891,0,.12714776,0,0,0,.25242719,0,.10679612,.11061947,0,.14563107,.15929204,0,.19047619,.147929,.30275229,0,.10126583,0,0,.1421801,0,0,0,.1238938,.13725491,.10679612,.14705883,.19354838,.104,0,0,.10945274,0,.10679612,0,.13592233,0,0,0,0,0,0,0,0,0,.10148515,.11904762,.10236221,.14423077,0,.14285715,0,.12804878,0,0,0,.125,0,.1262136,0,0,0,.15163934,.13114753,0,0,.13617021,.10679612,.18110237,.1375,0,.11052632,0,.12589929,0,0,0,.2038835,0,.15533981,0,.25242719,.22330096,.14563107,0,.12937063,.11206897,.1262136,.15283842,.13872832,.10091743,.25242719,.19047619,0,0,0,.15447155,.12380952,.14399999
51,Armenia,ARM,0,0,0,0,0,0,.1880734,0,.18577981,.41743121,0,0,0,0,0,.28669724,0,0,.1559633,.29816514,0,0,0,.22706422,.11238532,0,0,.28669724,.27293578,.12155963,.22935779,0,0,0,0,.1559633,.11926606,0,0,.13302752,.40825689,.47093022,.32798165,0,0,0,.11238532,.41743121,.23853211,0,.24082568,0,.49673203,0,.44724771,.13073395,0,0,0,0,.2614679,0,.20412844,0,.13761468,0,.23853211,0,.29128441,.14449541,.23623854,.16513762,.10091743,0,0,.19954129,.38779956,0,.13073395,.22477064,0,.14449541,0,0,.21330275,0,0,.16972478,0,0,0,.20642202,.20642202,0,0,.11238532,0,0,.18348624,.19724771,0,0,0,0,0,0,0,0,.11697248,0,0,0,0,.54587156,.15137614,0,.19954129,0,0,.12614679,.12614679,0,0,.34862384,.12614679,.21100917,0,0,0,0,.18119267,.15137614,.17660551,0,.2178899,0,.12155963,0,0,.21559633,0,.30275229,.30504587,.27752292,0,0,0,0,.15825687,0,0,0,0,.25917432,0,0,.23394495,.17889908,0,0,.12844037,0,0,0,.23165138,0,.10550459
52,Barbados,BRB,0,.14035088,0,0,0,0,0,0,0,0,.11650486,0,0,.24561404,0,.10135135,0,0,0,0,.12280702,0,.16666667,0,0,0,0,0,0,0,0,.30000001,.19298245,.10526316,.12280702,0,0,.15789473,0,0,0,0,0,0,0,.1392405,.10967742,0,0,0,0,.11842106,0,0,0,0,.29824561,.15789473,.2631579,0,0,0,0,.15789473,0,.13709678,0,.125,0,.11553785,0,0,0,0,0,0,0,.10843374,0,0,0,.13609467,.11009175,.10526316,0,0,0,0,0,0,0,0,0,0,0,.12096774,.16,0,0,0,.2631579,0,.12903225,.125,.2,0,.14678898,.14035088,0,0,0,.21052632,.19,0,0,0,0,0,.15126051,0,.1402439,0,.14035088,0,0,0,.1882353,0,0,0,0,0,0,0,0,.24561404,.17322835,0,.12280702,.10526316,0,0,0,0,.14035088,.19178082,0,.2857143,0,.15714286,0,0,.10091743,0,.18103448,.13333334,0,0,0,.1724138,0,0,.11392405,0,0,.16190477,.16
58,Belgium-Luxembourg (...1998),BEL,0,.18181819,0,0,0,0,0,0,0,0,0,0,.24561404,0,0,0,0,0,0,0,0,0,.14285715,0,0,0,.13953489,0,0,0,0,.2,.20930232,0,0,0,0,.12,0,0,0,0,0,0,0,0,0,0,0,.13953489,0,.11842106,0,0,0,0,.18867925,.11627907,.14814815,0,0,0,0,0,0,0,0,.11111111,0,0,0,0,0,0,0,0,0,0,0,0,0,.11242604,0,0,0,0,0,0,0,0,0,0,0,0,0,0,.12,0,0,0,.38636363,0,.10752688,0,.16666667,0,0,.11627907,0,0,.24561404,.18604651,.12,0,0,.11811024,0,0,0,0,0,0,0,0,0,0,.12941177,0,0,0,0,0,0,0,0,.22,.14173229,0,0,0,0,0,0,0,0,.12328767,.1627907,.14285715,0,0,0,.1125,0,0,.15517241,.16666667,0,0,0,.10344828,0,.10606061,0,0,0,0,.13600001
60,Bermuda,BMU,0,0,0,.25827813,0,.21428572,0,0,0,0,0,0,0,0,0,.12162162,.13043478,0,.1436464,0,0,0,.11904762,0,0,.11594203,0,0,0,0,.12871288,0,0,0,0,.13496932,.17567568,0,0,.10285714,0,0,0,.34693879,0,0,.25806451,0,.14173229,0,0,.46052632,0,0,0,0,0,0,.13043478,0,.13438736,0,.17032968,.20289855,.16271186,.25,.12145749,.4861111,.10309278,.17529881,.13479623,0,0,0,0,0,0,.25301206,0,0,0,.12426036,0,.49275362,.10126583,0,.36231884,.1042654,0,0,.3309859,.16371681,.11764706,.30303031,.2647059,.17741935,.264,.26086956,.11688311,.15422885,0,.15189873,.36559141,.2638889,.14492753,0,.29357797,.27536231,0,0,0,0,.19,0,0,.29133859,0,.14492753,.36974791,.15121952,0,.26760563,0,0,.13043478,.16044776,0,.18421052,0,.10144927,.17622951,0,0,0,.10638298,0,0,0,0,.21052632,0,0,0,0,0,.28767124,0,.10204082,.17813765,.11428571,.11428571,0,.38532111,.13286713,.13793103,.14492753,0,0,0,.10344828,0,0,.32278481,0,0,0,.104
68,Bolivia (Plurinational State of),BOL,0,0,0,.2331081,0,0,.23986487,.14527027,.19932432,.27135679,.15202703,.28669724,.10135135,0,.12162162,0,0,0,.33445945,.4222973,0,0,.13513513,.24662162,0,0,0,.26013514,.17554858,.2195946,.30940595,0,0,0,0,.16554055,.16216215,0,0,.22297297,.31828979,.23062016,.25159237,.1554054,0,0,.22635135,.29750001,.32094595,0,.21283785,.1554054,.25490198,0,.23002422,.22972973,0,0,0,0,.35472974,0,.24662162,0,.25675675,.2027027,.36824325,.10135135,.37162161,.32432431,.33855799,.10135135,.125,0,0,.18243243,.26143792,.13851352,.13851352,.16554055,.125,.2027027,.14864865,.10472973,.25675675,0,.10810811,.2331081,0,0,.1891892,.3581081,.31756756,.15202703,.24324325,.25,.1858108,0,.24324325,.34797296,0,0,.16216215,.11824324,0,0,.1554054,0,.125,0,0,0,.12837838,.26732674,.17905405,.16216215,.2331081,0,.1858108,.20945945,.24324325,.15878378,0,.40555555,.24324325,.36486486,.13513513,0,0,0,.42905405,.19932432,.23648648,0,.40878379,0,.14864865,.11486486,0,.26351351,0,.3918919,.33015874,.20608108,0,.125,0,.11148649,.25675675,0,0,0,.15878378,.4358108,.11824324,0,.33445945,.22972973,.19266056,.13175675,.12837838,0,.20945945,0,.27027026,.11486486,.15202703
70,Bosnia Herzegovina,BIH,0,0,0,.11258278,.12962963,.24285714,0,0,0,0,0,0,0,0,.13043478,0,0,0,0,0,0,.12244898,0,0,0,.10204082,0,0,0,0,0,0,0,0,0,0,0,0,.10204082,0,0,0,0,0,.12244898,0,.10967742,0,0,0,0,.10526316,0,0,0,0,0,0,0,0,0,0,0,0,0,0,0,0,0,0,0,0,0,0,0,0,0,0,0,0,.10476191,0,0,.14,0,.1632653,.13461539,0,0,.14285715,0,0,0,.1010101,0,0,0,.10204082,0,0,0,.12658228,0,.15277778,0,0,.10091743,.18367347,0,0,.10526316,0,0,0,0,0,0,.14285715,0,0,0,0,0,0,0,0,0,0,.12244898,.22448979,0,0,0,.18367347,0,0,0,0,0,0,0,0,0,0,0,.10958904,0,0,0,.11428571,.17142858,0,.10091743,0,0,0,0,0,0,0,.14285715,.10606061,0,.10204082,0,0,0
76,Brazil,BRA,0,0,0,0,.12037037,.10185185,0,.1574074,.1559633,0,.11111111,0,0,0,0,0,0,0,0,0,.12037037,.11111111,0,0,.12037037,0,0,.11742424,.13793103,0,0,0,0,0,0,0,0,0,0,.13142857,0,0,0,0,0,0,.1032258,0,0,0,0,0,0,0,.13317192,0,0,0,0,0,0,0,0,0,.10169491,0,0,0,0,0,.13479623,.14569536,0,0,0,.15044248,0,.10185185,0,0,0,.13609467,0,0,0,0,0,.14691943,0,0,0,0,0,0,.10294118,0,0,0,0,0,0,.12037037,0,0,0,0,.10091743,0,0,0,0,0,0,.10148515,.16071428,0,0,0,0,.15121952,0,0,0,0,.13043478,0,0,0,.18518518,0,0,.10382514,0,0,0,0,.14173229,.19374999,.10185185,0,0,0,0,.11340206,.10185185,0,0,.12962963,.10121457,0,0,0,.11009175,0,.1724138,0,0,.11560693,.11009175,0,.10185185,.18518518,0,0,.10569106,0,0
84,Belize,BLZ,0,0,0,.35911602,0,0,.1891892,.13812155,.1559633,.21859297,.16574585,.1559633,0,0,.1436464,.33445945,0,0,0,.2962963,0,0,0,.20338982,.14917128,0,0,.19318181,.11598746,.19337016,.19059406,0,0,0,0,.1878453,.1878453,0,0,.26519337,.2327791,.14534883,.20063694,.17679559,0,0,.23204421,.205,.27165353,0,.17040358,.2044199,.15686275,0,.14043583,.21546961,.10497238,0,0,0,.28458497,0,.26373628,.11049724,.17627119,.20994475,.32388663,.14917128,.25773194,.22310758,.19122256,.1436464,.1160221,0,0,.19026549,.18082789,.160221,.15469614,0,.12154696,.20994475,.12707183,.160221,.1392405,0,.160221,.23222749,0,0,.22099447,.34070796,.34803921,.17127071,.27624309,.28729281,.1878453,0,.19480519,.33830845,0,0,.18232045,.1436464,0,0,.14917128,0,.17679559,0,0,0,.13259669,.12623763,.13259669,.14917128,.22115384,0,.17127071,.18048781,.18232045,.18232045,0,.26111111,.16304348,.26492536,.15469614,.10497238,0,0,.36065573,.20765027,.14089347,0,.36595744,0,.10497238,0,0,.24736843,0,.26978418,.26349208,.16151203,0,.15469614,0,.12707183,.21862349,.10497238,0,.10497238,.17679559,.26573426,.13812155,0,.22707424,.22651933,0,0,.1160221,0,.28176796,0,.20731707,0,.14917128
92,Br. Virgin Isds,VGB,0,0,0,.17407407,0,0,.21111111,.11111111,.17407407,.29648241,.1037037,.29816514,0,0,0,.4222973,0,0,.2962963,0,0,0,0,.26666668,.13333334,0,0,.3037037,.15047021,.14814815,.21287128,0,0,0,0,.19259259,.15185185,0,0,.2074074,.32779098,.25,.30891719,.1037037,0,0,.18148148,.3075,.38518518,0,.25555557,.10740741,.27450982,0,.24455206,.16296296,0,0,0,0,.2888889,0,.25925925,0,.2,.17407407,.35185185,0,.34020618,.28518519,.24451411,.15185185,.10740741,0,0,.16296296,.28976035,.11851852,.15185185,.16906475,0,.18518518,.11481482,0,.22222222,0,0,.21111111,0,0,.15925926,.42592594,.36296296,.12592593,.12592593,.19259259,.10740741,0,.24074075,.25925925,0,0,0,0,0,0,.12962963,0,.16666667,0,0,0,.11481482,.27475247,.15555556,.12592593,.21111111,0,.12222222,.2,.13703704,0,0,.37777779,.19259259,.36296296,.10740741,0,0,0,.35925925,.2074074,.21305841,0,.34074074,0,.12592593,.10740741,0,.22222222,0,.33453238,.32380953,.27491409,0,0,0,.10740741,.22222222,0,0,.14074074,.11851852,.36713287,.11481482,0,.34444445,.22592592,.18119267,0,.12962963,0,.13333334,0,.22962964,.1037037,.14444445
96,Brunei Darussalam,BRN,0,0,0,0,0,0,.11351351,0,0,0,0,0,.12280702,0,0,0,0,.12037037,0,0,0,0,0,0,0,0,0,0,0,0,0,.11666667,.15217391,0,0,0,.11486486,.16,0,0,0,0,0,.10204082,0,.11392405,0,0,0,.10869565,0,.15789473,0,0,0,0,.13207547,.10869565,.22222222,0,0,.10869565,.10439561,.26923078,0,.12903225,0,0,0,0,0,0,.10869565,0,.10169491,0,0,.16867469,0,0,0,0,0,.14,0,0,0,0,0,0,0,0,0,0,.11764706,.12096774,.104,0,0,0,0,0,.12903225,0,.13333334,0,0,.10869565,0,0,.10526316,0,.15000001,0,0,0,0,.13043478,0,0,0,0,.10869565,0,0,0,.11764706,0,0,0,0,0,0,0,0,.18000001,.11023622,0,0,0,.15217391,0,0,0,.13043478,0,0,.12244898,0,0,0,.1125,0,0,.15517241,.15000001,0,0,0,0,0,0,0,0,0,0,0
100,Bulgaria,BGR,0,0,0,0,0,0,0,0,0,0,0,0,0,0,0,0,.12244898,.11111111,0,0,0,0,0,0,.10679612,0,0,0,0,0,0,0,0,0,0,0,0,.14,.14634146,0,0,0,0,0,0,0,0,0,0,0,0,0,0,0,0,0,0,0,0,0,0,0,0,0,0,0,0,0,0,0,0,0,0,0,0,0,0,0,0,0,0,0,0,0,0,0,0,0,0,0,0,0,0,0,0,0,0,0,0,0,0,0,0,0,0,0,0,0,0,0,0,0,0,0,0,0,0,0,0,0,0,0,0,0,0,0,0,0,0,0,0,0,0,0,0,0,0,0,0,0,0,0,0,0,.12195122,0,0,0,0,0,0,0,0,0,0,0,0,0,0,0,0,0,0,0,0,0,0
104,Myanmar,MMR,0,.11904762,0,.15231788,0,.13095239,.15675676,0,.16055046,0,.17475729,0,.16666667,.14285715,.11904762,.13513513,0,0,0,0,0,0,0,.10593221,0,0,0,.10227273,0,.18471338,0,.19047619,.13095239,.10714286,.10714286,0,.13513513,0,0,0,0,0,0,.13265306,0,.15476191,.15483871,0,0,.10714286,0,.14285715,0,0,0,.15384616,.14285715,0,0,0,.1027668,0,.11538462,.11904762,0,.15322581,.10121457,.11904762,0,.11952192,0,0,.14130434,0,0,0,0,.11904762,0,0,.16190477,.15384616,.18348624,0,0,0,.15476191,.11374407,0,0,0,.10176991,.1127451,.1010101,.11764706,.12903225,.13600001,0,0,0,.14285715,0,.1827957,.17857143,.16666667,0,.12844037,.16666667,.12658228,0,.13095239,.11904762,.22,0,0,.15748031,0,0,.18487395,0,.24390244,.12676056,0,0,0,0,.27058825,0,0,0,0,0,0,0,.10212766,.16666667,.11811024,0,0,.11578947,0,0,0,0,0,.19047619,0,.1632653,0,.11904762,.14285715,.14285715,0,.11888112,.20689656,.17857143,0,.15606937,0,.1724138,0,0,.10126583,0,.10569106,.16190477,.22400001
112,Belarus,BLR,0,0,0,.13983051,0,0,.26694915,0,.1822034,.2160804,.10169491,.22706422,0,0,0,.24662162,0,0,.20338982,.26666668,0,0,.10593221,0,0,0,0,.24621212,.15360501,.16949153,.17821783,0,0,0,0,.22033899,.15677966,0,0,.11016949,.22802851,.1744186,.18152866,0,0,.12711865,.12711865,.19750001,.22834645,0,.23728813,0,.19607843,0,.16949153,.16101696,0,0,0,0,.18181819,0,.19067797,0,.13898306,.13135593,.20242915,0,.2371134,.25896415,.27899686,.11864407,.10593221,0,0,.13135593,.18300654,0,.10169491,.16546762,.11440678,.16949153,0,0,.17721519,0,0,.15677966,0,0,.13559322,.19491525,.20338982,0,.10169491,.14406779,.11016949,0,.16949153,.17372881,0,0,0,0,0,0,0,0,.15677966,0,0,0,.12288135,.21287128,.1779661,.11016949,.23305085,0,.11016949,.19491525,.14406779,0,0,.24722221,.1779661,.25746268,.15677966,0,0,0,.25,.22457626,.13402061,0,.32203391,0,.13135593,.11864407,0,.16949153,0,.24100719,.22857143,.23024055,0,0,0,0,.1902834,0,0,0,0,.22027972,.12711865,0,.29661018,.17372881,.19954129,0,.17372881,0,.13983051,0,.28048781,.12288135,.1822034
116,Cambodia,KHM,0,.10679612,0,.10596026,0,0,.12972973,.11650486,0,.10050251,0,.11238532,0,0,0,0,0,.12037037,.14917128,.13333334,0,.10679612,0,0,0,0,0,.12878788,.10658307,0,0,0,0,0,0,.1595092,.22297297,0,0,.15428571,0,0,.15605095,.14563107,0,0,0,0,.15354331,0,.11210762,.1262136,.11111111,0,.12590799,.13461539,0,0,0,0,.14229248,0,.18681319,0,.11525424,.12903225,.16194332,0,.11683849,0,0,.13907285,0,0,0,.1460177,0,.17475729,.14159292,0,0,.17159763,.11926606,0,0,0,0,.1563981,0,0,0,.10176991,.17647059,0,0,.15322581,0,0,.12987013,0,0,.16504854,0,0,0,0,.11009175,0,0,0,0,0,.14563107,.11881188,0,0,.13942307,0,0,.13170731,0,.11267605,0,.12777779,0,0,0,0,0,0,0,0,0,0,0,0,.15748031,.1375,0,.23157895,0,.11870503,.14603175,.12027492,0,0,0,.14563107,.11336032,0,0,.27184466,0,.11188811,.11206897,0,0,.15028901,.10779817,0,.10476191,0,0,0,.10162602,.12380952,0
120,Cameroon,CMR,0,0,.1875,0,0,.17142858,0,0,0,0,0,0,0,0,.11594203,0,.10204082,0,0,0,0,0,0,0,0,0,0,0,0,0,0,0,0,0,.14814815,0,0,0,0,0,0,0,0,0,.13636364,0,0,0,0,0,0,.10526316,0,0,0,0,0,0,0,.125,0,0,0,0,0,0,0,.11111111,0,0,0,0,0,0,0,0,0,.10843374,0,0,0,0,0,.16,0,.25,.17307693,0,0,.1875,0,0,0,0,0,0,0,.24137931,0,0,0,0,0,0,0,0,.11009175,.11904762,0,0,0,0,0,0,0,0,0,.19354838,0,0,0,0,0,0,0,0,0,.10526316,0,.35294119,0,0,0,.16666667,0,0,0,0,0,0,0,0,0,0,.10810811,0,0,0,0,0,0,0,0,0,0,0,0,0,0,0,0,0,0,.15789473,0,0,0
124,Canada,CAN,0,.10909091,0,0,0,0,0,0,0,0,0,0,0,.13953489,0,0,0,0,0,0,0,0,0,0,0,0,0,0,0,0,0,.15000001,.19512194,.2,.16666667,0,0,0,0,0,0,0,0,0,0,0,0,0,0,0,0,0,0,0,0,0,.16981132,.22580644,.14814815,0,0,0,0,0,0,0,0,0,0,0,0,0,0,0,0,0,0,0,0,0,0,0,0,0,0,0,.13461539,0,0,0,0,0,0,0,0,0,0,0,0,0,.15909091,0,0,0,0,0,0,0,0,0,0,0,0,0,0,0,0,0,0,0,0,0,0,0,0,0,0,0,0,0,0,0,0,0,0,0,.10236221,0,0,0,0,0,0,0,0,0,0,0,0,0,0,0,0,0,.12931034,0,0,0,0,0,0,0,0,0,0,0,.112
136,Cayman Isds,CYM,0,0,0,.12878788,0,0,.20075758,0,.27651516,.26884422,0,.28669724,0,0,0,.26013514,0,.11742424,.19318181,.3037037,0,0,.10227273,.24621212,.12878788,0,0,0,.20376176,.25378788,.12623763,0,0,0,0,.13257575,.13636364,0,0,.16666667,.27790973,.21511628,.3121019,0,0,.10227273,.10227273,.235,.27651516,0,.31439394,0,.24836601,0,.21549636,.15151516,0,0,0,0,.19318181,0,.15909091,0,.10169491,.125,.26136363,0,.28522336,.20454545,.13479623,.11742424,0,0,0,.17045455,.18300654,0,0,.11151079,.14393939,.17045455,0,0,.1780303,0,0,.17424242,0,0,0,.27651516,.23106061,0,0,0,0,0,.23484848,.18939394,0,0,0,0,0,0,0,0,.11742424,0,0,0,.125,.28217822,.26893941,0,.28787878,0,0,.13257575,.16287878,0,0,.29722223,.15530303,.20895523,0,0,0,0,.22348484,.26893941,.12371134,0,.25,0,.14772727,0,0,.18181819,0,.34172663,.25396827,.3676976,0,0,0,.10606061,.14015152,0,0,.11363637,0,.19930071,.14393939,0,.26893941,.18939394,.23165138,0,.15530303,0,0,0,.31060606,.13257575,.15151516
140,Central African Rep.,CAF,0,0,0,0,0,0,0,.12539186,.12852664,.38693467,0,.27293578,0,0,0,.17554858,0,.13793103,.11598746,.15047021,0,0,0,.15360501,.10658307,0,0,.20376176,0,0,.22029702,0,0,0,0,.10971787,0,0,0,.11912226,.3111639,.43410853,.36363637,0,0,0,0,.2525,.18181819,0,.25705329,0,.3267974,0,.38256657,.11285266,0,0,0,0,.18808778,0,0,0,.23197491,0,.20376176,0,.20062695,.11285266,0,.19122256,0,0,0,.27586207,.34858388,0,0,.35109717,0,.10031348,0,0,.15673982,0,0,.20689656,0,0,0,.13479623,.14733543,0,0,0,0,0,.12225705,.12225705,0,0,0,0,0,0,0,0,0,0,0,0,0,.28217822,.13166144,0,.16614421,0,0,.13479623,0,0,0,.20277777,.12225705,.18181819,0,0,0,0,.12852664,.13166144,.26332289,0,.15673982,0,0,.17868339,0,.14420062,0,.26018807,.34482759,.34796238,0,0,0,0,.14106584,0,0,0,0,.15360501,0,0,.14106584,.10344828,.34633029,0,0,0,0,0,.14106584,0,0
144,Sri Lanka,LKA,0,0,0,.15286624,0,0,.31351352,0,.24311927,.10050251,.14649682,.12155963,0,0,0,.2195946,0,0,.19337016,.14814815,0,0,.18471338,.16949153,0,0,0,.25378788,0,0,.11386139,.12738854,0,0,0,.1595092,.22929937,0,0,.16,.12351544,0,.16242038,.11464968,0,.15286624,.1656051,.17749999,.18503937,0,.14798206,.14012739,.14379086,0,0,.23566879,.10191083,0,0,0,.18181819,0,.1978022,0,0,.18471338,.16194332,0,.17182131,.17131475,.12852664,.15286624,.18471338,0,.10828026,.17699115,0,.10828026,.14012739,0,.14012739,.25443786,.15286624,0,.11392405,0,0,.16113745,0,0,0,.20353982,.18627451,0,.22929937,.19108281,.18471338,0,.17316018,.1840796,0,0,.15286624,0,0,0,0,0,.12658228,0,0,0,.14012739,.14356436,.19047619,0,.27403846,0,0,.10731708,.37195122,.14649682,0,.19722222,.14130434,.14179105,.11464968,0,0,0,.1557377,.20218579,0,0,.21702127,0,.15286624,0,0,.17894737,0,.13669065,.10476191,.16494845,0,0,0,.15286624,.12955466,.15286624,0,.11464968,0,.21328671,.20382166,0,.1790393,.27745664,.12844037,.15923567,.14012739,0,.19620253,0,.23983739,.1656051,.17834395
148,Chad,TCD,0,0,0,.19554456,0,0,.14108911,0,.12871288,.28712872,0,.22935779,0,0,.12871288,.30940595,0,0,.19059406,.21287128,0,0,0,.17821783,0,0,0,.12623763,.22029702,.11386139,0,0,0,0,0,.14603961,.15346535,0,0,.17079207,.38479811,.21317829,.21287128,.14356436,0,0,.20049505,.32920793,.27227724,0,0,.13366337,.23965141,0,.21549636,.11138614,0,0,0,0,.22277227,0,.18069308,0,.56435645,.16089109,.23019803,.12871288,.28712872,.32920793,.40594059,.10891089,0,0,0,.18564357,.33551198,.10396039,0,.21287128,0,.16831683,.11138614,0,.25247526,0,0,.1980198,0,0,.24752475,.21287128,.18564357,.18811882,.1980198,.14108911,.20792079,0,.29950494,.23267327,0,0,.15841584,0,0,0,.16584158,0,.18811882,0,0,0,0,0,.10643564,.19554456,.12128713,0,.21039604,.28465346,.17326732,.22524753,0,.35891089,.22029702,.31188118,0,0,0,0,.2970297,.10891089,.4009901,0,.22277227,0,0,.14108911,0,.22029702,0,.21782178,.28712872,.15346535,0,.10643564,0,0,.37871286,0,0,0,.19554456,.30940595,.11881188,0,.17821783,.13861386,.20412844,0,0,0,.29950494,0,.14851485,0,.10148515
152,Chile,CHL,0,.16666667,0,0,.13333334,0,.1027027,0,0,0,.11650486,0,.30000001,.2,0,0,0,0,0,0,.11666667,0,.19047619,0,0,0,.15000001,0,0,.12738854,0,0,.38333333,.18333334,.16666667,0,.13513513,0,0,0,0,0,0,.13265306,0,.24050634,.12903225,0,.11417323,0,0,.14473684,0,.15000001,0,.11538462,.46666667,.16666667,.16666667,0,0,0,.10439561,.2,0,.17741935,0,0,0,.15936255,0,0,.13043478,0,0,0,0,.12048193,0,0,0,.17159763,0,0,0,0,.11666667,0,0,0,.13380282,.11504425,.11764706,0,0,0,.168,0,0,0,.21666667,0,.1827957,0,0,0,.11926606,.16666667,.12025317,0,.15000001,.25,.18000001,0,0,.11023622,0,0,.11764706,0,.15243903,.12676056,.2,0,0,0,.24705882,0,0,0,0,0,0,0,0,.2,.15748031,0,.15000001,.11578947,0,0,0,0,0,.19178082,0,.26530612,0,.11428571,.11428571,.16249999,0,0,.19827586,0,0,0,0,.11494253,.13333334,0,0,0,0,.13333334,.2
156,China,CHN,0,.12727273,0,0,0,0,0,0,0,0,0,0,.19298245,.20930232,0,0,0,0,0,0,.15217391,0,.13095239,0,0,0,.19512194,0,0,0,0,.38333333,0,.29268292,.2682927,0,0,.14,0,0,0,0,0,.1122449,0,.17721519,.10967742,0,0,.19512194,0,.10526316,0,.24390244,0,0,.39622641,.29268292,.14814815,.17073171,0,0,0,.17307693,0,.11290322,0,.125,0,0,0,0,0,0,0,0,0,.10843374,0,0,0,.13017751,0,.14,0,0,.13461539,0,0,0,0,0,0,0,0,0,.152,0,0,0,.25,0,.12903225,0,.15000001,0,0,.11904762,0,0,.19298245,.34146342,.14,0,0,0,0,.14634146,.10084034,0,.10365853,0,.24390244,0,0,0,.11764706,0,0,0,0,0,0,0,0,.25999999,.12598425,0,.11111111,0,.21951219,0,0,0,0,0,.14634146,.14285715,0,0,.11428571,.125,0,0,.15517241,.13333334,0,0,0,0,.12380952,0,0,.17073171,0,.10476191,.12800001
170,Colombia,COL,0,0,0,0,0,0,0,0,0,0,0,0,.10526316,0,0,0,0,0,0,0,0,0,.10714286,0,0,0,.2,0,0,0,0,.18333334,.29268292,0,.55555558,0,0,0,0,0,0,0,0,0,0,0,0,0,0,0,0,0,0,.23076923,0,0,.20754717,.22580644,0,.23076923,0,0,0,.1923077,0,0,0,0,0,0,0,0,0,0,0,0,0,0,0,0,0,0,0,.14,0,0,.11538462,0,.15384616,0,0,0,0,0,0,0,0,0,0,0,0,0,0,0,0,0,0,0,0,0,0,.24242425,0,0,0,0,0,0,0,0,0,0,.2,0,0,0,0,0,0,0,0,0,0,0,0,0,0,0,.11111111,0,0,0,0,0,0,0,0,0,0,0,0,0,0,0,0,0,0,0,0,0,0,0,0,.11538462,0,0,0
178,Congo,COG,.11111111,0,.18518518,0,.11111111,0,0,0,0,0,0,0,.12280702,0,0,0,0,0,0,0,0,0,.10714286,0,0,.14814815,.16666667,0,0,0,0,.16666667,.2682927,.55555558,0,0,0,0,0,0,0,0,0,0,.11111111,0,0,0,0,0,0,0,0,.25925925,0,0,.16981132,.29032257,0,.22222222,0,0,0,.21153846,0,0,0,0,0,0,0,0,0,0,0,0,0,0,0,0,0,0,0,.14,0,.11111111,0,0,.11111111,.11111111,0,0,0,0,0,0,0,0,0,0,0,0,0,0,.15000001,.11111111,0,0,0,.11111111,0,.24242425,0,0,0,0,0,.19354838,0,0,0,0,.23333333,0,0,0,0,0,0,.11111111,0,0,0,0,0,0,0,0,.11111111,0,.13333334,0,0,0,.13513513,0,0,.1122449,0,0,0,0,0,0,.10344828,0,0,0,0,0,0,0,0,.18518518,0,0,0
180,Dem. Rep. of the Congo,COD,0,0,0,.17177914,0,.11042945,.22162162,0,.11009175,.14070351,0,.1559633,0,0,.13496932,.16554055,0,0,.1878453,.19259259,0,0,0,.22033899,.1595092,0,0,.13257575,.10971787,.1595092,.14603961,0,0,0,0,0,.31901839,0,0,.19428572,.17814727,.12790698,.15605095,.19018404,0,.19631901,.20245399,.16500001,.18897638,0,.14798206,.1411043,.1546841,0,.12832929,.18404908,0,0,0,0,.22134387,0,.30219781,0,.16949153,.23312883,.20647773,.12883435,.16838488,.21115538,.20689656,.1411043,.11042945,0,0,.21238938,.16775599,.14723927,.18404908,0,0,.26035503,.12269939,0,.19409283,0,0,.25592417,0,0,.20245399,.19026549,.2009804,.11656442,.17791411,.19018404,.17791411,0,.1991342,.18905473,0,0,0,0,0,0,.14723927,0,.12883435,0,0,0,.17791411,.15841584,.125,.1595092,.15384616,0,.17791411,.28292683,.19512194,.1411043,0,.19166666,.14130434,.23134328,0,0,0,0,.18032786,.15846995,.14776632,0,.20425531,0,.17791411,.11656442,0,.31578946,0,.19424461,.18095239,.12371134,0,.11042945,0,.12269939,.18218623,0,0,.12269939,.1595092,.22377622,.15337424,0,.17030568,.19653179,.11926606,0,.19631901,0,.18404908,0,.16666667,.12269939,.17791411
188,Costa Rica,CRI,0,0,0,.21192053,0,0,.2,0,.1146789,.15326633,0,.11926606,0,0,.17567568,.16216215,0,0,.1878453,.15185185,.11486486,0,.13513513,.15677966,.22297297,0,0,.13636364,0,.22929937,.15346535,.13513513,0,0,0,.31901839,0,0,0,.23999999,.12351544,0,.18789808,.32432431,0,.25675675,.23870967,.175,.18897638,0,0,.24324325,.11982571,0,0,.15384616,.12162162,0,.11486486,0,.23320158,0,.43406594,.12837838,.15254237,.37162161,.2145749,.1554054,.18213059,.22709164,.19435737,.1986755,.12837838,0,0,.19911504,.13071896,.27027026,.1891892,0,0,.31360948,.13513513,.12837838,.11392405,0,.13513513,.24644549,0,0,.29054055,.22566372,.21078432,.13513513,.2972973,.24324325,.26351351,0,.22077923,.1840796,0,.16216215,.20945945,0,0,0,.23648648,.11486486,.21518987,0,0,0,.28378379,.17079207,.125,.22972973,.24038461,0,.23648648,.27804878,.28658536,.30405405,0,.17777778,.14130434,.19402985,.12162162,.14864865,0,0,.14344262,0,0,0,.2,0,.2027027,.10625,0,.38421053,0,.14748201,.13333334,.12371134,0,.1554054,0,.22972973,.25506073,.10135135,0,.17567568,.20945945,.21328671,.25,.13513513,.13100436,.20231214,.10091743,0,.11486486,0,.31012657,0,.13414635,.16216215,.22297297
191,Croatia,HRV,0,0,0,0,0,0,0,0,.11926606,0,0,0,.15789473,.12,0,0,0,0,0,0,.16,.14,0,0,0,0,0,0,0,0,0,0,.14,0,0,0,0,0,0,0,0,0,0,.10204082,0,0,0,0,0,0,0,0,0,0,0,.13461539,0,0,0,0,0,0,0,.11538462,0,.10483871,0,.11111111,0,0,0,0,0,0,.13559322,0,0,.10843374,0,0,0,.10059172,.11009175,0,0,0,0,0,0,0,0,0,0,0,0,.11290322,0,0,0,0,0,0,0,0,.15000001,0,0,0,0,0,0,0,.13,0,0,0,0,0,0,0,.10365853,.1056338,0,0,0,0,0,0,0,0,0,0,0,0,0,0,0,0,0,0,0,0,0,0,0,0,0,.12244898,0,0,0,0,0,0,.12931034,.11666667,0,0,0,0,0,0,0,.14,.10569106,.14285715,.152
192,Cuba,CUB,0,0,0,0,0,0,0,0,0,0,0,0,0,0,0,0,.10204082,0,0,0,0,.14634146,0,0,0,0,0,0,0,0,0,0,0,0,0,0,0,0,0,0,0,0,0,0,0,0,0,0,0,0,0,0,0,0,0,0,0,0,0,0,0,0,0,0,0,0,0,0,0,0,0,0,0,0,0,0,0,0,0,0,0,0,0,0,0,0,0,0,0,0,0,0,0,0,0,0,0,0,0,0,0,0,0,0,0,0,0,0,0,0,0,0,0,0,0,0,0,.11428571,0,0,0,0,0,0,0,0,0,0,.13043478,0,0,0,0,0,0,0,0,0,0,0,0,0,0,0,0,0,0,0,0,0,0,0,0,0,0,0,0,0,0,0,0,0,0,0,0,0,0
196,Cyprus,CYP,0,.10857143,0,.24571429,0,.11428571,.2054054,.12,.20183486,.15326633,.13142857,.13302752,0,0,.10285714,.22297297,0,.13142857,.26519337,.2074074,0,0,0,.11016949,.15428571,0,0,.16666667,.11912226,.16,.17079207,0,0,0,0,.19428572,.23999999,0,0,0,.17339668,.12984496,.21019109,.14857143,0,0,.22857143,.23,.16141732,0,.13004485,.14857143,.15686275,0,.14769976,.13142857,0,0,0,0,.26877472,0,.30219781,0,.16949153,.2,.24696356,.12571429,.20618556,.187251,.17868339,.16571428,.10857143,0,0,.18584071,.19825707,.17142858,.21714285,0,.12571429,.25142857,.12571429,0,.16455697,0,0,.28909951,0,0,.16571428,.23893805,.23529412,.18857142,.21714285,.23428571,.14857143,0,.18181819,.25373134,0,.14285715,.14285715,.13714285,0,0,.14857143,0,.13714285,0,.10857143,0,.17142858,.15841584,.14857143,.18857142,.17307693,0,.14857143,.24390244,.17714286,.17142858,0,.19444445,.16847827,.2238806,.13142857,.14857143,0,0,.21311475,.14754099,.12714776,0,.2,0,.16571428,.15428571,0,.23684211,0,.17985612,.19047619,.14432989,0,.12571429,0,.12571429,.1659919,0,.10857143,.12,.14285715,.24125874,.13142857,0,.23144105,.24571429,.13073395,0,0,0,.20571429,0,.17073171,.12,.12
203,Czechia,CZE,0,0,0,.13776723,0,0,.14251782,0,.1543943,.49881235,0,.40825689,0,0,0,.31828979,0,0,.2327791,.32779098,0,0,0,.22802851,0,0,0,.27790973,.3111639,.12351544,.38479811,0,0,0,0,.17814727,.12351544,0,0,.17339668,0,.47868216,.35154393,0,0,0,.14014252,.40142518,.28503564,0,.24228029,0,.42265797,0,.38717338,.14014252,0,0,0,0,.22802851,0,.16627078,0,.24465558,.10213777,.29453683,0,.36104512,.20665084,.27553445,.10688836,0,0,0,.18052256,.48148149,0,.10451306,.24940617,0,.1543943,0,0,.21615201,0,0,.18764846,0,0,.11638955,.25415677,.2304038,0,0,.11876485,0,0,.20190024,.2304038,0,0,0,0,0,0,0,0,.13776723,0,0,0,0,.30641329,.15201901,0,.18052256,0,0,.16627078,.12351544,.10451306,0,.4631829,.17814727,.29928741,0,0,0,0,.2969121,.17102137,.28978622,0,.27790973,0,.10688836,0,0,.19239905,0,.38479811,.43230402,.32541567,0,0,0,0,.19239905,0,0,0,0,.30403802,.10451306,0,.24703088,.16627078,.34174311,0,.11401425,0,.12114014,0,.21852732,0,.13064133
204,Benin,BEN,0,0,0,0,0,0,.11627907,0,.13372093,.49612403,0,.47093022,0,0,0,.23062016,0,0,.14534883,.25,0,0,0,.1744186,0,0,0,.21511628,.43410853,0,.21317829,0,0,0,0,.12790698,0,0,0,.12984496,.47868216,0,.3391473,0,0,0,0,.36627907,.19961241,0,.28488371,0,.51744187,0,.52325583,.11821705,0,0,0,0,.18604651,0,.10271318,0,.15503876,0,.21705426,0,.2635659,.10271318,.19767442,.14147286,0,0,0,.19767442,.50387597,0,.10271318,.34689921,0,.10465116,0,0,.18217054,0,0,.13372093,0,0,0,.1627907,.16666667,0,0,0,0,0,.15891473,.13372093,0,0,0,0,0,0,0,0,0,0,0,0,0,.42829457,.14534883,0,.16085272,0,0,.10465116,0,0,0,.34302327,.12596899,.19573644,0,0,0,0,.15891473,.12790698,.27519381,0,.18410853,0,0,.12790698,0,.12790698,0,.3120155,.37403101,.35852712,0,0,0,0,0,0,0,0,0,.17635658,0,0,.18217054,.13178295,.4728682,0,0,0,0,0,.16860466,0,0
208,Denmark,DNK,0,0,0,.13375796,0,0,.17197452,0,.22611465,.36683416,0,.32798165,0,0,0,.25159237,0,0,.20063694,.30891719,0,0,0,.18152866,.15605095,0,0,.3121019,.36363637,.16242038,.21287128,0,0,0,0,.15605095,.18789808,0,0,.21019109,.35154393,.3391473,0,0,0,0,.1178344,.31999999,.3535032,0,.28343949,0,.33115467,0,.33171913,.13057324,0,0,0,0,.27388534,0,.21337579,0,.21337579,.12101911,.3312102,0,.30891719,.1687898,.21316615,.20382166,0,0,0,.20700637,.31808278,0,.13375796,.1656051,0,.21337579,0,0,.17197452,0,0,.21974522,0,0,.12101911,.29617834,.26433122,0,0,.1178344,0,0,.20063694,.17197452,0,0,0,0,0,0,0,0,.1178344,0,0,0,0,.39356434,.18471338,.11146497,.3121019,0,0,.20063694,.14012739,.10828026,0,.37222221,.11464968,.24840765,0,0,0,0,.23248407,.1178344,.23248407,0,.22292994,0,.13057324,.12738854,0,.2388535,0,.31528664,.38412699,.36942676,0,0,0,0,.19426751,0,0,.12101911,0,.2388535,.12101911,0,.19426751,.22611465,.29816514,0,0,0,.12420382,0,.17834395,0,.11146497
214,Dominican Rep.,DOM,0,0,0,.29801324,0,.1632653,0,0,0,0,0,0,0,0,.34693879,.1554054,0,0,.17679559,.1037037,.10204082,0,.13265306,0,.14563107,0,0,0,0,.11464968,.14356436,.13265306,.1122449,0,0,.19018404,.32432431,.10204082,0,.14857143,0,0,0,0,0,.20408164,.2516129,0,.17322835,0,0,.41836736,0,0,0,.1025641,.14285715,0,0,0,.18577075,0,.2912088,.14285715,.1559322,.46774194,.17004049,.31632653,.13402061,.18326694,.14106584,0,0,0,0,.14159292,0,.40816328,.11504425,0,0,.20118344,.16513762,.29591838,0,0,.2857143,.18009479,0,0,.3028169,.16814159,.14215687,.30303031,.32352942,.24193548,.28799999,.1632653,.2034632,.19900498,0,.15306123,.33673468,.1632653,.1122449,0,.30275229,.17346939,.12658228,0,0,0,.31,0,0,.26771653,0,.1122449,.31092438,.17560975,.18292683,.30985916,0,.11388889,.10326087,.19776119,.12244898,.1632653,0,0,.17622951,0,0,0,.16170213,0,.11811024,0,0,.24210526,0,.10791367,.11111111,0,0,.23469388,0,0,.20242915,0,.12244898,.12244898,.36697248,.17132868,.14655173,.10204082,.1048035,0,0,.12244898,.11428571,0,.28481013,0,0,.13333334,.152
218,Ecuador,ECU,0,0,.13636364,0,0,0,0,0,0,0,0,0,0,0,0,0,.12244898,0,0,0,0,0,0,0,0,.13636364,0,0,0,0,0,0,0,0,.11111111,0,0,0,0,0,0,0,0,0,0,0,0,0,0,0,0,0,0,0,0,0,0,0,0,0,0,0,0,0,0,0,0,0,0,0,0,0,.10869565,0,0,0,0,0,0,0,0,0,0,0,0,.27272728,0,0,0,.31818181,0,0,0,0,0,0,0,0,0,0,0,0,0,0,0,0,0,0,0,0,.10526316,.15151516,0,0,0,0,0,0,0,0,0,0,0,0,0,0,0,0,0,.27272728,0,0,0,.26666668,0,0,0,0,0,0,0,0,0,0,0,0,0,0,0,0,0,0,0,0,0,0,0,0,0,0,0,0,0,.18181819,0,0,0
222,El Salvador,SLV,0,0,0,0,.10126583,0,.13513513,0,.10550459,0,.1262136,0,.1392405,0,0,0,0,0,0,0,.11392405,0,.15476191,.12711865,0,0,0,.10227273,0,.15286624,0,.24050634,.17721519,0,0,.19631901,.25675675,0,0,0,0,0,0,.20408164,0,0,.13548388,0,.13779527,0,0,.20253165,0,0,0,0,.21518987,.12658228,.16455697,0,.11067194,0,.17032968,.15189873,0,.24193548,0,.11392405,0,.15936255,0,0,.13043478,0,.15189873,0,0,.19277108,0,0,0,.16568047,.11926606,0,0,0,0,0,0,0,.12676056,.11946902,.14215687,0,.14705883,.12096774,.152,0,.10822511,.11442786,0,0,.16129032,0,0,0,.12844037,0,.12658228,0,0,.11392405,.23,0,0,0,.14423077,0,.1092437,.10731708,.15243903,.12676056,.12658228,0,0,.10447761,.12941177,0,0,0,0,0,0,0,.10638298,0,.18110237,0,.10126583,.15263158,.1392405,0,0,0,0,.12658228,0,.17346939,.12550607,.10126583,.11392405,.16249999,0,.1013986,.15517241,.18987341,0,.12138728,0,.11494253,.14285715,0,.15822785,0,0,.14285715,.13600001
226,Equatorial Guinea,GNQ,0,.13548388,0,.33548388,0,.15483871,.19459459,.11612903,.16513762,.1080402,.17419355,.11238532,.10967742,0,.25806451,.22635135,.10967742,.1032258,.23204421,.18148148,0,0,.15483871,.12711865,0,0,0,.10227273,0,.1656051,.20049505,.12903225,.10967742,0,0,.20245399,.23870967,0,0,.22857143,.14014252,0,.1178344,.2516129,0,.13548388,0,.16249999,.16929133,0,0,.22580644,.10675381,0,0,.16666667,0,0,0,0,.28853756,0,.30219781,0,.19322033,.28387097,.22267206,.23225807,.18213059,.25498009,.27272728,0,.21935484,0,0,.18584071,.13507625,.21935484,.18709677,0,0,.28994083,.18709677,.18064517,.15189873,0,.16774194,.30331755,0,0,.29677418,.24778761,.24509804,.24516129,.30967742,.22580644,.32903227,0,.19480519,.25870648,.12258065,0,.27096775,.13548388,.11612903,0,.22580644,.16774194,.12025317,0,.14838709,0,.23225807,.11386139,.125,.32258064,.15384616,0,.44516128,.1902439,.25,.24516129,0,.18611111,.19565217,.24253732,.12903225,.11612903,0,0,.27459016,.14207651,.12371134,0,.20425531,.14193548,.23870967,0,0,.30526316,0,.15827338,.13650794,0,0,.31612903,0,.16774194,.20647773,.18064517,.19354838,.11612903,.29677418,.2937063,.2,.10967742,.19213974,.20231214,0,.17419355,.16774194,0,.32911393,0,.16666667,.16774194,.27741936
231,Ethiopia,ETH,0,0,0,.1275,0,0,.205,0,.1875,.42250001,.1125,.41743121,0,0,0,.29750001,0,0,.205,.3075,0,0,0,.19750001,0,0,0,.235,.2525,.17749999,.32920793,0,0,0,0,.16500001,.175,0,0,.23,.40142518,.36627907,.31999999,0,0,0,.16249999,0,.205,0,.19499999,0,.4204793,0,.35593221,.13249999,0,0,0,0,.30500001,0,.19,0,.17749999,.1075,.26249999,0,.30500001,.2075,.315,.145,.1075,0,0,.1925,.48801744,0,.1275,.1825,0,.19,0,0,.2225,0,0,.27000001,0,0,.105,.2225,.2,0,.1425,.1575,0,0,.2325,.25749999,0,0,0,0,0,0,0,0,0,0,0,0,0,.37623763,.14749999,0,.22750001,0,0,.1725,.1725,0,0,.37,.18000001,.32249999,0,0,0,0,.25,.13500001,.25,0,.2525,0,.13249999,.105,0,.17749999,0,.29249999,.36500001,.28,0,0,0,.115,.1875,0,0,0,0,.35499999,.105,0,.21250001,.185,.30045873,0,0,0,.1275,0,.2475,0,.1125
233,Estonia,EST,0,0,0,.2519685,0,.10236221,.16535433,.11417323,.18503937,.25376883,.10236221,.23853211,0,0,.14173229,.32094595,0,0,.27165353,.38518518,0,0,0,.22834645,.15354331,0,0,.27651516,.18181819,.18503937,.27227724,.11417323,0,0,0,.18897638,.18897638,0,0,.16141732,.28503564,.19961241,.3535032,.17322835,0,.13779527,.16929133,.205,0,0,.25984251,.15354331,.20043573,0,.22276029,.18897638,0,0,0,0,.27559054,0,.19685039,0,.25084746,.19291338,.38582677,.11023622,.32302406,.33070865,.20376176,.13385826,.11023622,0,0,.16929133,.19172113,.13779527,.11417323,.13309352,.11417323,.21653543,.11023622,.12598425,.19291338,0,.11417323,.20866142,0,0,.22440945,.44881889,.41338584,.13385826,.17322835,.15748031,.17322835,0,.25590551,.22047244,0,0,.1496063,.11417323,0,0,.16141732,0,.16141732,0,0,0,.15748031,.23762377,.21259843,.13385826,.2519685,0,.15748031,.19685039,.13779527,.20472442,0,.36666667,.16535433,.31716418,.11811024,0,0,0,.36614174,.24409449,.19931272,0,.27952754,0,.13779527,.13779527,0,.29133859,0,.36330935,.30476192,.28522336,0,0,0,.11811024,.2519685,0,.10236221,.1456693,.19291338,.26223776,.1496063,0,.28740159,.18110237,.19036697,0,.11023622,0,.22440945,0,.24409449,0,.16535433
242,Fiji,FJI,0,.12727273,0,0,0,0,0,0,0,0,0,0,0,.13953489,0,0,0,0,0,0,.10869565,0,.10714286,0,0,0,0,0,0,0,0,0,.19512194,0,0,0,0,0,0,0,0,0,0,0,0,0,0,0,0,0,0,0,0,0,0,0,.11320755,0,.12962963,0,0,0,0,0,0,0,0,0,0,0,0,0,0,0,0,0,0,0,0,0,0,.10059172,0,0,0,0,0,0,0,0,0,0,0,0,0,0,0,0,0,0,.15909091,0,0,0,0,0,0,.14285715,0,0,.19298245,.30303031,0,0,0,0,0,0,0,0,0,0,0,0,0,0,0,0,0,0,0,0,0,0,0,.23999999,0,0,0,0,0,0,0,0,0,0,.13333334,0,0,0,0,0,0,0,.12931034,.21666667,0,0,0,0,0,0,0,.13333334,0,.11428571,0
246,Finland,FIN,0,0,0,.10313901,0,0,.14798206,0,.20627803,.3115578,.11659193,.24082568,0,0,0,.21283785,0,0,.17040358,.25555557,0,0,0,.23728813,.11210762,0,0,.31439394,.25705329,.14798206,0,0,0,0,0,.14798206,0,0,0,.13004485,.24228029,.28488371,.28343949,0,0,0,0,.19499999,.25984251,0,0,0,.24183007,0,.23970944,.13452914,0,0,0,0,.19367589,0,0,0,0,0,.2631579,0,.21993127,.14741036,0,.11210762,0,0,0,.16814159,.22004357,0,.10313901,.19424461,0,.10762332,0,0,.19409283,0,0,.17937219,0,0,0,.23451327,.21973094,0,0,0,0,0,.18181819,.15695067,0,0,0,0,0,0,0,0,0,0,0,0,0,.24257426,.28699553,0,.25560537,0,0,0,.10762332,0,0,.25,.14349777,.16791044,0,0,0,0,.20081967,.25112107,.15463917,0,.21702127,0,0,.15246637,0,.14349777,0,.32014388,.2825397,.45360824,0,0,0,0,0,0,0,0,0,.15384616,0,0,.23144105,.11659193,.2178899,0,.11210762,0,0,0,.24390244,0,.10313901
251,France,FRA,0,0,0,.27152318,0,.19736843,0,.12,0,0,0,0,.11842106,.11842106,.46052632,.1554054,.10526316,0,.2044199,.10740741,.15789473,0,.14285715,0,.1262136,.10526316,0,0,0,.14012739,.13366337,.14473684,.10526316,0,0,.1411043,.24324325,0,0,.14857143,0,0,0,.41836736,0,.20253165,.22580644,0,.15354331,0,0,0,0,0,0,.10897436,.17105263,.11842106,.14473684,0,.16996047,0,.21978022,.28947368,.14576271,.33870968,.14979757,.36842105,.11683849,.17529881,.11598746,0,.13043478,0,.14473684,.10176991,0,.36144578,.13274336,0,0,.14201184,.12844037,.40789473,0,0,.39473686,.16113745,0,0,.28169015,.17699115,.16666667,.28282827,.33088234,.25806451,.31200001,.2631579,.12987013,.19402985,0,.15189873,.39784947,.28947368,.15789473,0,.30275229,.22368421,.12025317,0,0,0,.25,0,0,.24409449,.11057692,.17105263,.3277311,.13658537,.17073171,.25352111,0,.11111111,.13586956,.15671642,.1882353,0,0,0,.17213115,0,0,0,.14042553,0,.10236221,0,0,.21052632,0,0,0,0,0,.30263159,0,.1632653,.17004049,.14473684,.10526316,.125,.33027524,.15734266,.1724138,.10526316,0,0,0,.12643678,0,0,.27848101,0,0,0,.14399999
258,French Polynesia,PYF,0,0,0,0,0,0,.17429194,0,.19607843,.4379085,0,.49673203,0,0,0,.25490198,0,0,.15686275,.27450982,0,0,0,.19607843,.11111111,0,0,.24836601,.3267974,.14379086,.23965141,0,0,0,0,.1546841,.11982571,0,0,.15686275,.42265797,.51744187,.33115467,0,0,0,.10675381,.4204793,.20043573,0,.24183007,0,0,0,.50980395,.13725491,0,0,0,0,.22222222,0,.16775599,0,.15250544,0,.23311546,0,.32026145,.12854031,.25272331,.16122004,0,0,0,.19607843,0,0,.10239651,.24400872,0,.1328976,0,0,.18082789,0,0,.17211328,0,0,0,.18082789,.16993465,0,0,.10675381,0,0,.16122004,.15686275,0,0,0,0,0,0,0,0,0,0,0,0,0,.44880176,.14379086,0,.19607843,0,0,.13725491,.12200436,0,0,.32461873,.11328976,.21568628,0,0,0,0,.19172113,.13507625,.19389978,0,.20479302,0,.12200436,.11764706,0,.15250544,0,.28540304,.34204793,.3267974,0,0,0,0,.13507625,0,0,0,0,.22222222,0,0,.22440088,.18082789,.44880176,0,0,0,0,0,.21568628,0,0
266,Gabon,GAB,.10526316,0,.11764706,0,0,0,0,0,0,0,0,0,0,0,0,0,0,0,0,0,0,0,0,0,0,0,0,0,0,0,0,.15000001,.24390244,.23076923,.25925925,0,0,0,0,0,0,0,0,0,0,0,0,0,0,0,0,0,0,0,0,0,.1509434,.12903225,0,.17647059,0,0,0,.11538462,0,0,0,0,0,0,0,0,0,0,0,0,0,0,0,0,0,0,0,.12,0,0,0,0,.17647059,0,0,0,0,0,0,0,0,0,0,0,0,0,.10752688,0,0,0,0,0,0,0,0,.21212122,0,0,0,0,0,0,0,0,0,0,.16666667,0,0,0,0,0,0,0,0,0,0,0,0,0,0,0,0,0,0,0,0,0,0,0,0,0,0,0,0,0,0,0,0,0,0,0,0,0,0,0,0,.10526316,0,0,0
268,Georgia,GEO,0,0,0,0,0,0,.12832929,0,.18886198,.39225182,0,.44724771,0,0,0,.23002422,0,.13317192,.14043583,.24455206,0,0,0,.16949153,.12590799,0,0,.21549636,.38256657,0,.21549636,0,0,0,0,.12832929,0,0,0,.14769976,.38717338,.52325583,.33171913,0,0,0,0,.35593221,.22276029,0,.23970944,0,.50980395,0,0,.13317192,0,0,0,0,.21549636,0,.12348668,0,.18401937,0,.20338982,0,.22276029,0,.23486683,.18886198,0,0,0,.21791768,.40305009,0,0,.30992737,0,.12106538,0,0,.17433414,0,0,.18644068,0,0,0,.14769976,.17675544,0,0,0,0,0,.15738499,.15012106,0,0,0,0,0,0,0,0,.10411622,0,0,0,0,.39709443,.15012106,0,.18159807,0,0,.12832929,0,0,0,.27118644,.10411622,.15496369,0,0,0,0,.17191283,.15254237,.19854721,0,.15738499,0,.11380145,.17675544,0,.13559322,0,.25181597,.30266345,.33898306,0,0,0,0,.10895884,0,0,0,0,.18886198,0,0,.19854721,.14285715,.50917429,0,0,0,0,0,.24697337,0,0
270,Gambia,GMB,0,0,0,.23717949,0,0,.22162162,.25,.21100917,.14070351,.21153846,.13073395,0,0,0,.22972973,0,0,.21546961,.16296296,0,0,.15384616,.16101696,.13461539,0,0,.15151516,.11285266,.23566879,.11138614,.11538462,0,0,0,.18404908,.15384616,.13461539,0,.13142857,.14014252,.11821705,.13057324,.1025641,0,0,.16666667,.13249999,.18897638,0,.13452914,.10897436,.13725491,0,.13317192,0,0,0,0,0,.18577075,0,.17032968,0,0,.12179487,.1659919,0,.14776632,.10756972,.14733543,.14102565,.12179487,0,0,.14159292,.11764706,.11538462,.10897436,.10431655,.21153846,.17751479,.21794872,0,0,0,0,.18957347,0,0,.13461539,.19469027,.21568628,0,.1474359,.21794872,.1025641,0,.12987013,.17412935,0,0,.14102565,.12820514,0,0,.12179487,0,.11392405,0,0,0,.12179487,.11386139,.16666667,.13461539,.14903846,0,0,.14146341,.15853658,.12179487,0,.13611111,.13043478,.1119403,.16666667,.1025641,0,0,.21311475,.23497267,0,0,.20851064,0,.15384616,0,0,.14210527,0,.15467626,.14603175,.14432989,0,0,0,.14102565,0,0,.1025641,.12820514,0,.18181819,.18589744,.10897436,.26637554,.1734104,.13302752,.1474359,.15384616,0,.12025317,0,.22764228,.1474359,.17948718
276,Germany,DEU,0,0,0,0,.12962963,0,0,0,0,0,0,0,.29824561,.18867925,0,0,0,0,.10497238,0,.13207547,0,.14285715,0,0,0,.16981132,0,0,.10191083,0,.46666667,.39622641,.20754717,.16981132,0,.12162162,0,0,0,0,0,0,.14285715,0,.21518987,0,0,0,.11320755,0,.17105263,0,.1509434,0,0,0,.3018868,.25925925,.11320755,0,0,0,.20754717,0,.14516129,0,0,0,.10756972,0,0,0,0,0,0,0,.14457831,0,0,.10476191,.13017751,0,.13207547,0,0,.11320755,0,0,0,0,0,0,0,0,0,.152,0,0,0,.20754717,0,.1827957,0,.21666667,0,.11926606,.11320755,.10126583,0,.12280702,.26415095,.13,0,0,0,0,0,0,0,.11585366,.1056338,.2264151,0,0,0,.1882353,.11842106,0,0,0,0,0,0,0,.18867925,.13385826,0,.22222222,0,.18867925,0,0,0,0,0,0,.21428572,0,.14285715,.11428571,0,0,0,.13793103,.16666667,0,0,0,.10344828,0,0,0,0,0,.16190477,.12800001
288,Ghana,GHA,0,0,0,0,0,0,0,0,0,0,0,0,.15789473,.11627907,0,0,0,0,0,0,.10869565,0,0,0,0,0,.22580644,0,0,0,0,.16666667,.29268292,.22580644,.29032257,0,0,0,0,0,0,0,0,0,0,.12658228,0,0,0,0,0,.11842106,0,.12903225,0,0,.3018868,0,.24074075,.16129032,0,.19354838,0,.21153846,0,0,0,0,0,0,0,0,0,0,.10169491,0,0,.13253012,0,0,0,0,0,0,0,0,0,0,0,0,0,0,0,0,0,0,0,.16129032,0,0,.15909091,0,.10752688,0,.16666667,.22580644,0,0,0,.16129032,0,.18181819,.12,0,0,0,0,0,0,0,0,0,.38709676,0,0,0,0,.10526316,0,0,0,0,0,0,0,.12,.11811024,0,.18518518,0,.29032257,0,0,0,.13513513,0,0,.1632653,0,0,0,0,0,0,.13793103,.13333334,0,0,0,0,0,0,0,.25806451,0,0,0
300,Greece,GRC,0,.14545454,0,0,0,0,0,0,0,0,0,0,.2631579,.14814815,.13043478,0,0,0,0,0,.22222222,0,0,0,0,0,.14814815,0,0,0,0,.16666667,.14814815,0,0,0,.11486486,0,0,0,0,0,0,0,0,.16455697,0,0,0,.12962963,0,.14473684,0,0,0,0,.25925925,.24074075,0,0,0,.12962963,.10439561,.18518518,0,.10483871,0,0,0,0,0,0,0,0,.15254237,0,0,.12048193,0,0,0,.147929,.14678898,0,0,0,0,0,0,0,.1056338,0,0,0,.11029412,0,.16,0,0,0,.16666667,0,.19354838,0,.18333334,.11111111,0,.16666667,0,.12962963,.19298245,0,.14,0,0,0,0,.12962963,.1092437,0,.11585366,0,.11111111,0,0,0,.10588235,0,0,0,0,0,0,0,0,.22222222,.20472442,0,0,0,.14814815,0,0,0,.12962963,.12328767,0,.24489796,0,.14285715,0,0,0,0,.20689656,.26666668,0,0,0,.12643678,0,.12121212,.12025317,0,0,.15238096,0
304,Greenland,GRL,0,0,.25,0,0,0,0,0,0,0,0,0,0,0,0,0,0,0,0,0,0,0,0,0,0,.125,0,0,0,0,0,0,.17073171,.23076923,.22222222,0,0,0,0,0,0,0,0,0,0,0,0,0,0,0,0,0,0,.17647059,0,0,.11320755,.16129032,0,0,0,0,0,0,0,0,0,0,0,0,0,0,0,.125,0,0,0,0,0,0,0,0,0,0,0,.13333334,0,0,.18181819,.18181819,0,0,0,0,0,0,0,0,0,0,0,0,0,0,0,0,0,0,0,0,0,.12121212,0,0,0,0,0,0,0,0,0,0,.16666667,0,0,0,0,0,0,.11764706,0,0,0,0,0,0,0,0,0,0,0,0,0,0,0,0,0,0,0,0,0,0,0,0,0,0,0,0,0,0,0,0,0,.15789473,0,0,0
320,Guatemala,GTM,0,.10671937,0,.23715416,0,0,.22134387,.13043478,.24901186,.23115578,.1541502,.2614679,0,0,.13438736,.35472974,0,0,.28458497,.2888889,0,0,.1027668,.18181819,.14229248,0,0,.19318181,.18808778,.18181819,.22277227,0,0,0,0,.22134387,.23320158,0,0,.26877472,.22802851,.18604651,.27388534,.18577075,0,.11067194,.28853756,.30500001,.27559054,0,.19367589,.16996047,.22222222,0,.21549636,.18577075,0,0,0,0,0,0,.33992094,0,.21694915,.23320158,.37549406,.13438736,.28522336,.256917,.28526646,.12648222,.17786561,0,0,.25296444,.2788671,.17391305,.18181819,0,.12252964,.27272728,.13833992,.1027668,.24110672,0,0,.38339922,0,0,.18972331,.32015809,.29249012,.15810277,.24505928,.20553359,.19762845,0,.25296444,.38735178,0,0,.13833992,0,0,0,.17391305,0,.11067194,0,0,0,.16996047,.23267327,.1541502,.19367589,.26877472,0,.22529644,.22529644,.23715416,.15810277,0,.30000001,.18181819,.33955225,0,0,0,0,.32411069,.13833992,.209622,0,.35968378,0,.19762845,0,0,.33992094,0,.26978418,.2920635,.18900344,0,.18577075,0,.17391305,.26482213,.11857708,.12648222,.12252964,.19762845,.44405594,.1541502,0,.25296444,.21343873,.16743119,.15810277,.16205534,0,.20158103,0,.25296444,.13043478,.18577075
324,Guinea,GIN,0,0,0,0,0,0,0,0,0,0,0,0,0,0,0,0,0,0,0,0,.10869565,0,0,0,0,0,0,0,0,0,0,0,0,0,0,0,0,0,0,0,0,0,0,0,0,0,0,0,0,0,0,0,0,0,0,0,0,.19354838,.12962963,0,0,0,0,0,0,0,0,0,0,0,0,0,0,0,.22033899,0,0,0,0,0,0,0,0,0,0,0,0,0,0,0,0,0,0,0,0,0,0,.1724138,0,0,0,0,0,.125,.11666667,.44999999,0,0,0,.25,0,0,0,0,0,0,0,.19354838,0,0,0,0,.2,0,0,0,0,0,0,0,0,0,0,0,0,0,0,0,0,0,.16666667,0,0,0,.21621622,0,.15000001,0,0,0,0,0,0,0,0,.11666667,0,0,0,0,0,0,0,.30000001,0,0,0
328,Guyana,GUY,0,0,0,.25274727,0,0,.22162162,.10989011,.1559633,.14824121,.13186814,.20412844,0,0,.17032968,.24662162,0,0,.26373628,.25925925,.10439561,0,.11538462,.19067797,.18681319,0,0,.15909091,0,.1978022,.18069308,.10439561,0,0,0,.30219781,.43406594,0,0,.30219781,.16627078,.10271318,.21337579,.2912088,0,.17032968,.30219781,.19,.19685039,0,0,.21978022,.16775599,0,.12348668,.17032968,0,0,.10439561,0,.33992094,0,0,0,.18983051,.36813188,.29959515,.17582418,.24054983,.26294822,.25705329,.13736264,.12087912,0,0,.2079646,.18518518,.26373628,.20329671,0,0,.37362638,.17582418,.14835165,.15611814,0,.15384616,.31279621,0,0,.32967034,.27876106,.30882353,.1978022,.26373628,.30219781,.26373628,0,.27272728,.32338309,0,0,.21428572,.11538462,0,0,.22527473,.14285715,.15934066,0,0,0,.23076923,.21534653,0,.27472529,.22596154,0,.27472529,.30731708,.25274727,.21978022,0,.21111111,.15217391,.29104477,.12637363,.12637363,0,0,.22950819,0,.13745704,0,.27659574,0,.20329671,.10989011,0,.49473685,0,.20143884,.2,0,0,.17032968,0,.1978022,.27530363,.13186814,0,.15934066,.22527473,.32517484,.18131869,0,.19213974,.23076923,.11926606,.13736264,.13736264,0,.28021979,0,.15853658,.17582418,.17032968
332,Haiti,HTI,0,0,0,.1192053,.12962963,0,0,0,0,0,0,0,.15789473,0,.20289855,0,0,0,.11049724,0,.26923078,0,.11904762,0,0,0,0,0,0,0,0,.2,.17307693,.1923077,.21153846,0,.12837838,.11538462,0,0,0,0,0,.14285715,0,.15189873,0,0,0,0,0,.28947368,0,.11538462,0,0,.20754717,.21153846,.18518518,0,0,0,0,0,0,.16935484,0,.15277778,0,.13147411,0,0,0,0,.10169491,0,0,.21686748,0,0,0,0,0,.30769232,0,0,0,0,0,0,.14788732,0,0,.11111111,.13970588,.12903225,.16,.17307693,0,0,0,.11392405,.22580644,.15277778,.23333333,0,.14678898,.1923077,0,0,0,.13461539,.2,0,0,0,0,.1923077,.11764706,0,.1097561,.14084508,.15384616,0,0,0,.15294118,0,0,0,0,0,0,0,0,.15384616,.11811024,0,.12962963,0,.21153846,0,0,0,.13461539,.12328767,0,.13265306,0,0,0,0,0,0,.15517241,.15000001,0,0,0,0,0,0,.1392405,0,0,0,.112
340,Honduras,HND,0,0,0,.21355931,0,.10508475,0,0,.10169491,.20854272,0,.13761468,0,0,.16271186,.25675675,0,.10169491,.17627119,.2,0,0,0,.13898306,.11525424,0,0,.10169491,.23197491,0,.56435645,0,0,0,0,.16949153,.15254237,0,0,.16949153,.24465558,.15503876,.21337579,.1559322,0,0,.19322033,.17749999,.25084746,0,0,.14576271,.15250544,0,.18401937,0,0,0,0,0,.21694915,0,.18983051,0,0,.1559322,.23728813,.17288135,.25762713,.35593221,.34796238,.1220339,0,0,0,.20338982,.28758171,0,0,.23050848,0,.17288135,.10508475,.13220339,.35254237,0,.10508475,.23050848,0,0,.31525424,.19661017,.19661017,.26440677,.17966102,.12881356,.21694915,0,.28813559,.23389831,0,.10508475,.13898306,.10169491,0,0,.23389831,0,.23728813,0,0,0,0,.12128713,0,.2,.12542373,0,.24067797,.33898306,.15932204,.27457628,0,.22222222,.25084746,.31864408,0,0,0,0,.24745762,0,.52542371,0,.18305084,0,.10169491,.2,0,.26101694,0,.15254237,.2825397,.11864407,0,.10508475,0,0,.44067797,0,0,0,.22033899,.28474575,.10847457,0,0,.11525424,.1559633,0,0,0,.29152542,0,0,0,0
344,"China, Hong Kong SAR",HKG,0,0,0,.29801324,0,.12096774,.12972973,0,.1146789,0,.11290322,0,.13709678,0,.25,.2027027,0,0,.20994475,.17407407,.12903225,0,.15322581,.13135593,.12903225,0,0,.125,0,.18471338,.16089109,.17741935,.11290322,0,0,.23312883,.37162161,.10483871,0,.2,.10213777,0,.12101911,.46774194,0,.24193548,.28387097,.1075,.19291338,0,0,.33870968,0,0,0,.12179487,.14516129,0,.10483871,0,.23320158,0,.36813188,.16935484,.1559322,0,.19838056,.25806451,.13745704,.26693228,.17554858,0,.12903225,0,0,.13716814,0,.3548387,.16129032,0,0,.21893491,.17741935,.24193548,.11814346,0,.25,.21327014,0,0,.35211268,.23451327,.21078432,.24193548,.31617647,0,.336,.15322581,.22510822,.2238806,0,0,.29838711,.15322581,.13709678,0,.28225806,.16129032,.18987341,0,0,0,.32258064,.10396039,0,.32283464,.125,0,.33064517,.2292683,.25,.3028169,.11290322,.15000001,.14673913,.22014925,.17741935,.17741935,0,0,.20491803,0,0,0,.17872341,0,.20472442,0,.10483871,.33157894,0,.1438849,.11428571,0,0,.23387097,0,.2016129,.20647773,.12903225,.12903225,.16935484,.29838711,.2027972,.27419356,.12903225,.11790393,.14450867,0,.12903225,.14516129,0,.31645569,0,.1097561,.17741935,.2
348,Hungary,HUN,0,0,0,.25101215,0,0,.21052632,0,.18218623,.28140703,.11740891,.23853211,0,0,.12145749,.36824325,0,0,.32388663,.35185185,0,0,.10121457,.20242915,.16194332,0,0,.26136363,.20376176,.16194332,.23019803,0,0,0,0,.20647773,.2145749,0,0,.24696356,.29453683,.21705426,.3312102,.17004049,0,0,.22267206,.26249999,.38582677,0,.2631579,.14979757,.23311546,0,.20338982,.1659919,0,0,0,0,.37549406,0,.29959515,0,.23728813,.19838056,0,.10931174,.38487974,.27888447,.21003135,.15384616,.12145749,0,0,.17004049,.25708061,.13765182,.15384616,.11510792,0,.22267206,.10121457,.10526316,.19838056,0,.10931174,.31578946,0,0,.18623482,.41295546,.37651822,.1659919,.1902834,.22267206,.16194332,0,.21862349,.33603239,0,.11336032,.13360325,0,0,0,.15789473,0,.1659919,0,0,0,.12955466,.24009901,.1659919,.14574899,.21862349,0,.15789473,.22267206,.15384616,.14979757,0,.33888888,.15789473,.35447761,.11336032,0,0,0,.38461539,.14979757,.17869416,0,.36842105,0,.14574899,.14979757,0,.31174091,0,.38489208,.3968254,.22680412,0,.11336032,0,.12145749,0,0,0,.13765182,.18218623,.31468531,.10931174,0,.25506073,.21862349,.19036697,0,.14979757,0,.18623482,0,.20647773,.11336032,.13360325
352,Iceland,ISL,0,0,0,.24503312,0,.15277778,0,0,0,0,0,0,.125,.11111111,.4861111,.10135135,0,0,.14917128,0,0,0,.11904762,0,0,.11111111,0,0,0,0,.12871288,0,.125,0,0,.12883435,.1554054,.11111111,0,.12571429,0,0,0,.31632653,0,.11392405,.23225807,0,.11023622,0,0,.36842105,0,0,0,0,0,0,0,0,.13438736,0,.17582418,.15277778,.17288135,.25806451,.10931174,0,0,.17529881,.12852664,0,0,0,0,0,0,.3493976,0,0,0,.147929,0,.40277779,.10548523,0,.34722221,.14691943,0,0,.3028169,.11946902,0,.26262626,.24264705,.15322581,.296,.19444445,.13419913,.12935324,.11111111,.11392405,.32258064,0,0,0,.27522936,.22222222,0,0,0,0,.2,0,0,.29133859,0,.11111111,.31932774,.16097561,.10365853,.27464789,0,0,.10869565,.13432837,0,.19736843,0,0,.15983607,0,0,0,.10212766,.11111111,.11023622,0,.11111111,.17894737,0,0,0,0,0,.28767124,0,.14285715,.15384616,0,.1388889,0,.33944955,.12237762,.12931034,0,0,0,0,0,0,0,.29746836,0,0,0,.112
360,Indonesia,IDN,0,0,0,.19243987,0,0,.20618556,0,.17869416,.35175881,.12714776,.29128441,0,0,.10309278,.37162161,0,0,.25773194,.34020618,0,0,0,.2371134,.11683849,0,0,.28522336,.20062695,.17182131,.28712872,0,0,0,0,.16838488,.18213059,0,0,.20618556,.36104512,.2635659,.30891719,.13402061,0,0,.18213059,.30500001,.32302406,0,.21993127,.11683849,.32026145,0,.22276029,.14776632,0,0,0,0,.28522336,0,.24054983,0,.25762713,.13745704,.38487974,0,0,.22336769,.22257054,.14089347,0,0,0,.25085911,.25708061,.10309278,.1305842,.19931272,0,.16838488,.12371134,0,.22336769,0,0,.24054983,0,0,.1580756,.32646048,.22336769,0,.16838488,.19243987,.11340206,0,.30584192,.26460481,0,0,.12714776,0,0,0,.11340206,0,.17869416,0,0,0,.12027492,.2970297,.11683849,.12714776,.23024055,0,.12714776,.18556701,.13745704,.16151203,0,.42500001,.16494845,.34707904,.10996564,0,0,0,.34364262,.13402061,0,0,.38487974,0,.12027492,.13745704,0,.24054983,0,.40206185,.37777779,0,0,0,0,0,.29209623,0,0,0,.1305842,.3539519,.10309278,0,.2783505,.18900344,.24311927,0,.10652921,0,.19243987,0,.20618556,.11340206,.12027492
364,Iran,IRN,0,0,0,.24701196,0,.11553785,.14741036,0,.15537849,.1557789,0,.14449541,.11553785,0,.17529881,.32432431,0,0,.22310758,.28518519,0,0,.11952192,.25896415,0,0,0,.20454545,.11285266,.17131475,.32920793,.15936255,0,0,0,.21115538,.22709164,0,0,.187251,.20665084,.10271318,.1687898,.18326694,0,.15936255,.25498009,.2075,.33070865,0,.14741036,.17529881,.12854031,0,0,.10756972,.10756972,0,0,0,.256917,0,.26294822,.13147411,.35593221,.26693228,.27888447,.17529881,.22336769,0,.3354232,0,.11553785,0,0,.15139443,.18518518,.1434263,0,.11870503,0,.24701196,0,.16334662,.32270917,0,.13944224,.2310757,0,0,.33864543,.29482073,.27888447,.19521913,.2310757,.15537849,.2430279,0,.26294822,.23505977,0,0,.23904383,.11155379,.11155379,0,.19521913,.11155379,.30677292,0,0,0,.17131475,.16089109,.16334662,.23505977,.17131475,0,.23904383,.33466136,.26294822,.32270917,0,.26111111,.23505977,.36940297,.11952192,.10756972,0,0,.35458168,.14741036,.2783505,0,.27091634,0,.15936255,.19123507,0,.31474105,0,.23021583,.22539683,.14089347,0,.12749004,0,.17131475,.48605579,0,0,.11553785,.20318726,.32517484,.21115538,0,.16334662,.16733068,0,0,.13545817,0,.374502,0,.21513945,0,.19521913
368,Iraq,IRQ,0,0,0,.19122256,0,0,.19435737,.10971787,.1724138,.21105528,0,.23623854,0,0,.13479623,.33855799,0,.13479623,.19122256,.24451411,0,0,0,.27899686,0,0,0,.13479623,0,.12852664,.40594059,0,0,0,0,.20689656,.19435737,0,0,.17868339,.27553445,.19767442,.21316615,.14106584,0,0,.27272728,.315,.20376176,0,0,.11598746,.25272331,0,.23486683,.14733543,0,0,0,0,.28526646,0,.25705329,0,.34796238,.17554858,.21003135,.12852664,.22257054,.3354232,0,.12852664,.10658307,0,0,.21943574,.29193899,.12539186,.10971787,.20062695,0,.23510972,.11598746,0,.26959246,0,.10031348,.25078371,0,0,.25078371,.23824452,.16614421,.16614421,.21003135,.14420062,.22884013,0,.18181819,.24764891,0,0,.16300941,0,0,0,.16614421,.10344828,.13479623,0,0,0,.12852664,.23019803,0,.2539185,.13793103,0,.27586207,.26959246,.21003135,.16614421,0,.25833333,.23510972,.31034482,.11598746,.10344828,0,0,.28213167,.11285266,.29467085,0,.26959246,0,.13479623,.10658307,0,.26018807,0,.20689656,.27272728,.14733543,0,.13479623,0,.14106584,.30094042,0,0,0,.17868339,.42633229,.19435737,0,.23824452,.16614421,.21100917,.10031348,.11912226,0,.25078371,0,.22257054,.13166144,.16927899
372,Ireland,IRL,0,0,0,0,0,0,.18378378,0,.21559633,.1557789,0,.16513762,0,0,0,.10135135,0,.14569536,.1436464,.15185185,0,0,0,.11864407,.13907285,0,0,.11742424,.19122256,.15286624,.10891089,0,0,0,0,.1411043,.1986755,0,0,.16571428,.10688836,.14147286,.20382166,0,0,0,0,.145,.13385826,0,.11210762,0,.16122004,0,.18886198,.14102565,0,0,0,0,.12648222,0,.13736264,0,.1220339,0,.15384616,0,.14089347,0,.12852664,0,0,0,0,.17699115,.10675381,0,0,.10431655,0,.13609467,0,0,.11392405,0,0,.1042654,0,0,0,.13274336,.16666667,0,0,.12582782,0,0,.11255411,.11442786,0,0,0,0,0,0,0,0,.12025317,0,0,0,0,.19306931,0,.1192053,.23557693,0,0,.14634146,0,0,0,.11111111,.125,0,0,0,0,0,0,0,0,0,.1106383,0,0,.16249999,0,.11578947,0,.11870503,.12698413,.1580756,0,0,0,0,.11336032,0,0,0,0,0,0,0,.1091703,.21387284,.16055046,0,0,0,0,0,.10162602,0,0
376,Israel,ISR,0,.20652173,0,.15231788,0,.15217391,.16216215,0,.11009175,0,.25242719,.10091743,0,0,0,.125,0,0,.1160221,.10740741,.10869565,0,.14130434,.10593221,0,0,0,0,0,.18471338,0,.13043478,0,0,0,.11042945,.12837838,0,0,.10857143,0,0,0,0,.10869565,.13043478,.21935484,.1075,.11023622,0,0,.13043478,0,0,0,.12179487,0,0,0,0,.17786561,0,.12087912,0,0,.12903225,.12145749,0,0,.11553785,.10658307,0,0,0,0,0,0,.15217391,.20353982,0,.16190477,.18934911,.16513762,0,0,.10869565,0,.13270143,0,0,0,.10176991,.12745099,0,.19852941,.19354838,.112,0,.1038961,.14925373,0,0,.13978495,0,0,0,0,0,0,0,.14130434,0,.17,0,.10714286,.16535433,.1201923,0,.17647059,0,.15853658,0,0,.11388889,0,0,0,0,0,.10869565,.1147541,.14754099,0,.16304348,.11914894,.14130434,.1496063,0,0,.14736842,0,0,0,0,0,.22826087,0,.18367347,0,.18478261,.20652173,.23913044,0,.18181819,.1724138,0,.12227074,0,0,.17391305,.21904762,0,.10126583,0,.15040651,0,.112
380,Italy,ITA,0,0,.14285715,0,0,0,0,0,0,0,0,0,0,0,0,0,0,0,0,0,0,0,0,0,0,0,0,0,0,0,0,0,0,0,0,0,0,0,0,0,0,0,0,0,0,0,0,0,0,0,0,0,0,0,0,0,0,0,0,.125,0,0,0,0,0,0,0,0,0,0,0,0,0,0,0,0,0,0,0,0,0,0,0,0,0,.13333334,0,0,0,0,0,0,0,0,0,0,0,0,0,0,0,0,0,0,0,0,0,0,0,0,0,0,0,0,0,0,0,0,0,0,0,0,0,0,0,0,0,0,0,0,0,0,0,0,0,0,0,0,0,0,0,0,0,0,0,0,0,0,0,0,0,0,0,0,0,0,0,0,0,0,0,0,0,.10526316,0,0,0
384,CÃƒÂ´te d'Ivoire,CIV,0,.11864407,0,.1192053,0,0,0,0,.11009175,0,.10679612,0,0,0,0,0,0,0,0,0,.10169491,0,0,0,0,0,0,0,0,.10828026,0,0,0,0,0,0,0,.13559322,0,0,0,0,0,0,0,.15189873,0,0,0,0,0,.14473684,0,0,0,0,0,.10169491,.15254237,0,0,.22033899,0,.10169491,0,0,0,0,0,0,0,0,0,0,0,0,0,0,0,0,.10476191,.10059172,.10091743,0,0,.10169491,0,0,0,0,0,0,.10784314,0,0,0,0,.11864407,0,0,0,0,.10752688,.19444445,.18333334,.11864407,0,0,0,0,0,0,0,0,.16666667,0,.16346154,.11864407,0,0,.12804878,0,.11864407,0,0,0,0,.15789473,.10169491,0,0,0,0,0,0,0,.11023622,0,.13559322,0,.11864407,0,0,0,.16949153,0,0,0,0,0,.17142858,0,0,0,.12931034,.15000001,0,.12138728,0,0,0,0,0,.11864407,0,0,0
388,Jamaica,JAM,0,0,0,.13716814,0,0,.1238938,0,.11946902,.17839196,.11061947,.19954129,0,0,0,.18243243,0,.15044248,.19026549,.16296296,0,0,0,.13135593,.1460177,0,0,.17045455,.27586207,.17699115,.18564357,0,0,0,0,.21238938,.19911504,0,0,.18584071,.18052256,.19767442,.20700637,.14159292,0,0,.18584071,.1925,.16929133,0,.16814159,.10176991,.19607843,0,.21791768,.14159292,0,0,0,0,.25296444,0,.2079646,0,.20338982,.13716814,.17004049,0,.25085911,.15139443,.21943574,.17699115,0,0,0,0,.18518518,.1238938,.17256637,.19424461,0,.16814159,.11061947,0,.16455697,0,0,.26106194,0,0,.13716814,0,.17699115,0,.19026549,.10619469,.15486726,0,.25108224,.21238938,0,.11061947,0,0,0,0,.12831858,0,.13274336,0,0,0,0,.24504951,.13274336,.1460177,.18141593,0,.12831858,.18584071,.17256637,.1238938,0,.18888889,.1238938,.20149253,0,0,0,0,.18442623,.1238938,.17869416,0,.2,0,.15486726,.17699115,0,.2300885,0,.176259,.17460318,.17869416,0,.10619469,0,.11946902,.1902834,.10619469,0,0,.12831858,.23426573,.1238938,0,.15720524,.1460177,.25917432,0,0,0,.15044248,0,.18699187,.12831858,.1460177
392,Japan,JPN,0,0,0,.12418301,0,0,.13507625,.10021786,.11764706,.47930282,0,.38779956,0,0,0,.26143792,0,0,.18082789,.28976035,0,0,0,.18300654,0,0,0,.18300654,.34858388,0,.33551198,0,0,0,0,.16775599,.13071896,0,0,.19825707,.48148149,.50387597,.31808278,0,0,0,.13507625,.48801744,.19172113,0,.22004357,0,0,0,.40305009,.11764706,0,0,0,0,.2788671,0,.18518518,0,.28758171,0,.25708061,0,.25708061,.18518518,.29193899,.10675381,0,0,0,.18518518,0,0,0,.23093683,0,.1328976,0,0,.26797387,0,0,.23747277,0,0,.1328976,.20479302,.18082789,0,.10021786,.11328976,0,0,.19825707,.20915033,0,0,0,0,0,0,.10457516,0,0,0,0,0,0,.30501089,.10239651,.10675381,.16122004,0,.11111111,.19389978,.12418301,0,0,.33769062,.18082789,.31808278,0,0,0,0,.22657952,0,.35294119,0,.23529412,0,0,0,0,.18300654,0,.30065361,.41176471,.28758171,0,0,0,0,.19389978,0,0,0,.10675381,.34422657,0,0,.16993465,.16775599,.34204793,0,0,0,.12854031,0,.1633987,0,0
398,Kazakhstan,KAZ,0,0,0,.18543047,0,.12048193,.13513513,0,0,0,.14563107,0,.10843374,0,.25301206,.13851352,0,.10185185,.160221,.11851852,.16867469,0,.11904762,0,.17475729,.10843374,0,0,0,.10828026,.10396039,.12048193,.10843374,0,0,.14723927,.27027026,.10843374,0,.17142858,0,0,0,.40816328,0,.19277108,.21935484,0,.13779527,0,0,.36144578,0,0,0,.11538462,.14457831,.13253012,.12048193,0,.17391305,0,.26373628,.21686748,0,.3548387,.13765182,.3493976,.10309278,.1434263,.12539186,0,.15217391,0,0,.1238938,0,0,.13274336,0,0,.17159763,.12844037,.26506025,0,0,.24096386,.16113745,0,0,.21126761,.13274336,.15196079,.23232323,.27941176,.24193548,.264,.16867469,.13419913,.17412935,0,.10843374,.30107528,.12048193,0,0,.22935779,.19277108,0,0,0,0,.31,0,0,.18897638,0,.14457831,.2184874,.1902439,.16463415,.17605634,0,0,0,.1119403,.10588235,.16867469,0,0,.13114753,0,0,0,.13617021,0,.12598425,0,.13253012,.21578947,0,0,0,0,0,.22891566,0,.18367347,.14979757,.14457831,.16867469,.19277108,.26605505,.13286713,.14655173,0,0,.11560693,0,.11494253,.15238096,0,.21518987,0,0,0,.12
400,Jordan,JOR,0,0,0,.14569536,0,.10619469,.11351351,.15044248,0,0,.15929204,.13073395,0,0,0,.13851352,0,0,.15469614,.15185185,0,0,0,.10169491,.14159292,0,0,0,0,.14012739,0,0,0,0,0,.18404908,.1891892,0,0,.21714285,.10451306,.10271318,.13375796,.11504425,0,0,.18709677,.1275,.11417323,0,.10313901,.13274336,.10239651,0,0,.10897436,0,0,0,0,.18181819,0,.20329671,0,0,.16129032,.15384616,0,.1305842,0,.10971787,0,.20353982,0,0,.17256637,0,.13274336,0,0,.10619469,.18934911,.19469027,0,0,0,0,.23222749,0,0,.11971831,.12831858,.12745099,0,.20588236,.22580644,.12800001,0,.12554112,.2238806,0,0,.11504425,0,0,0,.16814159,0,.12658228,0,.13274336,0,.14159292,.1509901,.11309524,.15748031,.13942307,0,.11764706,.13658537,.1402439,0,0,.125,0,0,.1238938,0,0,0,.1147541,.10382514,0,0,.14893617,0,.19685039,0,0,.19473684,0,.11510792,.11428571,0,0,.14159292,0,.16814159,0,.15929204,.1238938,.15929204,.17699115,.17132868,.11206897,0,.12663755,.17919075,0,.15044248,.1238938,0,0,0,.13414635,.10619469,.14399999
404,Kenya,KEN,0,0,0,0,0,0,0,0,0,.28140703,0,.22477064,0,0,0,.16554055,0,0,0,.16906475,0,0,0,.16546762,0,0,0,.11151079,.35109717,0,.21287128,0,0,0,0,0,0,0,0,0,.24940617,.34689921,.1656051,0,0,0,0,.1825,.13309352,0,.19424461,0,.24400872,0,.30992737,.10431655,0,0,0,0,0,0,0,0,.23050848,0,.11510792,0,.19931272,.11870503,.20062695,.10431655,0,0,0,.19424461,.23093683,0,0,0,0,0,0,0,.31294963,0,0,0,0,0,0,0,0,0,0,0,0,0,.2086331,0,0,0,0,0,0,0,0,0,.19064748,0,0,0,0,.19554456,0,0,0,0,0,.10431655,0,.13309352,0,.15277778,.20503597,.13669065,0,0,0,0,.15107913,.14748201,.34364262,0,.12589929,0,0,.26258993,0,0,0,0,.20634921,.28178695,0,0,0,0,.21582733,0,0,0,0,0,0,0,.19784173,0,.31880733,0,0,0,0,0,.12230216,0,0
408,Dem. People's Rep. of Korea,PRK,0,0,0,.14569536,0,.10476191,.14054054,.14285715,.21559633,0,.19047619,0,0,0,0,.125,.10476191,0,.12154696,0,0,0,.16190477,.11440678,0,0,0,.14393939,0,.14012739,0,0,0,0,0,0,0,0,0,.12571429,0,0,0,0,0,0,0,0,.11417323,0,0,0,0,0,0,.21153846,.10476191,0,0,0,.12252964,0,0,0,0,0,0,0,0,0,0,0,.16190477,0,.10476191,0,0,0,.10619469,0,0,0,.25688073,0,0,0,0,0,0,0,0,.1238938,.10784314,0,.11029412,.12096774,0,0,.1038961,.13432837,0,0,0,.20952381,0,0,0,0,0,0,0,0,.11428571,0,.11309524,0,.10096154,0,0,0,.14634146,0,0,.10277778,.11413044,0,0,0,0,0,0,.26229507,0,0,.1319149,0,.12598425,0,0,0,0,.10791367,0,0,0,0,0,0,0,.11428571,.2,0,0,.11188811,0,.10476191,.23144105,.12716763,0,.2,0,0,0,0,.21138212,0,.12800001
410,Rep. of Korea,KOR,0,.1183432,0,.22485207,0,.10650887,.27027026,0,.1880734,.1080402,.147929,.14449541,.13609467,.11242604,.12426036,.2027027,0,.13609467,.20994475,.18518518,0,0,.15384616,.16949153,.17159763,0,0,.17045455,.10031348,.25443786,.16831683,.17159763,.13017751,0,0,.26035503,.31360948,.10059172,0,.25142857,.1543943,.10465116,.21337579,.20118344,0,.16568047,.28994083,.19,.21653543,.10059172,.10762332,.14201184,.1328976,0,.12106538,.17751479,.13017751,0,.147929,0,.27272728,0,.37362638,0,.17288135,.21893491,.22267206,.147929,.16838488,.24701196,.23510972,.13609467,.18934911,0,.10059172,.16814159,.1328976,.17159763,.18934911,0,0,0,.17159763,0,.15611814,0,0,.27962086,0,0,.22485207,.22123894,.23529412,0,.23668639,.19526628,.25443786,0,.17316018,.24875621,.11242604,0,.18343195,0,.10650887,0,.15384616,.10059172,.13609467,0,.18343195,0,.22485207,.17326732,.15384616,.24852072,.26923078,0,.21893491,.21951219,.31360948,.19526628,0,.18888889,.18478261,.17910448,.15384616,0,0,0,.17622951,.12021858,.11683849,0,.20851064,.13609467,.33136094,.10059172,.10650887,.35263157,0,.176259,.16507937,.11340206,0,.15384616,0,.30177516,.2145749,.14201184,0,.18343195,.12426036,.25874126,.32544377,.20710059,.18340611,.2716763,0,.11242604,.17751479,0,.23668639,0,.24390244,.18934911,.28402367
414,Kuwait,KWT,0,.14678898,0,.14569536,0,.10091743,.14054054,.22018349,.16055046,0,.30275229,0,.11009175,0,0,.14864865,0,0,.12707183,.11481482,0,0,.18348624,0,.11926606,0,0,0,0,.15286624,.11138614,0,0,0,0,.12269939,.13513513,.11009175,0,.12571429,0,0,0,.16513762,0,.11926606,.18709677,0,.11023622,0,0,.12844037,0,0,0,.21794872,0,0,.14678898,0,.13833992,0,.17582418,0,.10508475,.17741935,.10121457,0,.12371134,0,.11598746,0,.16513762,0,.10091743,.11061947,0,.12844037,.19469027,0,.25688073,.17159763,0,0,0,0,0,.18483412,0,0,0,.14159292,.12745099,.11926606,.15441176,.33870968,.152,0,.15151516,.17910448,.10091743,0,.13761468,.16513762,0,0,0,.13761468,0,0,.11009175,0,.18348624,0,0,.15748031,.15865384,0,.20168068,0,.20121951,0,0,0,.11956522,.11567164,.14678898,0,0,0,.13934426,.1147541,0,0,.15319149,.16513762,.18110237,0,0,.1368421,0,0,0,0,0,.22018349,0,.1559633,0,.32110092,.20183486,0,0,.17132868,.23275863,.16513762,.13100436,.14450867,0,.34862384,.11009175,0,.12658228,0,.16666667,.23853211,.184
417,Kyrgyzstan,KGZ,0,0,0,.21192053,0,.15714286,0,0,0,0,0,0,.10526316,0,.49275362,.10472973,.14,0,.160221,0,.14,0,0,0,0,.16,0,0,0,0,0,0,.14,.14,.14,0,.12837838,0,0,0,0,0,0,.29591838,0,0,.18064517,0,.12598425,0,0,.40789473,0,.12,0,0,.13207547,0,0,0,.1027668,0,.14835165,.30769232,.13220339,.24193548,.10526316,.40277779,0,.16334662,0,0,0,0,0,0,0,.26506025,0,0,0,0,0,0,0,0,.53846157,0,0,0,.25352111,.12831858,.10784314,.34343433,.21323529,.15322581,.23999999,.31999999,0,.1442786,0,.11392405,.39784947,.2638889,.11666667,0,.26605505,.30000001,.11392405,0,0,0,.15000001,0,0,.20472442,0,.2,.26890758,.11219512,0,.23239437,0,0,.10326087,.13059701,0,.18421052,0,0,.15163934,0,0,0,.10212766,0,0,0,.12962963,.15789473,0,0,0,0,0,.23287672,0,0,.14574899,0,0,0,.28440368,.1013986,.10344828,0,0,0,0,0,0,0,.25316456,0,0,0,0
418,Lao People's Dem. Rep.,LAO,0,0,0,.14767933,0,0,.12236287,0,.13080169,.2361809,.10126583,.21330275,0,0,.10126583,.25675675,0,0,.1392405,.22222222,0,0,0,.17721519,0,0,0,.1780303,.15673982,.11392405,.25247526,0,0,0,0,.19409283,.11392405,0,0,.16455697,.21615201,.18217054,.17197452,0,0,0,.15189873,.2225,.19291338,0,.19409283,0,.18082789,0,.17433414,0,0,0,0,0,.24110672,0,.15611814,0,.35254237,.11814346,.19838056,.10548523,.22336769,.32270917,.26959246,.11392405,0,0,0,.16455697,.26797387,0,0,.31294963,0,.15611814,0,0,0,0,0,.13502109,0,0,.17721519,.18565401,.16455697,.12658228,.13080169,0,.1392405,0,.20253165,.21097046,0,0,0,0,0,0,.14767933,0,.19409283,0,0,0,0,.14851485,.14767933,.13502109,.13502109,0,.16877638,.23206751,.16877638,.16877638,0,.20555556,.41772151,.27611941,0,0,0,0,.24590164,.11392405,.43298969,0,.23628692,0,.10970464,.18565401,0,.21518987,0,.22661871,.21587302,.1580756,0,0,0,0,.33603239,0,0,0,.1392405,.2902098,0,0,.19831224,.14345992,.14220184,.10126583,.10126583,0,.16455697,0,.199187,0,0
422,Lebanon,LBN,.15789473,0,.2,0,0,.11428571,0,0,0,0,0,0,0,0,0,0,.1632653,0,0,0,0,0,0,0,0,.25,0,0,0,0,0,0,0,0,.11111111,0,0,0,0,0,0,0,0,0,.27272728,0,0,0,0,0,0,0,0,0,0,0,0,0,0,.13333334,0,0,0,0,0,0,0,0,0,0,0,0,.10869565,.13333334,.10169491,0,0,0,0,0,0,0,0,0,0,0,0,0,0,.46666667,0,0,0,0,0,0,0,0,0,0,0,0,0,0,0,0,0,0,0,0,0,0,0,0,0,0,0,.12903225,0,0,0,0,0,0,0,0,0,0,0,.41176471,0,0,0,.40000001,0,0,0,0,0,0,0,0,0,0,0,0,0,0,0,0,0,0,0,0,0,0,0,0,0,0,.10476191,0,0,.2631579,0,0,0
428,Latvia,LVA,0,0,0,.1986755,0,.17142858,0,0,0,0,0,0,0,0,.36231884,.10810811,.13461539,0,.160221,0,0,0,.15476191,0,0,.17307693,.13461539,0,0,0,0,.11666667,.13461539,.11538462,0,0,.13513513,0,0,0,0,0,0,.2857143,0,0,.16774194,0,.11417323,0,0,.39473686,0,0,0,0,.11320755,0,0,0,0,0,.15384616,0,.10508475,.25,.10931174,.34722221,0,.13944224,.10031348,0,0,0,0,0,0,.24096386,0,0,0,0,0,.53846157,0,0,0,.10900474,0,0,.20422535,.12831858,.10294118,.26262626,.20588236,.16935484,.22400001,.26923078,0,.11940298,0,.11392405,.32258064,.22222222,.13333334,0,.23853211,.25,0,0,0,0,.17,0,0,.22834645,0,.15384616,.26050422,.11219512,.10365853,.19014084,0,0,0,.1119403,.11764706,.19736843,0,0,.14344262,0,0,0,.12340426,0,0,0,0,.14210527,0,0,0,0,0,.24657534,0,0,.12550607,.11428571,.11428571,0,.23853211,.10839161,.12068965,0,0,0,0,0,0,0,.23417722,0,0,0,0
430,Liberia,LBR,0,0,0,.25118482,0,.12796208,.20379147,.16587678,.23394495,.20100503,.1421801,.16972478,0,0,.1042654,.2331081,0,.14691943,.23222749,.21111111,0,0,.11374407,.15677966,.1563981,0,0,.17424242,.20689656,.16113745,.1980198,0,0,0,0,.25592417,.24644549,0,0,.28909951,.18764846,.13372093,.21974522,.18009479,0,0,.30331755,.27000001,.20866142,0,.17937219,.16113745,.17211328,0,.18644068,.18957347,0,0,0,0,.38339922,0,.31279621,0,.23050848,.21327014,.31578946,.14691943,.24054983,.2310757,.25078371,.1042654,.13270143,0,0,.26106194,.23747277,.16113745,.23222749,0,0,.27962086,.18483412,0,.13502109,0,.10900474,0,0,0,.17535545,.2699115,.24170616,.1563981,.27014217,.23696682,.18957347,0,.22077923,.31753555,0,.10900474,.13744076,.11374407,0,0,.17061612,0,.1042654,0,0,0,.17061612,.2029703,0,.25592417,.28909951,0,.20379147,.30331755,.19905214,.17535545,0,.2361111,.15165877,.27611941,0,.12322275,0,0,.28278688,0,.15120275,0,.24255319,0,.2085308,.12796208,0,.33175355,0,.21942446,.23174603,.14089347,0,.16113745,0,.16587678,.22672065,.12322275,0,.13270143,.17535545,.31818181,.17061612,0,.20960699,.21800947,.15366973,.12322275,.1042654,0,.22748815,0,.23577236,.12322275,.14691943
434,Libya,LBY,.15789473,0,0,0,0,0,0,0,0,0,0,0,0,0,0,0,0,0,0,0,0,0,0,0,0,0,0,0,0,0,0,0,0,.15384616,.11111111,0,0,0,0,0,0,0,0,0,0,0,0,0,0,0,0,0,0,.17647059,0,0,0,0,0,.18181819,0,0,0,0,0,0,0,0,0,0,0,0,0,0,0,0,0,0,0,0,0,0,0,0,0,0,0,0,0,0,0,0,0,0,0,0,0,0,0,0,0,0,0,0,0,0,0,0,0,0,0,.15151516,0,0,0,0,0,0,0,0,0,0,0,0,0,0,0,0,0,0,0,0,0,0,0,0,0,0,0,0,0,0,0,0,0,0,0,0,0,0,0,0,0,0,0,0,0,0,0,0,0,0,0,0,0,0,0
440,Lithuania,LTU,0,0,.27272728,0,0,0,0,0,0,0,0,0,0,0,0,0,.14285715,0,0,0,0,0,0,0,0,.1875,0,0,0,0,0,0,0,0,.11111111,0,0,0,0,0,0,0,0,0,.31818181,0,0,0,0,0,0,0,0,0,0,0,0,0,0,.18181819,0,0,0,0,0,0,0,0,0,0,0,0,0,0,0,0,0,0,0,0,0,0,0,0,0,.46666667,0,0,0,0,0,0,0,0,0,0,0,0,0,0,0,0,0,0,0,0,0,0,0,0,0,.12121212,0,0,0,0,0,0,0,0,0,0,0,0,0,0,0,0,0,.41176471,0,0,0,.26666668,0,0,0,0,0,0,0,0,0,0,0,0,0,0,0,0,0,0,0,0,0,0,0,0,0,0,0,0,0,.21052632,0,0,0
446,"China, Macao SAR",MAC,0,0,0,.3245033,0,.14084508,0,0,0,0,0,0,0,0,.3309859,.1891892,0,0,.22099447,.15925926,0,0,0,.13559322,0,0,0,0,0,0,.24752475,.13380282,0,0,0,.20245399,.29054055,0,0,.16571428,.11638955,0,.12101911,.3028169,0,.12676056,.29677418,.105,.22440945,0,0,.28169015,0,0,0,.13461539,0,0,.1056338,0,.18972331,0,.32967034,.14788732,.31525424,.35211268,.18623482,.3028169,.1580756,.33864543,.25078371,0,0,0,0,.13716814,.1328976,.21126761,.11971831,0,0,.22485207,0,.25352111,.17721519,0,.20422535,.17535545,0,0,0,.2079646,.21078432,.31690142,.33802816,.23943663,.42957747,.13380282,.18614718,.23880596,0,.12676056,.31690142,.14084508,.14788732,0,.3309859,.16901408,.22151899,0,0,0,.18309858,0,0,.34507042,0,0,.3943662,.2682927,.18292683,0,0,.14444445,.21195652,.25746268,.14788732,.15492958,0,0,.24590164,0,.17869416,0,.2212766,0,.14788732,0,.11971831,.31578946,0,.11870503,.13968255,0,0,.21126761,0,.20422535,.30769232,.12676056,.11267605,0,.37323943,.22377622,.25352111,0,0,.13872832,0,.13380282,0,0,.50632912,0,0,.15492958,.17605634
450,Madagascar,MDG,0,0,0,.26548672,0,0,.21681416,.10176991,.2300885,.22613065,.1238938,.20642202,0,0,.16371681,.3581081,0,0,.34070796,.42592594,0,0,.10176991,.19491525,.10176991,0,0,.27651516,.13479623,.20353982,.21287128,.11504425,0,0,0,.19026549,.22566372,0,0,.23893805,.25415677,.1627907,.29617834,.16814159,0,.11946902,.24778761,.2225,.44881889,0,.23451327,.17699115,.18082789,0,.14769976,.19469027,0,0,0,0,.32015809,0,.27876106,0,.19661017,.23451327,.41295546,.11946902,.32646048,.29482073,.23824452,.13274336,.10176991,0,0,0,.20479302,.13274336,.12831858,0,.1238938,.22123894,.14159292,.12831858,.18565401,0,.12831858,.2699115,0,0,.2079646,0,.4778761,.15929204,.23893805,.23893805,.18141593,0,.23809524,.30530974,0,0,.18141593,.15044248,0,0,.17256637,0,.18141593,0,0,0,.17699115,.24752475,.15929204,.17699115,.28318584,0,.2079646,.25663716,.18584071,.16814159,0,.3611111,.18584071,.33582088,.1460177,.10619469,0,0,.38114753,.23893805,.15463917,0,.34468085,0,.16814159,0,0,.3318584,0,.32374102,.2888889,.19931272,0,.1460177,0,.15044248,.24696356,0,.11061947,.11946902,.2079646,.33566433,.15044248,.10619469,.31877729,.2699115,.14449541,.11504425,.14159292,0,.23893805,0,.24796748,.13716814,.2079646
454,Malawi,MWI,0,0,0,.25490198,0,0,.19117647,.10294118,.20183486,.21105528,.13725491,.20642202,0,0,.11764706,.31756756,0,0,.34803921,.36296296,0,0,.1127451,.20338982,.17647059,0,0,.23106061,.14733543,.18627451,.18564357,.11764706,0,0,0,.2009804,.21078432,0,0,.23529412,.2304038,.16666667,.26433122,.14215687,0,.14215687,.24509804,.2,.41338584,0,.21973094,.16666667,.16993465,0,.17675544,.21568628,0,0,0,0,.29249012,0,.30882353,0,.19661017,.21078432,.37651822,0,.22336769,.27888447,.16614421,.16666667,.12745099,0,.10784314,.17699115,.18082789,.15196079,.12745099,0,.10784314,.23529412,.12745099,.10784314,.16455697,0,.10294118,.24170616,0,0,.21078432,.4778761,0,.18627451,.20588236,.22058824,.2009804,0,.20779221,.29411766,0,.10784314,.12745099,.12745099,0,0,.16666667,0,.18137255,0,0,0,.16176471,.20544554,.2009804,.15196079,.25,0,.15686275,.20975609,.15686275,.16666667,0,.29722223,.18137255,.26492536,.15196079,.1127451,0,0,.29918033,.26960784,.14089347,0,.30212766,0,.15196079,0,0,.32352942,0,.26978418,.2857143,.17869416,0,.12254902,0,.14705883,.21862349,0,.12254902,.18137255,.17156863,.24475524,.16666667,0,.29694322,.27450982,.11009175,0,.12254902,0,.20588236,0,.26016259,0,.20588236
458,Malaysia,MYS,0,0,0,.23841059,0,.17171717,0,.14,0,0,.10679612,0,0,0,.30303031,.15202703,.1010101,0,.17127071,.12592593,0,0,.1010101,0,0,0,0,0,0,0,.18811882,0,0,0,0,.11656442,.13513513,0,0,.18857142,0,0,0,.30303031,0,0,.24516129,0,.13385826,0,0,.28282827,0,0,0,0,0,0,0,0,.15810277,0,.1978022,.11111111,.26440677,.24193548,.1659919,.26262626,0,.19521913,.16614421,0,0,0,0,0,0,.23232323,0,0,0,0,.11926606,.34343433,.12658228,0,.26262626,.1563981,0,0,.31690142,.15929204,.18627451,0,.2647059,.20967741,.264,.15151516,.14285715,.22885571,0,.15151516,.3131313,.24242425,0,0,.34862384,.15151516,.1392405,0,0,0,.13,0,0,.23622048,0,.1010101,.36134455,.17560975,.15853658,.24647887,0,0,.1576087,.1716418,0,.18181819,0,0,.18032786,0,.13402061,0,.12340426,0,0,0,0,.21578947,0,0,.11111111,0,0,.22222222,0,.13131313,.21862349,0,.18181819,0,.34862384,.16433567,0,0,0,0,0,0,0,0,.25949368,0,0,0,0
462,Maldives,MDV,0,0,0,.36423841,0,.125,.14594595,.14705883,.12385321,0,.14705883,0,0,0,.2647059,.24324325,0,.10294118,.27624309,.12592593,.11764706,0,.11764706,.10169491,0,0,0,0,0,.22929937,.1980198,0,0,0,0,.17791411,.2972973,0,0,.21714285,0,0,0,.32352942,0,.14705883,.30967742,.1425,.17322835,0,0,.33088234,0,0,0,.1474359,0,0,.11029412,0,.24505928,0,.26373628,.13970588,.17966102,.31617647,.1902834,.24264705,.16838488,.2310757,.21003135,0,.19852941,0,0,.19026549,.10021786,.27941176,.20588236,0,.11029412,.23668639,.15441176,.21323529,.13080169,0,.20588236,.27014217,0,0,.33802816,.23893805,.20588236,.2647059,0,.28676471,.375,.14705883,.23809524,.29850745,0,.13970588,.33823529,.18382353,0,0,.2647059,.13235295,.16455697,0,.10294118,0,.20588236,0,.10714286,.29411766,.13942307,.10294118,.33823529,.2,.2987805,.32394367,0,.16944444,.21195652,.25,0,.16176471,0,0,.26639345,0,0,0,.22553192,0,.22058824,0,0,.24210526,0,.11510792,.11111111,0,0,.25,0,.17647059,.25101215,.16176471,.13970588,0,.44117647,.27622378,.20588236,0,.13100436,.1734104,0,.11764706,0,0,.38607594,0,.12601626,0,.16911764
466,Mali,MLI,0,0,0,.22516556,0,.10483871,.22702703,.16935484,.16513762,0,.19354838,.11238532,.12096774,0,.17741935,.25,0,0,.28729281,.19259259,.12096774,0,.12903225,.14406779,.15322581,0,0,0,0,.19108281,.14108911,0,0,0,0,.19018404,.24324325,.11290322,0,.23428571,.11876485,0,.1178344,.24193548,0,.12096774,.22580644,.1575,.15748031,0,0,.25806451,.10675381,0,0,.21794872,0,0,0,0,.20553359,0,.30219781,.12903225,.12881356,0,.22267206,.15322581,.19243987,.15537849,.14420062,.12582782,.19354838,0,0,.10619469,.11328976,.24193548,.22580644,0,.12096774,.19526628,.33870968,.15322581,0,0,.16935484,.23696682,0,0,.23943663,.23893805,.22058824,.20967741,.28676471,0,.23999999,0,.17748918,.26865673,0,0,.20967741,.16129032,0,0,.21774194,.14516129,.10759494,0,0,0,.26612905,.12623763,0,.24409449,.15384616,0,.23387097,.18536586,.14634146,.19014084,0,.14166667,.11413044,.17537314,.2016129,0,0,0,.20081967,0,0,0,.23404256,.12903225,.12598425,0,0,.24210526,0,.16906475,.14285715,0,0,.21774194,0,.17741935,.17408907,.23387097,.12096774,.12903225,.22580644,.22727273,.23387097,.12903225,.20960699,.20809248,0,.20967741,.14516129,0,.25316456,0,.15853658,.19354838,.2
470,Malta,MLT,0,.112,0,.29801324,0,.14399999,.11351351,0,.10091743,0,.104,0,.16,.12,.264,.1858108,0,0,.1878453,.10740741,.104,0,.13600001,.11016949,0,0,0,0,0,.18471338,.20792079,.168,.152,0,0,.17791411,.26351351,0,0,.14857143,0,0,0,.28799999,0,.152,.32903227,0,.17322835,0,0,.31200001,0,0,0,.1025641,.152,0,.16,0,.19762845,0,.26373628,.16,.21694915,.336,.16194332,.296,.11340206,.2430279,.22884013,0,.112,0,0,.15486726,0,.264,.12800001,0,0,.25443786,.152,.23999999,.1392405,0,.22400001,.18957347,0,0,.42957747,.18141593,.2009804,.264,.375,.23999999,0,.14399999,.16017316,.23383084,.12800001,0,.41600001,.13600001,.176,0,.40000001,.2,.1329114,0,.12800001,0,.248,0,0,.36220473,.13942307,.14399999,.42399999,.2,.27439025,.29577464,0,.12777779,.19565217,.19776119,.152,.176,0,0,.19672132,0,.12714776,0,.18297872,.16,.21259843,0,0,.25263157,0,.10791367,0,0,0,.25600001,0,.248,.19433199,.176,.176,0,.27200001,.21328671,.352,0,.10043668,.15028901,0,.176,0,0,.39873418,0,0,.208,0
478,Mauritania,MRT,0,0,0,.13245033,0,0,0,0,0,0,0,0,0,0,.26086956,0,.10204082,0,0,0,0,0,0,0,0,.24137931,0,0,0,0,0,0,0,0,0,0,0,0,0,0,0,0,0,.1632653,0,0,0,0,0,0,0,.2631579,0,0,0,0,0,.16129032,0,0,0,.1724138,0,.17307693,0,.15322581,0,.19444445,0,0,0,0,0,0,.11864407,0,0,.16867469,0,0,0,0,0,.31999999,0,0,.26923078,0,0,0,.13380282,0,0,.15151516,.14705883,0,.14399999,0,0,0,0,0,.19354838,.1388889,0,.1724138,.1559633,.23809524,0,.10344828,0,0,.11,0,0,.10236221,0,.25806451,.15126051,0,0,.11267605,.13333334,0,0,0,0,.17105263,0,0,0,0,0,0,0,0,0,0,0,0,.13333334,0,0,0,.13513513,.16438356,0,0,0,0,.11428571,0,.16513762,0,0,0,0,0,0,0,0,0,.12025317,.13793103,0,0,0
480,Mauritius,MUS,0,0,0,.21212122,0,0,.13852814,0,.16883117,.18844222,0,.18348624,0,0,.11688311,.24324325,0,0,.19480519,.24074075,0,0,0,.16949153,.12987013,0,0,.23484848,.12225705,.17316018,.29950494,0,0,0,0,.1991342,.22077923,0,0,.18181819,.20190024,.15891473,.20063694,.2034632,0,.10822511,.19480519,.2325,.25590551,0,.18181819,.12987013,.16122004,0,.15738499,.12987013,0,0,0,0,.25296444,0,.27272728,0,.28813559,.22510822,.21862349,.13419913,.30584192,.26294822,.18181819,.11255411,.1038961,0,0,.25108224,.19825707,.13419913,.12554112,.2086331,.1038961,.17316018,.15151516,0,.20253165,0,0,.22077923,0,0,.18614718,.23809524,.20779221,.14285715,.23809524,.17748918,.16017316,0,0,.24242425,0,.11255411,.13852814,0,0,0,.12987013,0,.22077923,0,0,0,.14718615,.16584158,.11255411,.16017316,.16017316,0,.16450216,.2857143,.23376623,.23376623,0,.29444444,.16883117,.30223879,0,0,0,0,.29098362,0,.24398625,0,.22978723,0,.11255411,.14718615,0,.25108224,0,.22302158,.24761905,.18900344,0,.12554112,0,.11255411,.32388663,0,0,0,.21212122,.30069929,.1038961,0,.18614718,.13852814,.18119267,.12987013,.11688311,0,.22077923,0,.18699187,.11255411,.12987013
484,Mexico,MEX,0,0,0,.27860695,0,0,.18905473,.11442786,.19724771,.18592964,.10945274,.19724771,0,0,.15422885,.34797296,0,0,.33830845,.25925925,0,0,0,.17372881,0,0,0,.18939394,.12225705,.1840796,.23267327,0,0,0,0,.18905473,.1840796,0,0,.25373134,.2304038,.13372093,.17197452,.19900498,0,.11442786,.25870648,.25749999,.22047244,0,.15695067,.19402985,.15686275,0,.15012106,.17412935,0,0,0,0,.38735178,0,.32338309,0,.23389831,.2238806,.33603239,.12935324,.26460481,.23505977,.24764891,.11442786,.14925373,0,0,.21238938,.20915033,.17412935,.2238806,0,.13432837,.24875621,.17910448,.1442786,.21097046,0,.11940298,.31753555,0,0,.23880596,.30530974,.29411766,.22885571,.29850745,.26865673,.23383084,0,.24242425,0,0,.10447761,.17910448,.13930348,0,0,.19900498,.10447761,.1442786,0,0,0,.15422885,.15841584,.12935324,.17910448,.1923077,0,.24875621,.23414634,.26368159,.17910448,0,.24444444,.28358209,.3097015,.10447761,.11442786,0,0,.34836066,.1442786,.18213059,0,.36595744,0,.15422885,0,0,.3283582,0,.26258993,.24444444,.1305842,0,.14925373,0,.14925373,.25506073,.14925373,.13930348,0,.2039801,.38811189,.12935324,0,.23580787,.24378109,.11009175,.16915423,0,0,.26368159,0,.21138212,.10447761,.1840796
490,"Other Asia, nes",S19,0,.21818182,0,0,0,0,0,0,0,0,0,0,.2631579,.38636363,0,0,0,0,0,0,0,0,.14285715,0,0,0,.15909091,0,0,0,0,.21666667,.25,0,0,0,0,0,0,0,0,0,0,0,0,0,.12258065,0,0,.15909091,0,0,0,0,0,0,.20754717,.15909091,.16666667,0,0,0,0,0,0,0,0,.11111111,0,0,0,0,0,0,0,0,0,0,0,0,0,.11242604,.10091743,0,0,0,0,0,0,0,0,0,0,0,0,0,.12800001,0,0,0,0,0,.13978495,0,.21666667,0,0,.15909091,0,0,.2631579,.25,.14,0,0,.11023622,0,0,.11764706,0,0,0,0,0,0,0,0,0,0,0,0,0,0,0,0,.34,.18110237,0,0,0,.11363637,0,0,0,0,.16438356,.18181819,.13265306,0,.12857144,0,0,0,0,.1724138,.18333334,0,0,0,0,0,0,0,0,0,.14285715,.14399999
496,Mongolia,MNG,0,0,0,.13907285,0,.10126583,0,0,0,0,.10679612,0,0,0,.15189873,0,.12658228,.12037037,0,0,0,0,0,0,.16504854,0,0,0,0,0,0,0,0,0,0,0,.16216215,0,0,.14285715,0,0,0,.15306123,0,0,0,0,0,0,0,.15189873,0,0,0,0,0,0,0,0,0,0,0,.11392405,.10508475,0,.11336032,.11392405,0,0,0,0,0,0,0,.11061947,0,.10843374,0,0,0,0,0,.11392405,0,0,.11392405,.10900474,0,0,.12676056,0,.10784314,.15151516,.13970588,0,0,0,.11255411,.10447761,0,0,.11827957,.12658228,0,0,.1559633,0,.10126583,0,0,0,0,0,0,.11023622,0,0,0,.11707317,0,.1056338,0,0,0,0,0,.11392405,.11392405,0,0,0,0,0,.10212766,0,0,0,0,0,0,.10071942,0,0,0,.10126583,0,0,0,0,0,0,.1559633,0,0,0,0,0,0,0,0,0,.10126583,0,0,0,0
498,Rep. of Moldova,MDA,0,.13978495,0,.30463576,0,.17204301,.12432432,0,.10091743,0,0,0,.12903225,.10752688,.36559141,.16216215,0,0,.18232045,0,.12903225,0,.1827957,0,0,0,0,0,0,.15286624,.15841584,.1827957,.12903225,0,0,0,.20945945,0,0,.14285715,0,0,0,.33673468,0,.16129032,.27096775,0,.1496063,0,0,.39784947,0,.10752688,0,.14102565,.1827957,.10752688,.19354838,0,.13833992,0,.21428572,.22580644,.13898306,.29838711,.13360325,.32258064,.12714776,.23904383,.16300941,0,.13978495,0,.10752688,0,0,.30107528,.11504425,0,0,.18343195,.13761468,.39784947,0,0,.32258064,.13744076,0,0,.31690142,.18141593,.12745099,.3131313,.33823529,.20967741,.41600001,.19354838,.13852814,.17910448,.13978495,.11827957,0,.24731183,.15053764,0,.32110092,.21505377,.1392405,0,0,.13978495,.28999999,0,0,.32283464,.11538462,.16129032,.37815127,.15609756,.18902439,.28873238,0,.10277778,.15217391,.16044776,.17204301,.24731183,0,0,.18442623,0,0,0,.14893617,.13978495,.16535433,0,.13978495,.21578947,.10752688,0,0,0,0,.29032257,0,.21428572,.21052632,.15053764,.12903225,0,.32110092,.17132868,.28448275,.11827957,0,0,0,.11827957,0,0,.37341774,0,0,.14285715,.184
504,Morocco,MAR,0,.11111111,0,.23841059,0,.20833333,.1027027,.18000001,.13761468,0,.13592233,0,.125,0,.2638889,.11824324,.15277778,0,.1436464,0,0,0,.17857143,0,0,0,0,0,0,0,0,0,0,0,0,0,0,0,0,.13714285,0,0,0,.1632653,0,0,.13548388,0,.11417323,0,0,.28947368,0,0,0,.12820514,0,0,0,0,0,.125,.11538462,.15277778,.10169491,.15322581,0,0,0,.11155379,0,0,0,0,.19444445,0,0,.12048193,0,0,.20952381,0,.16513762,.2638889,0,0,.22222222,.11374407,0,0,.14084508,.15044248,.12745099,.24242425,.18382353,.16129032,.13600001,.1388889,0,.13930348,0,.12658228,.24731183,0,.1388889,0,.19266056,.15277778,0,0,0,0,.19,0,0,.17322835,.13461539,0,.20168068,0,.14634146,.15492958,.11111111,0,.11413044,0,.14117648,.15789473,0,0,.12295082,.10382514,0,0,.10212766,.125,0,0,0,.11052632,0,0,0,0,0,.15068494,0,.1122449,0,.15277778,.2638889,0,.17431192,.1013986,.13793103,.1388889,0,.16763006,0,.10344828,0,0,.1392405,0,.1097561,.12380952,.112
508,Mozambique,MOZ,0,0,0,.10596026,0,.17142858,0,0,0,0,0,0,.2,.16666667,.14492753,0,0,0,0,0,.13333334,0,.16666667,0,0,0,0,0,0,0,0,0,.15000001,0,.15000001,0,0,.15000001,0,0,0,0,0,.1122449,0,0,.11612903,0,0,0,0,.15789473,0,0,0,0,.21666667,.16666667,.18333334,0,0,.11666667,0,.23333333,0,.13709678,0,0,0,.11155379,0,0,0,0,.18333334,0,0,0,0,0,0,.10650887,0,.11666667,0,0,.13333334,0,0,0,.14788732,0,0,0,0,0,.176,0,0,0,.21666667,0,.15053764,.1388889,0,.11666667,.10091743,.18333334,0,0,.16666667,.13333334,.17,0,0,.11023622,0,0,.10084034,0,0,.11971831,.2,0,.11413044,0,.14117648,.15789473,0,0,0,0,0,0,0,.21666667,.14173229,0,.15000001,0,.15000001,0,0,0,0,.10958904,0,.17346939,0,.11428571,0,0,0,0,.23275863,0,0,0,0,0,0,0,.12025317,.13333334,0,.13333334,.16
512,Oman,OMN,0,0,0,0,0,0,0,0,0,0,0,0,0,0,0,0,0,0,0,0,0,0,0,0,0,0,0,0,0,0,0,0,0,0,.11111111,0,0,0,0,0,0,0,0,0,0,0,0,0,0,0,0,0,0,0,0,0,0,.22580644,.11111111,0,0,.44999999,0,0,0,0,0,0,0,0,0,0,0,0,.11864407,0,0,0,0,0,0,0,0,0,0,0,0,0,0,0,0,0,0,0,0,0,0,.1724138,0,0,0,0,0,0,.11666667,0,0,0,0,.35294119,0,0,0,0,0,0,0,.19354838,0,0,0,0,.2,0,0,0,0,0,.10869565,.11764706,0,0,0,0,0,0,0,0,.11111111,0,.16666667,0,0,0,.1891892,0,.13333334,0,0,0,0,0,0,0,0,.11666667,0,0,0,0,0,0,0,.36842105,0,0,0
524,Nepal,NPL,0,0,0,.23841059,0,.14678898,0,.1559633,0,0,0,0,.14678898,0,.29357797,.1554054,.10091743,.10091743,.14917128,.12962963,0,0,.12844037,0,.11009175,.11009175,0,0,0,0,.16584158,.11926606,0,0,0,.14723927,.23648648,0,0,.14857143,0,0,0,.30275229,0,.12844037,.22580644,0,.16141732,0,0,.30275229,0,0,0,.12179487,.11926606,0,0,0,.17391305,0,.22527473,.14678898,.23389831,.28225806,.15789473,.27522936,.11340206,.19521913,.16614421,0,0,0,0,.12831858,.10457516,.22935779,.16814159,0,0,.15384616,0,.26605505,.14767933,0,.23853211,.17061612,0,0,.3309859,.17256637,.16666667,.34862384,.2647059,.21774194,.40000001,.1559633,.12987013,.19900498,0,.1559633,.32110092,.19266056,.10091743,0,0,.17431192,.1329114,0,0,0,.21100917,0,0,.2992126,0,.11009175,.35294119,.18536586,.21341464,.28873238,0,.10555556,.13043478,.16044776,.13761468,.16513762,0,0,.14754099,0,.11683849,0,.14468086,.11009175,.1496063,0,0,.24210526,0,0,0,0,0,.22018349,0,.19266056,.21862349,.1559633,.11926606,0,0,.2062937,.22413793,0,0,.12716763,0,.11926606,0,0,.24050634,0,0,.21100917,.168
528,Netherlands,NLD,0,0,0,.12582782,0,.12857144,0,0,0,0,0,0,.14035088,.11627907,.27536231,0,.18367347,0,0,0,.10869565,0,.16666667,0,0,.11904762,0,0,0,0,0,.16666667,.11904762,0,0,0,.11486486,0,0,0,0,0,0,.17346939,0,0,.16774194,0,0,.14285715,0,.22368421,0,0,0,0,.11320755,0,.16666667,0,0,0,.14285715,.1923077,0,.16129032,0,.22222222,0,.11155379,.10344828,0,0,0,0,0,0,.19277108,0,0,0,.10059172,.13761468,.30000001,0,0,.25,0,0,0,.16901408,0,0,.15151516,.13235295,.14516129,.2,.23809524,0,.10447761,.15909091,0,.21505377,.15277778,.18333334,0,.17431192,0,0,0,.14035088,0,.18000001,0,0,.15748031,0,.14285715,.2184874,.10243902,0,.11971831,.14285715,0,0,0,.14117648,.14473684,0,0,.10245901,0,0,0,0,.22,0,0,0,.1368421,0,0,0,0,0,.26027396,0,.14285715,0,.11428571,.12857144,0,.1559633,.10489511,.18103448,.16666667,0,0,0,0,0,0,.16455697,0,0,.11428571,.16
530,Netherlands Antilles (...2010),ANT,0,0,0,.20253165,0,0,0,0,0,.1080402,0,.11697248,0,0,0,.125,0,0,.17679559,.16666667,0,0,.12658228,.15677966,0,0,0,.11742424,0,.12658228,.18811882,.12025317,0,0,0,.12883435,.21518987,0,0,.13714285,.13776723,0,.1178344,.12658228,0,.12658228,.12025317,0,.16141732,0,0,.12025317,0,0,.10411622,.11392405,.10126583,0,0,0,.11067194,0,.15934066,0,.23728813,.18987341,.1659919,0,.17869416,.30677292,.13479623,.12025317,0,0,0,.13274336,0,0,.12658228,.19064748,0,.13609467,0,.11392405,.19409283,0,0,.1042654,0,0,.22151899,.18141593,.18137255,.1392405,.16455697,.10759494,.1329114,0,.22077923,.1442786,0,.10126583,.1392405,0,0,0,.1329114,0,0,0,0,0,.11392405,.11633664,.125,.1329114,.10096154,0,.11392405,.2,.19512194,.34810126,0,.13611111,.19565217,.16044776,.1329114,0,0,0,.15983607,0,.21649484,0,.14468086,0,.10126583,.36875001,0,.15789473,0,.13669065,.12380952,0,0,0,0,0,.31174091,0,0,0,.15822785,.11188811,.10759494,0,.10043668,0,.10550459,0,0,0,0,0,.10162602,.12025317,.1392405
533,Aruba,ABW,0,0,0,0,0,0,0,0,0,0,0,0,0,0,0,0,0,0,0,0,0,0,0,0,0,0,0,0,0,0,0,0,0,0,.11111111,0,0,0,0,0,0,0,0,0,0,0,0,0,0,0,0,0,0,0,0,0,0,.16129032,.12962963,0,0,.25,0,0,0,0,0,0,0,0,0,0,0,0,0,0,0,0,0,0,0,0,0,0,0,0,0,0,0,0,0,0,0,0,0,0,0,.10344828,0,0,0,0,0,0,0,.35294119,0,0,0,0,0,0,0,0,0,0,0,.12903225,0,0,0,0,.13333334,0,0,0,0,0,0,0,0,0,0,0,0,0,0,0,0,0,.13333334,0,0,0,.10810811,0,0,0,0,0,0,0,0,0,0,0,0,0,0,0,0,0,0,.21052632,0,0,0
540,New Caledonia,NCL,0,.15789473,0,0,0,0,0,0,0,0,0,0,0,.24561404,0,0,.10526316,0,0,0,.10526316,0,.13095239,0,0,0,0,0,0,0,0,.15000001,.19298245,0,0,0,0,0,0,.10857143,0,0,0,0,.10526316,0,.14838709,0,0,.19298245,0,0,0,0,0,0,.12280702,0,.19298245,0,0,0,0,0,0,0,0,0,0,0,0,0,.14130434,0,0,0,0,0,.13274336,0,0,.18343195,.11009175,0,0,0,0,0,0,0,0,0,0,0,.10294118,0,.12800001,0,0,0,.2631579,0,0,0,.16666667,0,0,.14035088,0,0,0,.19298245,.15000001,0,0,.11023622,0,0,.13445379,0,.11585366,0,0,0,0,0,.11764706,0,0,0,0,0,0,0,0,.2631579,.1496063,0,0,0,0,0,0,0,0,.21917808,.14035088,.24489796,0,.17142858,.12857144,.1125,0,0,.23275863,.18333334,0,0,0,.11494253,0,.10606061,0,0,0,0,.13600001
554,New Zealand,NZL,.12121212,.12727273,0,0,0,0,0,0,0,0,0,0,.21052632,.18604651,0,0,0,0,0,0,0,0,.11904762,0,0,0,0,0,0,0,0,.25,.34146342,.24242425,.24242425,0,0,0,0,0,0,0,0,0,.15151516,.11392405,0,0,0,.30303031,0,0,0,.21212122,0,0,.26415095,.18181819,0,.12121212,0,0,0,.13461539,0,0,0,0,0,0,0,0,0,0,0,0,0,0,0,0,0,0,0,0,0,0,0,0,.15151516,.12121212,0,0,0,0,0,0,0,0,0,0,.25,0,.13978495,0,.13333334,0,0,0,0,0,.19298245,0,0,0,0,0,0,.12121212,0,0,0,0,.21212122,0,0,0,0,0,0,.15151516,0,0,0,.15151516,0,.18000001,0,0,.12962963,0,0,0,0,0,0,.12328767,.15151516,.1122449,0,0,0,0,0,0,.11206897,.13333334,0,0,0,0,0,0,0,.15151516,0,0,0
558,Nicaragua,NIC,0,0,0,.18543047,0,.11,.17297298,0,.16972478,0,0,0,.19,.12,.19,.12837838,0,0,.13259669,.11481482,.15000001,0,.22,.12288135,.14563107,0,0,.125,0,.14012739,0,.18000001,.14,0,0,.17791411,.28378379,.13,0,.17142858,0,0,0,.31,0,.23,.23225807,0,.15748031,0,0,.25,0,0,0,.12179487,.13,.12,.14,0,.16996047,0,.23076923,.2,0,.32258064,.12955466,.2,.12027492,.17131475,.12852664,0,.17,0,0,0,0,.31,.14159292,0,.11428571,.22485207,.18348624,.15000001,0,0,.17,.17061612,0,0,.18309858,.17699115,.16176471,.13,.20588236,.26612905,.248,.11,.14718615,.15422885,.14,0,.28999999,.19,.17,0,.21100917,.18000001,.11392405,0,.15000001,0,0,.11881188,0,.22047244,.15384616,0,.22689076,.20487805,.17682926,.1971831,0,.11666667,0,.14925373,.23999999,.15000001,0,0,.12295082,0,0,0,.11489362,.16,.16535433,0,0,.24736843,.11,.10431655,0,0,0,.2,0,.25999999,.13360325,.16,.11,.15000001,.18348624,.13286713,.31034482,.18000001,.13100436,.18497109,0,.16,.18095239,0,.18987341,0,.1300813,.22857143,.23999999
562,Niger,NER,0,0,0,0,0,0,.22029702,0,.22524753,.34158415,.10148515,.54587156,0,0,0,.26732674,0,.10148515,.12623763,.27475247,0,0,0,.21287128,.11881188,0,0,.28217822,.28217822,.14356436,0,0,0,0,0,.15841584,.17079207,0,0,.15841584,.30641329,.42829457,.39356434,0,0,0,.11386139,.37623763,.23762377,0,.24257426,0,.44880176,0,.39709443,.11386139,0,0,0,0,.23267327,0,.21534653,0,.12128713,.10396039,.24009901,0,.2970297,.16089109,.23019803,.19306931,0,0,0,.24504951,.30501089,0,.1509901,.19554456,0,.17326732,0,0,.14851485,0,0,.2029703,0,0,0,.24752475,.20544554,0,0,.12623763,0,0,.16584158,.15841584,0,0,0,0,0,0,0,0,.11633664,0,0,0,.11881188,0,.16584158,0,.25990099,0,0,.15346535,.14108911,0,0,.34405941,.11138614,.19554456,0,0,0,0,.16831683,.15594059,.15594059,0,.21534653,0,.14356436,.13118812,0,.21287128,0,.28217822,.28960395,.25495049,0,0,0,0,.15594059,0,0,.10643564,0,.20049505,.10396039,0,.22029702,.21287128,.43119267,0,.12128713,0,0,0,.21782178,.11633664,.12128713
566,Nigeria,NGA,0,0,0,.125,0,0,.14594595,0,.17889908,.16834171,.11904762,.15137614,0,0,0,.17905405,0,.16071428,.13259669,.15555556,0,0,0,.1779661,0,0,0,.26893941,.13166144,.19047619,.10643564,0,0,0,0,.125,.125,0,0,.14857143,.15201901,.14534883,.18471338,0,0,0,.125,.14749999,.21259843,0,.28699553,0,.14379086,0,.15012106,.16666667,0,0,0,0,.1541502,0,0,0,0,0,.1659919,0,.11683849,.16334662,0,0,.10714286,0,.16666667,.13274336,.10239651,0,.11309524,0,.11309524,.15384616,0,0,.14767933,0,0,0,0,0,0,.15929204,.2009804,0,.10714286,0,0,0,.11255411,.12935324,0,0,0,0,0,0,0,0,.125,0,0,0,0,.16584158,0,0,.23076923,0,0,.12195122,.16666667,0,0,.2,.125,.13432837,0,0,.13095239,0,.20081967,.3114754,0,0,.17021276,0,.16071428,.14880952,0,0,0,.20503597,.16190477,.26460481,0,0,0,0,0,0,0,.11309524,0,.10489511,.11309524,0,.23580787,.15606937,.15137614,0,.17857143,0,0,0,.26016259,0,.125
579,Norway,NOR,0,.12598425,0,.25827813,0,.15748031,.12972973,.12598425,.12844037,0,.10236221,0,0,.11811024,.29133859,.16216215,0,0,.14917128,.12592593,0,0,.15748031,.11016949,0,0,0,0,0,0,.19554456,.11023622,0,0,0,.1595092,.22972973,0,0,.18857142,0,0,.11146497,.26771653,0,0,.32258064,0,.13385826,0,0,.24409449,0,0,0,.13461539,0,0,0,0,.19367589,0,.27472529,0,.2,.32283464,.14574899,.29133859,.12714776,.23505977,.2539185,.1192053,.16535433,0,0,.1460177,.10675381,.18897638,.15748031,0,0,.24852072,.15748031,.20472442,.13502109,0,.22834645,.25592417,0,0,.34507042,.17699115,.15196079,.23622048,.29411766,.24409449,.36220473,.10236221,.16017316,.17910448,.11023622,.11023622,.32283464,.17322835,.11023622,0,.2992126,.15748031,.1329114,0,.11023622,0,.22047244,0,0,0,.16826923,0,.40944883,.2,.17682926,.28873238,0,.13611111,.14673913,.18283582,.17322835,.13385826,0,0,.18442623,0,.12714776,0,.1574468,.11811024,0,0,0,.2736842,0,.12589929,.12063492,0,0,.22047244,0,.18897638,.20242915,0,.11811024,.12598425,.30708662,.23426573,.27559054,0,.11790393,.1734104,0,.11023622,0,0,.32911393,0,0,.17322835,.22047244
586,Pakistan,PAK,0,0,0,.16826923,0,0,.32692307,0,.39449543,.18090452,.14423077,.19954129,0,0,0,.2331081,0,0,.22115384,.21111111,0,0,0,.23305085,.13942307,0,0,.28787878,.16614421,.27403846,.12128713,0,0,0,0,.15384616,.24038461,0,0,.17307693,.18052256,.16085272,.3121019,0,0,.14423077,.15384616,.22750001,.2519685,0,.25560537,.11057692,.19607843,0,.18159807,.14903846,0,0,0,0,.26877472,0,.22596154,0,.12542373,.125,.21862349,0,.23024055,.17131475,.13793103,.23557693,.1201923,0,.16346154,.18141593,.16122004,0,.13942307,0,.10096154,.26923078,.15865384,0,.13502109,0,0,.28909951,0,0,0,.28318584,.25,0,.13942307,.15384616,.13942307,0,.16017316,.1923077,0,0,.11538462,.13461539,0,0,0,0,.10096154,0,0,0,.15384616,.25990099,.23076923,.16826923,0,0,.11057692,.20673077,.21153846,0,0,.26111111,.13942307,.21268657,.10096154,0,0,0,.15163934,.15384616,.10996564,0,.22978723,0,.17788461,0,0,.23557693,0,.2086331,.1936508,.25429553,0,0,0,.11057692,.17004049,0,.10096154,.11057692,0,.18181819,.14903846,.11538462,.20087336,.3125,.17889908,0,.1298077,0,.15384616,0,.27235773,.14423077,.15865384
591,Panama,PAN,0,0,0,0,0,.17142858,0,0,0,0,0,0,0,0,.14492753,0,.14285715,0,0,0,.13043478,0,0,0,0,.19354838,0,0,0,0,0,0,.14634146,0,.19354838,0,0,0,.11428571,0,0,0,0,.1122449,0,0,0,0,0,0,0,.17105263,0,0,0,0,0,0,.12962963,0,0,.19354838,0,.1923077,0,0,0,.11111111,0,0,0,0,0,0,.11864407,0,0,.14457831,0,0,0,0,0,.2,0,.12903225,.15384616,0,0,0,0,0,0,.1010101,.10294118,0,.14399999,.25806451,0,0,0,0,.16129032,0,0,.19354838,.11009175,.14285715,0,.12903225,0,.12121212,0,0,0,0,0,0,.11764706,0,0,0,.12903225,0,0,0,0,0,.15217391,.22580644,0,0,0,.12903225,0,0,0,0,.12962963,0,.16129032,0,0,0,.24324325,.12328767,0,0,0,0,0,0,.10091743,0,0,0,0,0,0,0,0,0,.10126583,.22580644,0,0,0
598,Papua New Guinea,PNG,0,.16806723,0,.29801324,0,.16806723,.14594595,.12605043,.1146789,0,.14285715,0,.15126051,0,.36974791,.1858108,0,0,.17127071,.12222222,0,0,.18487395,.11016949,0,0,0,0,0,0,.21039604,.11764706,.10084034,0,0,.17791411,.23648648,0,0,.14857143,0,0,0,.31092438,0,.1092437,.44516128,0,.15748031,0,0,.3277311,0,0,0,0,0,0,.1092437,0,.22529644,0,.27472529,.11764706,.24067797,.33064517,.15789473,.31932774,.12714776,.23904383,.27586207,0,.17647059,0,0,.12831858,.11111111,.2184874,.11764706,0,0,.21893491,.20168068,.26890758,.16877638,0,.26050422,.20379147,0,0,.3943662,.2079646,.15686275,.36134455,.33823529,.23387097,.42399999,.15126051,.16450216,.24875621,.11764706,0,.37815127,.20168068,.10084034,0,.35294119,.2184874,.11392405,0,.13445379,0,.22689076,0,0,.40944883,.11057692,.11764706,0,.22439024,.21341464,.26760563,0,.10833333,.19565217,.22014925,.15966387,.19327731,0,0,.22540984,0,.14432989,0,.14042553,.15126051,.18110237,0,.11764706,.30526316,0,0,.11111111,0,0,.36974791,0,.24369748,.2388664,.17647059,.23529412,0,.41176471,.26573426,.26890758,0,0,.15028901,0,.2184874,0,0,.3607595,0,0,.15126051,.22400001
600,Paraguay,PRY,0,0,0,.20487805,0,.11219512,.17073171,0,.19266056,.11809045,0,.12614679,0,0,.15121952,.20945945,0,.15121952,.18048781,.2,0,0,0,.19491525,.13170731,0,0,.13257575,.13479623,.10731708,.28465346,0,0,0,0,.28292683,.27804878,0,0,.24390244,.16627078,.10465116,.20063694,.17560975,0,.10731708,.1902439,.1725,.19685039,0,0,.13658537,.13725491,0,.12832929,.14146341,0,0,0,0,.22529644,0,.30731708,0,.33898306,.2292683,.22267206,.16097561,.18556701,.33466136,.26959246,.14634146,0,0,0,.18584071,.19389978,.1902439,.13658537,.10431655,0,.21951219,0,.11219512,.23206751,0,.11219512,.30331755,0,0,.2682927,.25663716,.20975609,.17560975,.2,.18536586,.2,0,.2857143,.23414634,0,.11707317,.15609756,0,0,0,.18536586,.10243902,.2,0,0,0,.20487805,.15346535,.12195122,.2,.20673077,0,.22439024,0,.20975609,.2,0,.2,.20975609,.26865673,.10731708,.12682927,0,0,.25409836,.11707317,.24398625,0,.18723404,0,.16585366,.17560975,0,.36097562,0,.15467626,.15238096,.10996564,0,.12682927,0,.13658537,.3319838,0,0,0,.1902439,.22377622,.16585366,0,.12227074,.22439024,.11009175,0,.11219512,0,.29756099,0,.13821138,.10243902,.13170731
604,Peru,PER,0,0,0,.19512194,0,0,.22702703,0,.22477064,.10050251,.12804878,.12614679,.1402439,0,0,.24324325,0,0,.18232045,.13703704,0,0,.24390244,.14406779,0,0,0,.16287878,0,.37195122,.17326732,.15243903,.10365853,0,0,.19512194,.28658536,.10365853,0,.17714286,.12351544,0,.14012739,.18292683,0,.15243903,.25,.1725,.13779527,0,.10762332,.17073171,.12200436,0,0,.15853658,.11585366,0,.11585366,0,.23715416,0,.25274727,.1097561,.15932204,.25,.15384616,.10365853,.13745704,.26294822,.21003135,0,.15853658,0,.12804878,.17256637,.12418301,.16463415,.1402439,0,.14634146,.31360948,.20121951,0,.16877638,0,.10365853,.19905214,0,0,.18292683,.18584071,.15686275,.15853658,.2987805,.14634146,.27439025,0,.23376623,.26368159,0,0,.18902439,.14634146,0,0,.21341464,0,.19512194,0,.11585366,0,.17682926,.14108911,.16666667,.17682926,.21153846,0,.21341464,.20975609,0,.20731707,0,.175,.20108695,.20522387,.12195122,.1097561,0,0,.17622951,.18032786,.10652921,0,.17021276,.1097561,.23170732,.13414635,0,.26842105,0,.10431655,.12380952,0,0,.16463415,0,.20731707,.1902834,.12804878,.15853658,.10365853,.17073171,.25874126,.23780487,.11585366,.13100436,.23121387,.10550459,.18902439,.15243903,0,.23780487,0,.199187,.20121951,.21951219
608,Philippines,PHL,0,0,0,.29801324,0,.1056338,0,0,.10091743,0,0,0,0,0,.26760563,.15878378,0,0,.18232045,0,0,0,.12676056,0,.11267605,0,0,0,0,.14649682,.22524753,.12676056,0,0,0,.1411043,.30405405,.1056338,0,.17142858,.10451306,0,.10828026,.30985916,0,.12676056,.24516129,0,.20472442,0,0,.25352111,0,0,0,.12179487,.1056338,0,0,0,.15810277,0,.21978022,.14084508,.27457628,.3028169,.14979757,.27464789,.16151203,.32270917,.16614421,0,0,0,0,.1238938,0,.17605634,0,.13309352,0,.19526628,0,.23239437,.16877638,0,.19014084,.17535545,0,0,0,.16814159,.16666667,.24647887,.32394367,.19014084,.29577464,.11267605,.23376623,.17910448,0,.1056338,.28873238,.15492958,.11971831,0,.28873238,.11971831,.34810126,0,0,0,.1971831,0,0,.28873238,0,0,.26760563,.2,.20731707,0,0,.14444445,.20108695,.22014925,.1056338,.11971831,0,0,.2090164,0,.20274915,0,.14893617,0,.13380282,.19374999,0,.21578947,0,0,.11746032,0,0,.14788732,0,.13380282,.34412956,0,0,0,.34507042,.16083916,.16197184,0,.1048035,.11560693,0,0,0,0,.39240506,0,.12195122,0,.13380282
616,Poland,POL,0,0,0,0,0,.11428571,0,0,0,0,0,0,.14035088,0,0,0,0,0,0,0,.10869565,0,0,0,0,0,0,0,0,0,0,.2,.24390244,.2,.23333333,0,0,0,0,0,0,0,0,0,0,.12658228,0,0,0,0,0,0,0,.16666667,0,0,.2264151,.38709676,.11111111,.16666667,0,.2,0,.15384616,0,.11290322,0,0,0,0,0,0,0,0,.11864407,0,0,0,0,0,0,0,0,0,0,0,0,0,0,0,0,0,0,0,0,0,0,.13333334,0,0,0,0,0,.11111111,.2,.2,0,.14285715,0,.13333334,0,.21212122,0,0,0,0,0,.12903225,0,0,0,0,0,0,0,0,0,0,0,0,0,0,0,0,0,0,0,0,.14814815,0,0,0,0,0,.10810811,0,0,.13265306,0,0,0,0,0,0,.12931034,.15000001,0,0,0,0,0,0,0,.26666668,0,0,0
620,Portugal,PRT,0,0,0,.18888889,0,0,.18611111,0,.18611111,.38944724,0,.34862384,0,0,0,.40555555,0,0,.26111111,.37777779,0,0,0,.24722221,.12777779,0,0,.29722223,.20277777,.19722222,.35891089,0,0,0,0,.19166666,.17777778,0,0,.19444445,.4631829,.34302327,.37222221,.11388889,0,0,.18611111,.37,.36666667,0,.25,.11111111,.32461873,0,.27118644,.13611111,0,0,0,0,.30000001,0,.21111111,0,.22222222,.15000001,.33888888,0,.42500001,.26111111,.25833333,.11111111,.11388889,0,0,.18888889,.33769062,0,.125,.15277778,.10277778,.18888889,0,0,.20555556,0,0,.2361111,0,0,.14444445,.3611111,.29722223,0,.16944444,.14166667,.12777779,0,.29444444,.24444444,0,0,.10277778,0,0,0,.10555556,0,.13611111,0,0,0,.11666667,.34405941,.2,.13611111,.26111111,0,.10833333,.2,.175,.14444445,0,0,.18055555,.3361111,0,0,0,0,.39166668,.22222222,.23333333,0,.3361111,0,.12222222,0,0,.23888889,0,.41944444,.40555555,.30000001,0,0,0,0,.25555557,0,0,.10555556,.11666667,.34166667,.10555556,0,.28611112,.19444445,.25,0,.13055556,0,.17777778,0,.25277779,0,.11944444
634,Qatar,QAT,0,0,0,.20108695,0,0,.14054054,0,.15137614,.14321607,.125,.12614679,0,0,.13043478,.24324325,0,.13043478,.16304348,.19259259,0,0,0,.1779661,0,0,0,.15530303,.12225705,.14130434,.22029702,0,0,0,0,.14130434,.14130434,0,0,.16847827,.17814727,.12596899,.11464968,.10326087,0,0,.19565217,.18000001,.16535433,0,.14349777,.13586956,.11328976,0,.10411622,.13043478,0,0,0,0,.18181819,0,.15217391,0,.25084746,.14673913,.15789473,.10869565,.16494845,.23505977,.23510972,.125,0,0,0,.1238938,.18082789,0,0,.20503597,.11413044,.18478261,.11956522,.10326087,.41772151,0,0,.15165877,0,0,.21195652,.18584071,.18137255,.1576087,.21195652,.11413044,.19565217,0,.16883117,.28358209,0,0,.15217391,.11413044,.11413044,0,.13043478,0,.19565217,0,0,0,0,.11138614,.125,.14673913,.13942307,0,.19565217,.20975609,.20108695,.20108695,0,.18055555,0,.19776119,0,0,0,0,.22540984,.18478261,.28178695,0,.20425531,0,.14130434,.16847827,0,.18947369,0,.20503597,.18095239,.14432989,0,.10869565,0,.14130434,.24696356,0,0,0,.16304348,.24825175,.14673913,0,.1790393,.16304348,.11009175,.10326087,.125,0,.23913044,0,.14227642,.10869565,.11413044
642,Romania,ROU,0,0,0,.25746268,0,0,.16044776,0,.10820895,.26130652,0,.21100917,0,0,.16044776,.36486486,0,0,.26492536,.36296296,0,0,0,.25746268,0,0,0,.20895523,.18181819,.14179105,.31188118,0,0,0,0,.23134328,.19402985,0,0,.2238806,.29928741,.19573644,.24840765,.19776119,0,.10447761,.24253732,.32249999,.31716418,0,.16791044,.15671642,.21568628,0,.15496369,.1119403,0,0,0,0,.33955225,0,.29104477,0,.31864408,.22014925,.35447761,.13432837,.34707904,.36940297,.31034482,0,0,0,0,.20149253,.31808278,.1119403,0,.13669065,0,.17910448,.11567164,.13059701,.27611941,0,.1119403,.27611941,0,0,.25746268,.33582088,.26492536,.1716418,.25,.17537314,.19776119,0,.30223879,.3097015,0,0,.16044776,0,0,0,.16044776,0,.16044776,0,0,0,.14925373,.19554456,.13432837,.18283582,.21268657,0,.22014925,.26865673,.20522387,.22014925,0,.3361111,.19776119,0,0,0,0,0,.33955225,0,.31271479,0,.3097015,0,.11940298,0,0,.29477611,0,.30935252,.35238096,.19931272,0,.12686567,0,.12686567,.3097015,0,0,0,.22761194,.43006992,.12313433,0,.19029851,.19029851,.15366973,0,0,0,.23134328,0,.20149253,0,.11940298
643,Russian Federation,RUS,0,0,0,.10596026,0,0,.2,0,.14220184,0,.1262136,0,.1882353,.12941177,0,.13513513,0,0,.15469614,.10740741,.11764706,0,.27058825,.15677966,0,0,0,0,0,.11464968,0,.24705882,.11764706,0,0,0,.12162162,0,0,.13142857,0,0,0,.12244898,0,.12941177,.12903225,0,.11811024,0,0,.1882353,0,0,0,.16666667,.1882353,0,.10588235,0,0,0,.12637363,.15294118,0,.17741935,.11336032,0,.10996564,.11952192,.11598746,0,0,0,0,0,0,.10588235,.1238938,0,0,.15384616,.14678898,0,0,0,.11764706,0,0,0,.14788732,.1460177,.15196079,0,0,.2016129,.152,0,0,.10447761,0,0,.17204301,.14117648,.14117648,0,.13761468,.14117648,.1329114,0,.11764706,0,.23999999,0,0,.17322835,.10096154,0,.15966387,.10731708,.12195122,.1056338,0,0,0,0,0,.12941177,0,0,.10655738,0,0,0,.1319149,.21176471,.10236221,0,0,0,0,0,0,0,0,.17647059,0,.19387755,0,.16470589,.17647059,.12941177,0,.11188811,.18103448,.12941177,.11353712,.17919075,0,.22988506,0,0,0,0,.1097561,.19047619,.27200001
682,Saudi Arabia,SAU,0,.10526316,0,.1589404,0,.18421052,0,0,0,0,0,0,0,0,.18421052,0,0,0,.10497238,0,0,0,0,0,0,.10526316,0,0,0,0,0,0,0,0,0,0,.14864865,0,0,.14857143,0,0,0,.1632653,0,0,.11612903,0,0,0,0,0,0,0,0,.1025641,.11842106,.10526316,0,0,0,0,.12637363,0,0,.17741935,0,.19736843,0,.10756972,.10344828,0,0,0,.15789473,0,0,.16867469,0,0,0,0,0,.18421052,0,0,.19736843,.12322275,0,0,.15492958,.10619469,.1127451,.18181819,.16176471,0,.176,.17105263,0,.11442786,0,.11392405,.24731183,.15789473,.15789473,0,.16513762,.14473684,0,0,0,0,.15000001,0,0,.13385826,0,0,.19327731,.12682927,.1097561,.11971831,0,0,0,0,.12941177,0,0,0,.12295082,0,0,0,0,0,.11811024,0,.11842106,.14736842,0,0,0,0,0,.17105263,0,.15306123,0,0,.15789473,0,.1559633,0,.11206897,0,0,.10404624,0,0,0,0,.16455697,0,0,0,0
686,Senegal,SEN,0,0,0,0,0,0,0,0,0,0,0,0,0,0,0,0,.12244898,.18518518,0,0,0,0,0,0,0,0,0,0,0,0,0,0,0,0,0,0,0,0,.13043478,0,0,0,0,0,0,0,0,0,0,0,0,0,0,0,0,0,0,0,0,0,0,0,0,0,0,0,0,0,0,0,0,0,0,0,.10169491,0,0,0,0,0,0,0,0,0,0,0,0,0,0,0,0,0,0,0,0,0,0,0,0,0,0,.11392405,0,0,0,.10869565,0,0,0,0,0,0,0,0,.13095239,0,0,.15217391,0,0,0,0,0,0,0,0,0,0,0,0,0,0,0,0,0,0,0,0,0,0,0,0,0,0,.2173913,0,0,0,0,0,0,0,0,0,0,0,0,0,0,0,0,0,0,0,0,0,0
690,Seychelles,SYC,.15789473,0,.17647059,0,0,.17142858,0,0,0,0,0,0,0,0,.10144927,0,.22448979,0,0,0,0,0,0,0,0,.35294119,0,0,0,0,0,0,0,0,.11111111,0,0,0,0,0,0,0,0,0,.27272728,0,0,0,0,0,0,0,0,0,0,0,0,0,0,.11764706,0,0,0,0,0,0,0,0,0,0,0,0,.10869565,0,0,0,0,0,0,0,0,0,0,0,0,.41176471,0,0,0,.41176471,0,0,0,0,0,0,0,0,0,0,0,0,0,0,0,.11764706,0,0,0,0,0,.15151516,0,0,0,0,0,.22580644,0,0,0,0,0,0,0,0,0,0,0,0,0,0,0,.30000001,0,0,0,0,0,0,0,0,0,0,0,0,0,0,0,0,0,0,0,0,0,0,0,0,0,0,0,0,0,.21052632,0,0,0
694,Sierra Leone,SLE,0,0,0,.30327868,0,.10655738,.19672132,.1352459,.16803278,.20854272,.15163934,.18119267,0,0,.17622951,.42905405,0,0,.36065573,.35925925,0,0,0,.25,0,0,0,.22348484,.12852664,.1557377,.2970297,0,0,0,0,.18032786,.14344262,0,0,.21311475,.2969121,.15891473,.23248407,.17622951,0,0,.27459016,.25,.36614174,0,.20081967,.17213115,.19172113,0,.17191283,.21311475,0,0,0,0,.32411069,0,.22950819,0,.24745762,.20491803,.38461539,.15983607,.34364262,.35458168,.28213167,0,.1147541,0,0,.18442623,.22657952,.13114753,.1147541,.15107913,0,.17622951,.13934426,.15163934,.24590164,0,.14344262,.28278688,0,0,.24590164,.38114753,.29918033,.18032786,.26639345,.20081967,.19672132,0,.29098362,.34836066,0,0,.18442623,.12295082,0,0,.14754099,.10245901,.15983607,0,0,0,.12295082,.16831683,.20081967,.18442623,.15163934,0,.22540984,.25409836,.17622951,.2090164,0,.39166668,.22540984,.33955225,.10655738,.12295082,0,0,0,.25,.21993127,0,.40983605,0,.1557377,0,0,.25,0,.38848922,.2888889,.22336769,0,.1557377,0,.1147541,.2834008,0,.11885246,0,.21311475,.39510489,.1147541,0,.35655737,.17213115,.13990825,.10245901,.1352459,0,.27868852,0,.25203252,0,.16393442
699,India,IND,0,0,0,.14207651,.10928962,0,.18378378,.1147541,.25688073,.16331658,.13114753,.15137614,0,0,0,.19932432,0,.10382514,.20765027,.2074074,0,0,0,.22457626,0,0,0,.26893941,.13166144,.20218579,.10891089,0,0,0,0,.15846995,0,0,0,.14754099,.17102137,.12790698,.1178344,0,0,0,.14207651,.13500001,.24409449,0,.25112107,0,.13507625,0,.15254237,.23497267,0,0,0,0,.13833992,0,0,0,0,0,.14979757,0,.13402061,.14741036,.11285266,0,.14754099,0,0,.1238938,0,0,.10382514,.14748201,.26229507,.12021858,.1147541,0,.11392405,0,0,0,0,0,0,.23893805,.26960784,0,0,0,0,0,0,.1442786,0,0,0,.10382514,0,0,0,0,0,0,0,0,0,.15594059,.3114754,0,.15384616,0,0,.11707317,.18032786,0,0,.22222222,.18478261,0,0,0,0,0,.25,0,0,0,.24255319,0,.14754099,.13661203,0,.10526316,0,.24820144,.12698413,.21305841,0,0,0,0,0,0,.10928962,0,0,.11188811,.10928962,0,.36244541,.15300547,.16972478,0,.21857923,0,0,0,.35365853,.10928962,.15300547
702,Singapore,SGP,0,0,0,.13745704,0,0,0,.10309278,0,.26884422,0,.17660551,0,0,0,.23648648,0,0,.14089347,.21305841,0,0,0,.13402061,0,0,0,.12371134,.26332289,0,.4009901,0,0,0,0,.14776632,0,0,0,.12714776,.28978622,.27519381,.23248407,0,0,0,.12371134,.25,.19931272,0,.15463917,0,.19389978,0,.19854721,0,0,0,0,0,.209622,0,.13745704,0,.52542371,0,.17869416,0,0,.2783505,.29467085,0,0,0,0,.17869416,.35294119,0,0,.34364262,0,.11683849,0,0,.43298969,0,0,.15120275,0,0,.17869416,.15463917,.14089347,.13402061,0,0,.12714776,0,.24398625,.18213059,0,0,0,0,0,0,.11683849,0,.21649484,0,0,0,0,.15594059,0,.12714776,.10996564,0,.14432989,.24398625,.10652921,.20274915,0,.23333333,.28178695,.31271479,0,0,0,0,.21993127,0,0,0,.17525773,0,0,.1580756,0,.18213059,0,.21305841,.31111112,0,0,0,0,0,.38144329,0,0,0,.12371134,.26116839,0,0,0,.11340206,.18577981,0,0,0,.18556701,0,.12027492,0,0
703,Slovakia,SVK,0,0,0,0,0,.14285715,0,0,0,0,0,0,0,0,0,0,.18367347,0,0,0,0,0,0,0,0,.16666667,0,0,0,0,0,0,0,0,0,0,0,0,0,0,0,0,0,0,.26666668,0,0,0,0,0,0,0,0,0,0,0,0,0,0,0,0,0,0,0,0,0,0,0,0,0,0,0,.16304348,0,0,0,0,0,0,0,0,0,0,0,0,.40000001,0,0,0,.26666668,0,0,0,0,0,0,0,0,0,0,0,0,0,0,0,0,0,0,0,0,0,.15151516,0,0,0,0,0,.12903225,0,0,0,0,0,0,0,0,0,0,0,.30000001,0,0,0,0,0,0,0,0,0,0,0,0,0,0,0,0,0,0,0,0,0,0,0,0,0,0,0,0,0,0,.12380952,0,0,.16666667,0,0,0
704,Viet Nam,VNM,0,0,0,.25531915,0,0,.20851064,.12340426,.19574468,.25879398,.13617021,.2178899,0,0,.10638298,.40878379,0,0,.36595744,.34074074,0,0,.10212766,.32203391,0,0,0,.25,.15673982,.21702127,.22277227,0,0,0,0,.20425531,.2,0,0,.2,.27790973,.18410853,.22292994,.16170213,0,.10638298,.20425531,.2525,.27952754,0,.21702127,.14042553,.20479302,0,.15738499,.20851064,0,0,0,0,.35968378,0,.27659574,0,.18305084,.17872341,.36842105,.10212766,.38487974,.27091634,.26959246,.1106383,.11914894,0,0,.2,.23529412,.13617021,.14893617,.12589929,.1319149,.20851064,.15319149,.10212766,.23628692,0,.12340426,.24255319,0,0,.2212766,.34468085,.30212766,.12340426,.22553192,.23404256,.18297872,0,.22978723,.36595744,0,.10212766,.14893617,.10212766,0,0,.14468086,0,.14468086,0,0,0,.11489362,.21534653,.17021276,.1574468,.22978723,0,.14042553,.18723404,.17021276,.14893617,0,.3361111,.20425531,.3097015,.1319149,0,0,0,.40983605,.24255319,.17525773,0,0,0,.12765957,.10212766,0,.2212766,0,.35251799,.31746033,.20274915,0,.11914894,0,.1106383,.24291497,.11489362,0,0,.15319149,.36013985,.11914894,0,.35744682,.21276596,.17889908,.11914894,.18723404,0,.19148937,0,.25203252,.10638298,.16595745
705,Slovenia,SVN,0,.23636363,0,0,0,0,0,0,0,0,.10679612,0,.24561404,.22,0,0,0,0,0,0,.18000001,0,.16666667,0,0,0,0,0,0,0,0,.2,.25999999,0,0,0,0,0,0,0,0,0,0,0,0,0,.14193548,0,0,.23999999,0,0,0,0,0,0,.18867925,.12,.22222222,0,0,0,0,.15384616,0,0,0,.11111111,0,0,0,0,.14130434,0,0,0,0,0,0,0,0,.13609467,.16513762,0,0,0,0,0,0,0,0,0,0,0,0,.12903225,.16,0,0,0,.34,0,.13978495,.125,.21666667,0,.11009175,.22,0,0,.2631579,.18000001,.16,0,0,.11811024,0,0,.15126051,0,.1097561,0,0,0,0,0,.21176471,0,0,0,0,0,0,0,0,0,.16535433,0,0,0,0,0,0,0,0,.21917808,.18000001,.13265306,0,.2,.18571429,0,0,0,.20689656,.18333334,0,0,0,.13793103,0,0,0,0,0,.14285715,.176
711,Southern African Customs Union (...1999),ZA1,0,.10236221,0,.20529801,0,0,.15675676,.11811024,.13761468,0,.18110237,.12155963,.17322835,.14173229,0,.14864865,0,.14173229,.10497238,.12592593,.11023622,0,.11811024,.13135593,.15748031,0,.10236221,.14772727,0,.15286624,0,.15748031,.12598425,0,0,.17791411,.2027027,0,0,.16571428,.10688836,0,.13057324,.11811024,0,.18110237,.23870967,.13249999,.13779527,0,0,.10236221,.12200436,0,.11380145,.15384616,.13385826,.11811024,.20472442,0,.19762845,0,.20329671,.11811024,.10169491,.20472442,.14574899,.11023622,.12027492,.15936255,.13479623,0,.1496063,0,.11023622,.15486726,0,.12598425,.19685039,0,.12598425,.33136094,.18110237,0,.10970464,0,0,.2085308,0,0,.14788732,.16814159,.15196079,0,.22058824,.12598425,.21259843,0,.11255411,.15422885,.18110237,0,.16535433,0,.14173229,0,.1496063,0,.10126583,0,.1496063,0,.16535433,.14356436,.16071428,0,.17788461,0,.18110237,.16585366,.23170732,.13380282,0,.12222222,.14130434,.11940298,.10236221,.11811024,0,0,.1557377,.14754099,0,0,.12765957,.16535433,0,.13124999,.11811024,.20526315,0,.12230216,0,0,.11811024,.15748031,0,.25984251,.12145749,.11811024,.11811024,.15748031,.13385826,.14335664,.27559054,.17322835,.15720524,.21965317,0,.1496063,.1496063,0,.18987341,0,.18699187,.27559054,.2519685
716,Zimbabwe,ZWE,0,0,0,.125,0,.11875,0,0,.13761468,0,.1375,0,0,0,0,.11486486,0,.19374999,0,.10740741,0,0,0,.11864407,.1375,0,0,0,.17868339,0,.14108911,0,0,0,0,.11656442,.10625,0,0,.15428571,0,.12790698,.12738854,0,0,0,0,.105,.13779527,0,.15246637,0,.11764706,0,.17675544,0,0,0,0,0,0,0,.10989011,0,.2,0,.14979757,0,.13745704,.19123507,.10658307,.16249999,0,0,0,.17699115,0,0,0,.26258993,0,.10059172,0,0,.18565401,0,0,.12796208,0,0,0,0,0,0,0,0,0,0,.14718615,0,0,0,0,0,0,0,0,0,.36875001,0,0,0,0,.13118812,.14880952,0,0,0,0,.17560975,.13414635,.19374999,0,0,.16847827,0,0,0,0,0,0,.13661203,.1580756,0,.10212766,0,.13124999,0,0,0,0,.10431655,.10476191,.12027492,0,0,0,0,.19433199,0,0,0,0,0,.125,0,0,0,.17889908,0,0,0,.11875,0,0,0,0
724,Spain,ESP,0,.12727273,0,0,0,0,0,0,0,0,0,0,.12280702,0,0,0,0,.10185185,0,0,0,0,0,0,0,0,0,0,0,0,0,.15000001,.11111111,.11111111,.11111111,0,0,0,0,0,0,0,0,0,0,.10126583,0,0,0,0,0,0,0,0,0,0,.22222222,.18518518,0,0,0,0,0,.12962963,0,.10483871,0,.11111111,0,0,0,0,0,0,.13559322,0,0,.13253012,0,0,0,.10650887,0,.12962963,0,0,0,0,0,0,.11971831,0,0,0,0,0,0,0,0,0,0,0,.13978495,0,.15000001,.11111111,0,0,0,0,0,.12962963,0,0,0,0,0,.12962963,.11764706,0,0,0,.14814815,0,0,0,0,.11842106,0,0,0,0,0,0,0,0,.11811024,0,0,0,0,0,0,0,0,0,0,.1632653,0,0,0,0,0,0,.12931034,.11666667,0,0,0,0,0,0,0,.11111111,0,0,0
736,Sudan (...2011),SDN,0,0,0,.23157895,0,.11052632,.2,0,.13761468,.17336683,.11052632,.21559633,.10526316,0,.21052632,.26351351,0,0,.24736843,.22222222,0,0,.11578947,.16949153,.23157895,0,0,.18181819,.14420062,.17894737,.22029702,.11578947,0,0,0,.31578946,.38421053,0,0,.23684211,.19239905,.12790698,.2388535,.24210526,0,.15263158,.30526316,.17749999,.29133859,0,.14349777,.21052632,.15250544,0,.13559322,.14210527,0,0,0,0,.33992094,0,.49473685,0,.26101694,.33157894,.31174091,.17894737,.24054983,.31474105,.26018807,.11578947,.14736842,0,0,.2300885,.18300654,.21578947,.19473684,0,0,.35263157,.1368421,.15789473,.21518987,0,.14210527,.33175355,0,0,.31578946,.3318584,.32352942,.21578947,.24210526,.24210526,.25263157,0,.25108224,.3283582,0,0,.21578947,.11052632,0,0,.24210526,.1368421,.15789473,0,0,0,.24736843,.21287128,0,.2736842,.23557693,0,.30526316,.36097562,.26842105,.21578947,0,.23888889,.18947369,.29477611,0,.14736842,0,0,.25,.10526316,.18213059,0,.2212766,0,.20526315,0,0,0,0,.23021583,.21587302,.14776632,0,.16842106,0,.2263158,.30364373,.12105263,0,.19473684,.23684211,.31468531,.17894737,0,.18340611,.25263157,.1146789,.12631579,.15789473,0,.33157894,0,.16260162,.1368421,.16842106
740,Suriname,SUR,0,0,0,0,0,0,0,0,0,0,0,0,0,0,0,0,0,0,0,0,.15217391,0,0,0,0,0,0,0,0,0,0,0,.21951219,0,.13333334,0,0,0,0,0,0,0,0,0,0,.1392405,0,0,0,0,0,0,0,0,0,0,.18867925,.29032257,.14814815,0,0,.16666667,0,.21153846,0,0,0,0,0,0,0,0,0,0,.11864407,0,0,0,0,0,0,0,0,0,0,0,0,0,0,0,0,0,0,0,0,0,0,.13333334,0,0,.11363637,0,.10752688,0,.15000001,.16666667,0,0,0,.13333334,0,0,.11,0,0,0,0,.16129032,0,0,0,0,0,0,0,0,0,0,0,0,0,0,0,0,0,0,0,0,0,0,0,0,0,0,.1891892,0,0,0,0,0,0,0,0,0,.10344828,.15000001,0,0,0,0,0,0,0,.13333334,0,0,0
752,Sweden,SWE,0,0,0,.17266187,0,0,.16187051,0,.17266187,.35929647,.12589929,.30275229,0,0,0,.3918919,0,0,.26978418,.33453238,0,0,0,.24100719,.11870503,0,0,.34172663,.26018807,.13669065,.21782178,0,0,0,0,.19424461,.14748201,0,0,.17985612,.38479811,.3120155,.31528664,.10791367,0,0,.15827338,.29249999,.36330935,0,.32014388,0,.28540304,0,.25181597,.15467626,0,0,0,0,.26978418,0,.20143884,0,.15254237,.1438849,.38489208,0,.40206185,.23021583,.20689656,.11870503,0,0,0,.176259,.30065361,0,.11510792,0,.10791367,.176259,0,0,.22661871,0,0,.21942446,0,0,.11870503,.32374102,.26978418,0,.11510792,.16906475,.10791367,0,.22302158,.26258993,0,.10071942,0,0,0,0,0,0,.13669065,0,0,0,.10431655,.28217822,.20503597,.12589929,.2086331,0,0,.15467626,.10431655,0,0,.41944444,.20503597,.30935252,0,0,0,0,.38848922,.24820144,.21305841,0,.35251799,0,.12230216,.10431655,0,.23021583,0,0,.38095239,.30927834,0,0,0,0,.19064748,0,0,.10431655,.11151079,.31818181,0,0,.30935252,.17266187,.21330275,0,.12589929,0,.13669065,0,.23021583,0,.11510792
757,Switzerland,CHE,0,0,0,.17142858,0,0,.14920636,.1015873,.13015874,.4522613,0,.30504587,0,0,0,.33015874,0,0,.26349208,.32380953,0,0,0,.22857143,.14603175,0,0,.25396827,.34482759,.10476191,.28712872,0,0,0,0,.18095239,.13333334,0,0,.19047619,.43230402,.37403101,.38412699,.11111111,0,0,.13650794,.36500001,.30476192,0,.2825397,0,.34204793,0,.30266345,.14603175,0,0,0,0,.2920635,0,.2,0,.2825397,.11428571,.3968254,0,.37777779,.22539683,.27272728,.12698413,0,0,0,.17460318,.41176471,0,.11428571,.20634921,0,.16507937,0,0,.21587302,0,0,.23174603,0,0,.13968255,.2888889,.2857143,.11111111,.11111111,.14285715,0,0,.24761905,.24444444,0,0,0,0,0,0,0,0,.12380952,0,0,0,0,.28960395,.16190477,.12063492,.1936508,0,.11111111,.15238096,.12380952,.11746032,0,.40555555,.18095239,.35238096,0,0,0,0,.2888889,.12698413,.31111112,0,.31746033,0,0,.10476191,0,.21587302,0,.38095239,0,.36190477,0,0,0,0,.19047619,0,0,0,.13650794,.31428573,0,0,.2,.17460318,.24770643,0,.11428571,0,.14285715,0,.21269841,0,.11746032
760,Syria,SYR,0,0,0,0,0,0,.13745704,0,.17182131,.38442212,0,.27752292,0,0,0,.20608108,0,.11340206,.16151203,.27491409,0,0,0,.23024055,.12027492,0,0,.3676976,.34796238,.16494845,.15346535,0,0,0,0,.12371134,.12371134,0,0,.14432989,.32541567,.35852712,.36942676,0,0,0,0,.28,.28522336,0,.45360824,0,.3267974,0,.33898306,.14432989,0,0,0,0,.18900344,0,0,0,.11864407,0,.22680412,0,0,.14089347,.14733543,.1580756,0,0,0,.17869416,.28758171,0,0,.28178695,0,.11340206,0,0,.1580756,0,0,.14089347,0,0,0,.19931272,.17869416,0,0,0,0,0,.18900344,.1305842,0,0,0,0,0,0,0,0,0,0,0,0,0,.25495049,.26460481,0,.25429553,0,0,.10996564,0,0,0,.30000001,.14432989,.19931272,0,0,0,0,.22336769,.21305841,0,0,.20274915,0,0,.12027492,0,.14776632,0,.30927834,.36190477,0,0,0,0,0,.12371134,0,0,0,0,.18900344,0,0,.21993127,.11683849,.30504587,0,0,0,0,0,.21993127,0,0
762,Tajikistan,TJK,0,0,0,0,0,.11428571,0,0,0,0,0,0,.14035088,0,0,0,0,.10185185,0,0,.13043478,.12195122,0,0,0,.10810811,0,0,0,0,0,0,0,0,.13513513,0,0,0,0,0,0,0,0,0,0,0,0,0,0,0,0,0,0,0,0,0,0,.13513513,.12962963,0,0,.21621622,0,.13461539,0,0,0,0,0,0,0,0,0,0,.16949153,0,0,0,0,0,0,0,0,0,0,0,0,0,0,0,0,0,0,0,0,0,0,.13513513,0,0,0,0,0,0,0,.1891892,0,0,0,.10810811,0,0,0,0,0,0,0,.24324325,0,0,0,0,.10810811,0,0,0,0,0,.2173913,0,0,0,0,0,0,0,.11811024,0,0,0,.1891892,0,0,0,0,0,0,0,0,0,0,0,0,0,0,0,0,0,0,0,0,0,0,.13513513,0,0,0
764,Thailand,THA,0,.20547946,0,.21854305,0,.16438356,.11351351,0,0,0,.2038835,0,.19178082,.12328767,.28767124,.125,.10958904,0,.15469614,0,0,0,.19047619,0,0,0,0,0,0,0,.10643564,.19178082,0,0,0,.11042945,.1554054,0,0,.12571429,0,0,0,.23469388,0,.12658228,.31612903,0,0,0,0,.30263159,0,0,0,0,0,0,.12328767,0,.18577075,0,.17032968,.12328767,.10508475,.23387097,.11336032,.28767124,0,.12749004,.13479623,0,.22826087,0,0,.10619469,0,.22891566,.14159292,0,0,.15384616,.22018349,.23287672,0,0,.24657534,.16113745,0,0,.21126761,.1460177,.12254902,.22222222,.25,.21774194,.25600001,.16438356,.12554112,.14925373,.16438356,.10126583,.29032257,.15068494,.10958904,0,.22018349,.26027396,0,0,.21917808,.12328767,.2,0,0,.22047244,0,.12328767,.36974791,.12682927,.16463415,.14788732,0,0,.10869565,.12686567,.17647059,.17105263,0,0,.1557377,0,0,0,.11914894,.21917808,.15748031,0,0,.16842106,0,0,0,0,0,0,0,.22448979,0,.28767124,.30136988,0,.21100917,.18881118,.18965517,.16438356,0,0,0,.24137931,0,0,.16455697,0,0,.11428571,.16
768,Togo,TGO,0,.10909091,0,0,0,0,0,0,0,0,0,0,0,.1627907,0,0,0,0,0,0,0,0,0,0,0,0,0,0,0,0,0,0,.14634146,0,0,0,0,0,0,0,0,0,0,0,0,0,0,0,0,.13333334,0,0,0,0,0,0,0,0,0,0,0,.15000001,0,0,0,0,0,0,0,0,0,0,0,0,0,0,0,0,0,0,0,0,0,0,0,0,0,0,0,0,0,0,0,0,0,0,0,0,0,0,.18181819,0,0,0,0,.13333334,0,0,0,0,.14035088,.15151516,0,0,0,0,0,0,0,0,0,0,0,0,0,0,0,0,0,0,0,0,0,0,0,.18000001,0,0,0,0,0,0,0,0,0,0,0,0,0,0,0,0,0,0,0,0,0,0,0,0,0,0,0,.21052632,0,0,0
780,Trinidad and Tobago,TTO,0,.13265306,0,.13907285,.13265306,.1122449,.14594595,.13,.13302752,0,.15533981,0,.2857143,.14285715,.10204082,.11148649,0,.12962963,.12707183,.10740741,.12244898,0,.1632653,0,.14563107,0,0,.10606061,0,.15286624,0,.26530612,.14285715,0,.1122449,.12269939,.22972973,.12244898,0,.12571429,0,0,0,0,0,.17346939,.16774194,.115,.11811024,0,0,.1632653,0,0,0,.14102565,.21428572,.1632653,.24489796,0,.17391305,0,.1978022,.13265306,0,.2016129,.12145749,.14285715,0,.17131475,.14106584,0,.18367347,0,0,.11946902,0,.18367347,.16814159,0,0,.30177516,.1559633,0,0,0,0,.16587678,0,0,.20422535,.15044248,.14705883,.13131313,.17647059,.17741935,.248,0,.11255411,.14925373,.13265306,0,.21428572,.1122449,.17346939,0,.19266056,.14285715,0,0,.24489796,.1122449,.25999999,0,0,.18897638,.11057692,0,.24369748,.13658537,.20731707,.13380282,.13265306,0,.14130434,.12686567,.19387755,.15306123,0,0,.1147541,0,0,0,.1106383,.13265306,.25984251,0,.1632653,.2263158,0,0,0,0,0,.22448979,0,0,.12955466,.14285715,.12244898,.23469388,.13761468,.14685315,.38793105,.21428572,0,.13294798,0,.19387755,.17142858,0,.17721519,0,.10569106,.22857143,.248
784,United Arab Emirates,ARE,0,0,0,.25101215,0,0,.15384616,0,.14574899,.17085427,0,.15825687,0,0,.17813765,.25675675,0,.10121457,.21862349,.22222222,0,0,0,.1902834,.11336032,0,0,.14015152,.14106584,.12955466,.37871286,0,0,0,0,.18218623,.25506073,0,0,.1659919,.19239905,0,.19426751,.20242915,0,.12550607,.20647773,.1875,.2519685,0,0,.17004049,.13507625,0,.10895884,0,0,0,0,0,.26482213,0,.27530363,0,.44067797,.20647773,0,.15384616,.29209623,.48605579,.30094042,.11336032,0,0,0,.1902834,.19389978,.14979757,0,.21582733,0,.2145749,0,.14574899,.33603239,0,.12550607,.22672065,0,0,.30769232,.24696356,.21862349,.21862349,.25101215,.17408907,.19433199,0,.32388663,.25506073,0,0,.21052632,0,0,0,.21862349,0,.31174091,0,0,0,.13360325,.15594059,0,.20242915,.17004049,0,.2388664,.3319838,.1902834,.34412956,0,.25555557,.24696356,.3097015,0,0,0,0,.2834008,0,.38144329,0,.24291497,0,.12145749,.19433199,0,.30364373,0,.19064748,.19047619,.12371134,0,0,0,.12955466,0,0,0,0,.22672065,.31468531,.12955466,0,.12955466,.15384616,.12155963,0,0,0,.38056681,0,.14574899,.10526316,.12550607
788,Tunisia,TUN,0,.15714286,0,.11258278,0,0,.12432432,0,0,0,.25242719,0,.15714286,0,.11428571,0,.11428571,0,.10497238,0,0,0,.11904762,0,0,0,0,0,0,.15286624,0,.11428571,0,0,0,0,.10135135,0,0,0,0,0,0,0,0,.10126583,.18064517,0,0,0,0,.14473684,0,0,0,0,.14285715,0,.14285715,0,.11857708,0,.13186814,0,0,.12903225,0,0,0,0,0,0,.18478261,0,0,.10619469,0,.14457831,.15929204,0,.11428571,.14201184,.32110092,0,0,0,.11428571,.12322275,0,0,.12676056,0,0,0,.16176471,.23387097,.176,0,0,.14925373,.12857144,0,.15053764,.15277778,.11428571,0,.1559633,.11428571,0,0,.17142858,0,.16,0,0,0,0,0,.17647059,0,.12804878,0,0,0,0,0,.16470589,0,0,0,0,0,0,0,.11489362,.2,.11811024,0,0,.12105263,0,0,0,0,0,.28767124,0,.14285715,0,0,0,0,0,.12937063,.1637931,0,0,0,0,.40229884,0,0,.10759494,0,.1097561,.16190477,.16
792,TÃƒÂ¼rkiye,TUR,0,.22857143,0,.14569536,0,0,.11351351,0,.11009175,0,.22330096,0,0,0,.11428571,0,.17142858,0,0,0,0,0,.14285715,0,0,0,0,0,0,0,0,.11428571,.11428571,0,0,0,0,0,0,.10857143,0,0,0,.12244898,0,.11392405,.19354838,0,.10236221,0,0,.10526316,0,0,0,.1025641,.11428571,0,0,0,.12648222,0,0,0,0,.12903225,0,.1388889,0,0,0,0,.20652173,0,.17142858,0,0,.16867469,.1238938,0,.2,0,.20183486,0,0,0,.11428571,0,0,0,.11267605,.11061947,.12254902,.18181819,.13970588,.12096774,.176,.11428571,0,.13930348,0,0,.12903225,.2638889,0,0,.11926606,.12857144,0,0,.12857144,0,.11,0,0,.11811024,.10096154,0,.23529412,0,.15853658,0,0,0,0,0,.17647059,.15789473,0,0,.11885246,.10928962,0,0,0,.18571429,.11811024,0,0,0,0,0,0,0,0,.30136988,0,.12244898,0,0,0,0,.14678898,.11888112,.12931034,.11428571,.10043668,.12716763,0,.22988506,.14285715,0,0,0,0,.11428571,0
795,Turkmenistan,TKM,0,0,0,0,.1375,.1125,.11351351,0,0,0,.14563107,0,0,.1125,0,0,0,0,.10497238,.14074074,.1125,0,.14285715,0,.27184466,0,0,.11363637,0,.11464968,0,.16249999,.125,0,0,.12269939,.17567568,0,0,.12,0,0,.12101911,.12244898,0,.16249999,.11612903,0,.1456693,0,0,.125,0,0,0,.12820514,0,0,0,0,.12252964,0,.15934066,0,0,.16935484,.13765182,0,0,.11553785,0,0,.23913044,0,0,0,0,.19277108,.15929204,0,0,.18343195,0,0,0,0,0,.13270143,0,0,0,.11946902,.18137255,0,0,.12903225,0,0,0,0,0,0,0,0,0,0,0,0,0,0,.1125,0,.15000001,.10643564,.11309524,.12598425,.11057692,0,0,0,.10365853,0,0,.10555556,0,0,.12941177,0,0,0,0,0,0,0,0,0,.15748031,0,0,.19473684,0,.10431655,0,0,0,0,0,.23469388,0,0,0,0,0,.1013986,.15517241,.1375,0,.10982659,0,0,.25714287,0,0,0,0,0,.104
800,Uganda,UGA,0,0,0,.3245033,0,.13761468,0,.1559633,0,0,0,0,.10091743,0,.38532111,.15878378,.10091743,.11009175,.17679559,.11851852,0,0,0,0,0,0,0,0,0,0,.19554456,0,0,0,0,.1595092,.20945945,0,0,.14285715,0,0,0,.36697248,0,0,.29677418,0,.19291338,0,0,.33027524,0,0,0,0,0,0,0,0,.19762845,0,.22527473,0,.22033899,.29838711,.18218623,.33944955,.1305842,.20318726,.17868339,0,0,0,0,.12831858,.10675381,.26605505,.17699115,0,0,.12426036,0,.28440368,.1392405,0,.23853211,.17535545,0,0,.37323943,.2079646,.17156863,.34862384,.44117647,.22580644,.27200001,.16513762,.21212122,.2039801,0,.1559633,.32110092,.17431192,0,0,0,.1559633,.15822785,0,0,0,.18348624,0,0,.30708662,0,.10091743,.41176471,.1902439,.17073171,.34507042,0,.11666667,.16304348,.22761194,0,.1559633,0,0,.21311475,0,.12371134,0,.15319149,0,.13385826,0,0,.23684211,0,.11151079,.13650794,0,0,.21100917,0,.13761468,.22672065,0,.14678898,0,0,.19930071,.15517241,0,0,.12138728,0,0,0,0,.32911393,0,0,0,.14399999
804,Ukraine,UKR,0,0,0,.23426573,0,0,.25874126,.11538462,.18531469,.24120604,.12937063,.25917432,0,0,.13286713,.4358108,0,0,.26573426,.36713287,0,0,.11888112,.22027972,.11188811,0,0,.19930071,.15360501,.21328671,.30940595,0,0,0,0,.22377622,.21328671,0,0,.24125874,.30403802,.17635658,.2388535,.17132868,0,.1013986,.2937063,.35499999,.26223776,0,.15384616,.15734266,.22222222,0,.18886198,.18181819,0,0,0,0,.44405594,0,.32517484,0,.28474575,.2027972,.31468531,.12237762,.3539519,.32517484,.42633229,0,.18181819,0,0,.23426573,.34422657,.13286713,.17132868,0,.11188811,.25874126,.17132868,.1013986,.2902098,0,.10839161,.31818181,0,0,.22377622,.33566433,.24475524,.16433567,.27622378,.22727273,.21328671,0,.30069929,.38811189,0,0,.17132868,.1013986,0,0,.2062937,.10489511,.11188811,0,0,0,.13286713,.20049505,.10489511,.23426573,.18181819,0,.26573426,.22377622,.25874126,.16083916,0,.34166667,.24825175,.43006992,.11188811,0,0,0,.39510489,.11188811,.26116839,0,.36013985,0,.14335664,0,0,.31468531,0,.31818181,.31428573,.18900344,0,.18881118,0,.14685315,.31468531,.12937063,.11888112,.1013986,.19930071,0,.14335664,0,.25524476,.2062937,.14220184,.17482518,.12237762,0,.22727273,0,.26573426,.11888112,.16083916
807,North Macedonia,MKD,0,.19827586,0,.1589404,.10344828,.14655173,.17297298,0,.17431192,0,.11206897,0,.18103448,.15517241,.13793103,.11824324,0,.1724138,.13812155,.11481482,.15517241,0,.20689656,.12711865,.11206897,0,.12931034,.14393939,0,.20382166,.11881188,.19827586,.15517241,0,.10344828,.15337424,.25,.12931034,0,.13142857,.10451306,0,.12101911,.14655173,0,.15517241,.2,.105,.1496063,.12931034,0,.1724138,0,0,0,.18589744,.13793103,.13793103,.20689656,0,.1541502,0,.18131869,.15517241,.10847457,.27419356,.10931174,.12931034,.10309278,.21115538,.19435737,0,.1724138,0,.12931034,.1238938,0,.14655173,.11206897,0,0,.32544377,.23275863,.10344828,0,0,.12068965,.17061612,0,0,.25352111,.15044248,.16666667,0,.20588236,.23387097,.352,0,.1038961,.12935324,.1724138,0,.28448275,.13793103,.23275863,0,.22413793,.18103448,.10759494,0,.23275863,.11206897,.31034482,.10396039,.11309524,.27559054,.14903846,0,.26890758,.16585366,.23780487,.16197184,.12931034,.10555556,.14673913,.12313433,.18103448,.11206897,0,0,.1147541,.10928962,0,0,.11914894,.20689656,.27559054,.125,.12931034,.17894737,.10344828,0,0,0,0,.18965517,0,.38793105,.12955466,.1637931,.12931034,.15517241,.15517241,.14335664,0,.27586207,.11353712,.19075145,0,.14655173,.15517241,.13793103,.23417722,0,.15040651,.31034482,.31200001
818,Egypt,EGY,0,.11666667,0,.10596026,0,0,.11351351,0,.11009175,0,.1262136,0,.13333334,.16666667,.14492753,0,0,0,0,0,.15000001,0,.17857143,0,0,0,0,0,0,0,0,0,.13333334,0,0,0,.13513513,.11666667,0,0,0,0,0,.10204082,0,.18987341,.10967742,0,0,.21666667,0,.10526316,0,0,0,.10897436,.16666667,.13333334,.26666668,0,0,.11666667,0,.15000001,0,.12903225,0,0,0,0,0,0,0,0,.15000001,0,0,0,0,0,.10476191,.20710059,.16513762,0,0,0,0,0,0,0,0,.10619469,0,0,0,.12903225,0,0,0,0,.18333334,0,.11827957,.1388889,0,.11666667,0,.16666667,0,0,.18333334,.13333334,.18000001,0,0,0,.11538462,0,0,0,.11585366,0,.15000001,0,0,0,.12941177,0,0,0,0,0,0,0,0,.18333334,.17322835,0,.11666667,0,.15000001,0,0,0,0,.16438356,0,.21428572,0,0,.11428571,.1375,0,0,.27586207,0,0,.11560693,0,.10344828,0,0,0,.11666667,.10569106,.22857143,.176
826,United Kingdom,GBR,0,0,0,.1790393,0,0,.21834061,.12663755,.27947599,.22864321,.15283842,.23394495,0,0,0,.33445945,0,0,.22707424,.34444445,0,0,0,.29661018,0,0,0,.26893941,.14106584,.1790393,.17821783,0,0,0,0,.17030568,.13100436,0,0,.23144105,.24703088,.18217054,.19426751,.1048035,0,0,.19213974,.21250001,.28740159,0,.23144105,0,.22440088,0,.19854721,.26637554,0,0,0,0,.25296444,0,.19213974,0,0,.11790393,.25506073,0,.2783505,.16334662,.23824452,.1091703,.12227074,0,0,.15720524,.16993465,0,.12663755,.19784173,.23144105,.18340611,.13100436,0,.19831224,0,0,.20960699,0,0,0,.31877729,.29694322,0,.13100436,.20960699,.10043668,0,.18614718,.23580787,0,0,0,0,0,0,0,0,.10043668,0,0,0,.13100436,.22029702,.23580787,.11790393,.20087336,0,0,.12227074,.13100436,.1048035,0,.28611112,.1790393,.19029851,.11353712,0,0,0,.35655737,.36244541,0,0,.35744682,0,.15720524,0,0,.18340611,0,.30935252,.2,.21993127,0,0,0,0,.12955466,0,.10043668,0,0,.25524476,.11353712,0,0,.22270742,.16055046,0,.22707424,0,0,0,.35772356,0,.15720524
834,United Rep. of Tanzania,TZA,0,0,0,.18497109,0,0,.34054053,0,.26605505,.1281407,.13872832,.17889908,0,0,0,.22972973,0,.11560693,.22651933,.22592592,0,0,.15606937,.17372881,.15028901,0,0,.18939394,.10344828,.27745664,.13861386,0,0,0,0,.19653179,.20231214,0,0,.24571429,.16627078,.13178295,.22611465,0,0,.12138728,.20231214,.185,.18110237,0,.11659193,0,.18082789,0,.14285715,.1734104,0,0,0,0,.21343873,0,.23076923,0,.11525424,.14450867,.21862349,0,.18900344,.16733068,.16614421,.21387284,0,0,.12138728,.1460177,.16775599,.11560693,.17919075,0,.12716763,.2716763,.14450867,0,.14345992,0,0,.21800947,0,0,.13872832,.2699115,.27450982,0,.1734104,.20809248,.15028901,0,.13852814,.24378109,0,0,0,.16763006,0,0,.12716763,0,0,0,0,0,.18497109,.21287128,.15606937,.1734104,.3125,0,.15028901,.22439024,.23121387,.11560693,0,.19444445,.16304348,.19029851,.17919075,.10404624,0,0,.17213115,.15300547,.11340206,0,.21276596,0,.21965317,0,0,.25263157,0,.17266187,.17460318,.11683849,0,0,0,.13294798,.15384616,0,.12716763,.10982659,.12138728,.2062937,.19075145,.11560693,.22270742,0,.14220184,0,.12138728,0,.15606937,0,.199187,.13294798,.20231214
842,USA,USA,0,0,0,0,0,0,.18577981,0,.21559633,.35550457,.10091743,0,0,0,0,.19266056,0,.11009175,0,.18119267,0,0,0,.19954129,.10779817,0,0,.23165138,.34633029,.12844037,.20412844,0,0,0,0,.11926606,.10091743,0,0,.13073395,.34174311,.4728682,.29816514,0,0,0,0,.30045873,.19036697,0,.2178899,0,.44880176,0,.50917429,.13302752,0,0,0,0,.16743119,0,.11926606,0,.1559633,0,.19036697,0,.24311927,0,.21100917,.16055046,0,0,0,.25917432,.34204793,0,0,.31880733,0,0,0,0,.14220184,0,0,.15366973,0,0,0,.14449541,.11009175,0,0,0,0,0,.18119267,.11009175,0,0,0,0,0,0,0,0,.10550459,0,0,0,0,.43119267,.15137614,0,.17889908,0,0,.11009175,.10550459,0,0,.25,.11009175,.15366973,0,0,0,0,.13990825,.16972478,.18577981,0,.17889908,0,0,.17889908,0,.1146789,0,.21330275,.24770643,.30504587,0,0,0,0,.12155963,0,0,0,0,.14220184,0,0,.16055046,.14220184,0,0,0,0,0,0,.20642202,0,0
849,US Misc. Pacific Isds,PUS,0,0,0,.10596026,0,0,.14054054,.12,.11926606,0,.25242719,0,.1724138,.10344828,.10344828,.13175675,0,0,0,0,0,0,.1724138,0,0,0,0,0,0,.15923567,0,.11494253,0,0,0,0,0,0,0,0,0,0,0,.12244898,0,.11494253,.17419355,0,0,0,0,.12643678,0,0,0,.1474359,.10344828,0,.12643678,0,.15810277,0,.13736264,0,0,.12903225,0,0,0,0,.10031348,0,.17391305,0,0,0,0,.11494253,.15044248,0,.2,.11242604,.34862384,0,.10126583,0,0,.12322275,0,0,.13380282,.11504425,0,0,.11764706,.20967741,.176,0,.12987013,.16915423,0,0,.11827957,.10344828,0,0,.11926606,0,0,0,.11494253,0,.16,0,0,.11023622,0,0,.2184874,0,.18902439,0,0,0,.10326087,0,.22988506,0,0,0,.10245901,0,0,0,.11914894,.13793103,.1496063,0,0,.12631579,0,0,0,0,0,.24137931,0,.19387755,0,.40229884,.22988506,0,0,.17482518,.14655173,.10344828,0,0,0,0,0,0,.1329114,0,.11382114,.2,.2
854,Burkina Faso,BFA,0,0,0,0,.11428571,.13333334,.16216215,.13333334,.16055046,0,.19047619,.12844037,0,0,0,.12837838,.14285715,.10185185,.1160221,.12962963,0,0,0,.17372881,.10476191,0,0,.15530303,0,.14012739,0,.13333334,.12380952,0,0,.19631901,.11486486,0,0,0,.11401425,0,0,.11428571,0,.14285715,.16774194,0,.11023622,0,.11210762,0,0,0,0,.15384616,0,0,0,0,.16205534,0,.13736264,0,0,.14516129,.14979757,0,.10652921,.13545817,.11912226,0,.21904762,0,0,0,0,.15238096,.1238938,0,0,.17751479,.11009175,0,.10126583,.10476191,0,.1042654,0,0,0,.14159292,.12254902,0,0,.14516129,0,0,.11688311,0,0,0,0,0,0,0,0,0,0,0,0,0,.18095239,.12128713,.17857143,0,.1298077,0,0,.11219512,.15243903,0,0,.13055556,.125,0,0,0,0,0,.1352459,.21857923,0,.12380952,.18723404,0,.1496063,0,0,.15789473,0,.12589929,.11428571,0,0,0,0,.17142858,0,0,.14285715,.25714287,0,.12237762,.15517241,0,.22707424,.12138728,0,0,0,0,0,0,.16666667,0,.104
858,Uruguay,URY,0,0,0,0,.10606061,0,0,0,0,0,0,0,0,.10606061,0,0,.10606061,.18518518,0,0,0,0,0,0,0,0,0,0,0,0,0,0,0,0,0,0,0,0,0,0,0,0,0,0,0,0,0,0,0,0,0,0,0,0,0,0,0,0,.12121212,0,0,0,0,0,0,0,0,0,0,0,0,0,0,0,0,0,0,0,0,0,0,0,0,0,0,0,0,0,0,0,0,0,0,0,0,0,0,0,0,0,0,0,0,0,0,0,0,0,0,0,.10606061,0,0,0,0,0,0,0,0,0,0,0,0,0,0,0,0,0,0,0,0,0,0,0,0,0,0,0,0,0,0,0,0,0,0,0,0,0,0,0,0,0,0,0,.13793103,0,0,0,0,0,0,0,0,0,0,0,0
860,Uzbekistan,UZB,0,0,0,.36708862,0,.1329114,.16756757,0,.12844037,0,0,0,.11392405,0,.32278481,.20945945,0,0,.28176796,.13333334,0,0,.10126583,.13983051,0,0,0,0,0,.19620253,.29950494,0,0,0,0,.18404908,.31012657,0,0,.20571429,.12114014,0,.12420382,.28481013,0,.15822785,.32911393,.1275,.22440945,0,0,.27848101,0,0,0,.12025317,0,0,.12025317,0,.20158103,0,.28021979,.1392405,.29152542,.31645569,.18623482,.29746836,.19243987,.374502,.25078371,0,.10126583,0,0,.15044248,.12854031,.21518987,0,0,0,.23668639,.12658228,.25316456,.16455697,0,.23417722,.22748815,0,0,.50632912,.23893805,.20588236,.25949368,.38607594,.25316456,.39873418,.12025317,.22077923,.26368159,0,.10126583,.37341774,.1392405,.12025317,0,.24050634,.16455697,0,0,0,0,.18987341,0,0,.32911393,.15384616,.10126583,.3607595,.29756099,.23780487,.39240506,0,.17777778,.23913044,.23134328,0,.16455697,0,0,.27868852,0,.18556701,0,.19148937,0,.18987341,.11875,0,.33157894,0,.13669065,.14285715,0,0,.16455697,0,.17721519,.38056681,.10759494,0,0,.32911393,.22727273,.23417722,0,0,.15606937,0,.1329114,0,0,0,0,0,.1329114,.15822785
862,Venezuela,VEN,0,0,.15789473,0,0,.14285715,0,0,0,0,0,0,0,0,0,0,.10204082,0,0,0,0,0,0,0,0,.15789473,0,0,0,0,0,0,.17073171,.11538462,.18518518,0,0,.14,0,0,0,0,0,0,.18181819,0,0,0,0,.13333334,0,0,0,.10526316,0,0,0,.25806451,0,.15789473,0,.30000001,0,0,0,0,0,0,0,0,0,0,0,.10526316,.11864407,0,0,0,0,0,0,0,0,0,0,.2631579,0,0,0,.21052632,0,0,0,0,0,0,0,.13793103,0,0,0,0,0,0,.13333334,.36842105,0,0,0,.21052632,0,.15151516,0,0,0,0,0,.22580644,0,0,0,0,.26666668,0,0,0,0,0,0,.21052632,0,0,0,.16666667,0,0,0,0,.11111111,0,.13333334,0,0,0,.13513513,0,.21052632,0,0,0,0,0,0,0,0,.11666667,0,0,0,0,0,0,0,0,0,0,0
887,Yemen,YEM,0,0,0,.16666667,.10569106,0,.2682927,.10162602,.37398374,.19346733,.15447155,.23165138,0,0,0,.27027026,0,.10569106,.20731707,.22962964,0,0,.10569106,.28048781,.10162602,0,0,.31060606,.14106584,.23983739,.14851485,0,0,0,0,.16666667,.13414635,.10569106,0,.17073171,.21852732,.16860466,.17834395,0,0,0,.16666667,.2475,.24409449,0,.24390244,0,.21568628,0,.24697337,.22764228,0,0,0,0,.25296444,0,.15853658,0,0,.1097561,.20647773,0,.20618556,.21513945,.22257054,.10162602,.15040651,0,0,.18699187,.1633987,0,.13414635,.12230216,.21138212,.24390244,.16666667,0,.199187,0,0,.23577236,0,0,0,.24796748,.26016259,0,.12601626,.15853658,0,0,.18699187,.21138212,0,0,0,.1097561,0,0,0,0,.10162602,0,0,0,.1300813,.21782178,.26016259,0,.27235773,0,0,.13821138,.199187,.12195122,0,.25277779,.14227642,.20149253,.1097561,0,0,0,.25203252,.35365853,.12027492,0,.25203252,0,.18699187,0,0,.16260162,0,.23021583,.21269841,.21993127,0,0,0,.10569106,.14574899,.1097561,0,0,0,.26573426,.15040651,.10569106,.35772356,.199187,.20642202,.11382114,.16666667,0,0,0,0,.16666667,.23577236
891,Serbia and Montenegro (...2005),SCG,0,0,0,.1192053,.10476191,0,.15675676,0,.16972478,0,.12380952,0,.16190477,0,0,.11486486,0,0,0,.1037037,0,0,.16190477,.12288135,.12380952,0,0,.13257575,0,.1656051,0,.13333334,.10476191,0,0,.12269939,.16216215,.14285715,0,.12,0,0,0,.13333334,0,.14285715,.16774194,0,0,.11428571,0,0,0,0,0,.1474359,.16190477,0,.15238096,0,.13043478,0,.17582418,0,0,.17741935,.11336032,0,.11340206,0,.13166144,0,0,0,0,.12831858,0,0,.10619469,0,0,.18934911,.23853211,0,0,0,0,.12322275,0,0,.15492958,.13716814,0,0,0,.19354838,.208,0,.11255411,.10447761,.14285715,0,.14285715,.12380952,.13333334,0,.21100917,.11428571,.12025317,0,0,0,.22857143,.11633664,0,.17322835,.14423077,0,.15126051,.10243902,.20121951,0,0,0,.10869565,0,.19047619,0,0,0,0,.10928962,0,0,.10638298,.14285715,.27559054,0,0,.1368421,0,0,0,0,0,.11428571,0,.22857143,.10526316,.16190477,.11428571,0,0,.11888112,.31034482,.22857143,0,.13294798,0,.2,0,0,.1329114,0,.16666667,0,.30399999
894,Zambia,ZMB,0,0,0,.16556291,0,0,.17837837,0,.21100917,0,.14399999,.10550459,.16,.13600001,.104,.15202703,0,0,.14917128,.14444445,0,0,.22400001,.1822034,0,0,.112,.15151516,0,.17834395,.10148515,.2,.12800001,0,0,.17791411,.22297297,.152,0,.12,.13064133,0,.11146497,.152,0,.13600001,.27741936,.1125,.16535433,0,.10313901,.14399999,0,0,0,.17948718,.12800001,0,0,0,.18577075,0,.17032968,.112,0,.2,.13360325,.112,.12027492,.19521913,.16927899,0,.112,0,0,.1460177,0,.12,.14399999,0,.12800001,.28402367,.184,0,0,0,0,.14691943,0,0,.17605634,.2079646,.20588236,0,.16911764,.2,0,0,.12987013,.1840796,.14399999,0,.184,.112,.16,0,.168,.16,.1392405,0,.13600001,0,.23999999,.12128713,.125,.22047244,.15865384,0,.22400001,.13170731,.21951219,.13380282,0,.11944444,.11413044,.11940298,.27200001,0,0,0,.16393442,.15300547,0,0,.16595745,.176,.2519685,0,0,.16842106,0,.11510792,.11746032,0,0,.16,0,.248,.12550607,.16,0,.104,.14399999,.16083916,.31200001,.176,.15720524,.20231214,0,.2,.104,0,.15822785,0,.23577236,.30399999,0
