country_code_BACI,country_name,iso3,AFG,ALB,DZA,AND,AGO,ATG,AZE,ARG,AUS,AUT,BHS,BHR,BGD,ARM,BRB,BEL,BMU,BTN,BOL,BIH,BWA,BRA,BLZ,SLB,VGB,BRN,BGR,MMR,BDI,BLR,KHM,CMR,CAN,CYM,CAF,LKA,TCD,CHL,CHN,COL,COG,COD,CRI,HRV,CUB,CYP,CZE,BEN,DNK,DMA,DOM,ECU,SLV,GNQ,ETH,EST,FJI,FIN,FRA,PYF,DJI,GAB,GEO,PSE,DEU,GHA,GIB,GRC,GRL,GUM,GTM,GIN,GUY,HTI,HND,HKG,HUN,ISL,IDN,IRN,IRQ,IRL,ISR,ITA,CIV,JAM,JPN,KAZ,JOR,KEN,PRK,KOR,KWT,KGZ,LAO,LBN,LSO,LVA,LBR,LBY,LTU,LUX,MAC,MDG,MWI,MYS,MDV,MLI,MLT,MRT,MUS,MEX,S19,MNG,MDA,MNE,MAR,MOZ,OMN,NAM,NPL,NLD,ANT,ABW,NCL,VUT,NZL,NIC,NER,NGA,NOR,MHL,PAK,PAN,PNG,PRY,PER,PHL,POL,PRT,GNB,TLS,QAT,ROU,RUS,RWA,LCA,VCT,SMR,SAU,SEN,SRB,SYC,SLE,IND,SGP,SVK,VNM,SVN,SOM,ZAF,ZWE,ESP,SDN,SUR,SWZ,SWE,CHE,SYR,TJK,THA,TGO,TTO,ARE,TUN,TUR,TKM,UGA,UKR,MKD,EGY,GBR,TZA,USA,BFA,URY,UZB,VEN,YEM,ZMB
4,Afghanistan,AFG,0,0,0,0,0,0,0,0,0,0,0,0,0,0,0,0,0,0,0,0,0,0,0,0,0,0,0,0,0,0,0,0,0,0,0,0,0,0,0,0,0,0,0,0,0,0,0,0,0,0,0,0,0,0,0,0,0,0,0,0,0,0,0,0,0,0,0,0,0,0,0,0,0,0,0,0,0,0,0,0,0,0,0,0,0,0,0,0,0,0,0,0,0,0,.1875,0,0,0,.125,0,0,0,0,0,0,0,0,0,0,0,0,0,0,0,0,0,0,0,0,0,0,0,0,0,0,0,0,0,0,0,0,0,0,0,0,0,0,0,0,0,0,0,0,0,0,0,0,0,0,0,0,0,0,0,0,0,0,0,0,0,0,0,0,0,0,0,0,0,0,0,0,0,0,0,0,0,0,0,0,0,0,0,.10714286,0,0,0,0,0,0,0
8,Albania,ALB,0,0,0,.14798206,0,0,.12244898,.13930348,0,.16504854,.12337662,0,0,.18367347,0,.15306123,.1632653,0,0,0,0,0,0,.10679612,0,.12244898,.11261261,0,0,.10204082,0,0,0,0,.18978103,0,.14285715,0,0,0,0,.12307692,0,0,0,0,0,.14285715,.11764706,0,0,0,0,.15057915,.114,0,.19417475,0,.11678832,0,0,0,.15517241,.17307693,0,0,0,0,.12844037,0,.11926606,0,0,0,0,0,0,0,0,.12435233,0,.18367347,0,0,.11016949,0,.1122449,.13440861,0,.14285715,.12033195,.1971831,0,0,0,.14285715,.15248227,0,0,0,0,0,0,0,0,0,.12865497,.11290322,.16312057,0,0,0,.10215054,.1122449,0,.17346939,.16666667,.13265306,.15306123,0,0,.15306123,0,.15151516,0,.14285715,0,.10084034,.10148515,0,.13812155,.1460177,0,.16589862,0,.17058824,0,0,0,.1299435,0,0,.14035088,0,0,0,0,.12244898,0,0,.1122449,.16778524,0,0,0,0,0,.13265306,0,0,0,0,0,.10055866,0,.18932039,0,.17346939,0,.21428572,.10204082,0,0,.11111111,.12011173,.16,.15189873,0,.15625,.10403397,.21428572,0,0,0,0,0,.1122449,.11814346,0,0
12,Algeria,DZA,0,0,0,0,0,0,0,0,0,0,0,0,0,0,0,0,0,0,0,0,0,0,0,0,0,0,0,0,0,0,0,0,0,0,0,0,0,0,0,.14814815,0,0,0,0,0,0,0,0,0,0,0,0,0,0,0,0,0,0,0,0,.11764706,0,0,0,0,0,0,.125,0,0,0,0,0,0,0,0,0,0,0,0,0,0,.14285715,0,0,0,0,0,0,0,0,0,0,0,0,0,0,0,0,0,0,0,0,0,0,0,0,0,0,0,0,.11111111,0,0,0,0,0,0,0,0,0,0,0,0,0,0,0,0,0,0,0,0,0,0,0,0,0,0,0,0,0,0,0,0,0,0,0,0,0,0,0,0,0,0,0,0,0,0,0,0,0,0,0,0,0,0,.16666667,0,0,0,0,0,0,0,0,0,0,0,0,0,0,0,0,0,0,0,0,0,0,0
20,Andorra,AND,0,.14798206,0,0,.21076234,0,.13004485,.16143498,.14798206,.10762332,.16143498,.17647059,0,.10762332,.15690866,0,0,.21524663,.28947368,.10313901,0,.33898306,.16143498,.30941704,0,0,.17937219,.26457399,0,0,.13901345,0,.18326694,.15488215,.14349777,.22310758,.11210762,0,0,0,.22421524,.16591929,0,0,.24215247,.17391305,.16420664,0,.12107623,.22018349,.2825112,0,.10313901,.27799228,.226,.24382716,.13004485,.16877638,.23318386,.1733871,0,.1632653,.1838565,.13901345,0,0,0,0,.25688073,0,.25560537,.16143498,0,.23508772,.20627803,.29491526,.12556054,.21582733,.25291827,.2253886,0,0,0,0,.21186441,.20733945,0,.27354261,.14603175,0,.31535271,.14798206,.17040358,.14644352,0,.17937219,.27304965,0,0,.19282511,.26905829,.10313901,.2557252,.13901345,.27304965,.18834081,.29147983,.24215247,.2600897,0,.2025862,0,.30493274,0,0,.16143498,.13004485,0,.10762332,0,.24663678,0,.12556054,.12556054,0,0,0,.20179372,.16336633,.11659193,.26905829,.21681416,0,.29596412,.2820513,.19282511,.19730942,0,.21359223,.17937219,.25845411,0,.24561404,0,0,.30067569,0,0,.14487633,0,0,.20627803,.13901345,0,0,.26457399,.12556054,0,.28797469,0,.20075758,.21451104,.16118421,.22421524,0,.24663678,0,.13004485,.19,0,0,0,0,.35874438,.25698325,.23766816,.1748879,.23766816,.15246637,.1507431,.12107623,0,0,0,.3125,0,0,.24894515,0,.13901345
24,Angola,AGO,0,0,0,.21076234,0,0,.11170213,.1442786,.13829787,.12234043,0,.19294117,0,.14361702,.13348946,0,0,.12234043,.17105263,0,0,.20338982,.17021276,.21359223,0,0,.12612613,.25345623,0,0,0,0,.16733068,.18181819,0,.17729084,.10638298,0,0,0,.17910448,.13297872,0,0,.2090909,.19181585,.18450184,0,.14361702,.20489296,.20418848,0,0,.15057915,.176,.20987654,.10638298,.18565401,.14361702,.16935484,0,.15816326,.12765957,.12765957,.12234043,0,0,0,.18348624,0,.18348624,.14361702,0,.21403509,.17553191,.22372882,0,.176259,.15175097,.13730571,.14361702,0,0,0,.16101696,.18348624,0,.22340426,.16507937,0,.19502075,.11702128,0,.13807531,0,0,.22340426,0,0,.2606383,0,0,.17938931,.17894737,.21276596,.18617021,.15425532,.21808511,.12234043,0,.15948276,0,.21808511,0,0,0,.10638298,0,0,0,.21276596,0,.17021276,0,0,0,0,.14361702,.17821783,.10106383,.19148937,.18584071,0,.22119816,.26068377,.11702128,.14893617,0,.2038835,.14361702,.19806764,0,.1754386,0,0,.19594595,0,0,.14840989,0,0,.14893617,.17021276,0,0,.19587629,.18617021,0,.18670887,0,.20833333,.19873817,.17434211,.13297872,0,.18446602,0,.13297872,.17333333,0,0,0,0,.2037037,.18994413,.16,.16489361,.1402715,.12765957,.17197452,0,0,0,.11170213,.2,0,0,.12658228,0,.11702128
28,Antigua and Barbuda,ATG,0,0,0,0,0,0,0,0,0,0,0,0,0,0,0,0,0,0,0,0,.12280702,0,0,0,0,0,0,0,0,0,0,0,0,0,0,0,0,0,.1025641,.10526316,0,0,0,0,0,0,0,.14893617,0,0,0,0,0,0,0,0,0,0,0,0,0,0,0,0,.11864407,.10526316,0,0,0,0,0,0,0,0,0,0,0,0,0,0,0,0,0,0,0,0,0,0,0,0,0,0,0,0,0,0,0,.13157895,0,0,0,0,0,0,0,0,0,0,0,0,0,.10526316,0,0,.14285715,0,0,0,0,0,0,0,0,0,0,0,0,0,0,0,0,0,0,0,0,0,0,0,0,0,0,0,0,0,0,0,0,0,0,.175,0,0,0,0,0,0,0,0,0,.10526316,0,0,0,0,0,0,0,0,0,0,0,0,.14285715,0,0,0,0,0,0,0,0,0,.13157895,0,0,0,.14893617,0,0,0
31,Azerbaijan,AZE,0,.12244898,0,.13004485,.11170213,0,0,.11940298,.14788732,0,0,0,.10526316,.14736842,0,.23157895,.1368421,.13131313,0,.2,.10526316,.10593221,.12299465,.10679612,0,.12631579,0,.15668203,0,0,.10526316,0,0,0,0,0,.16666667,0,0,0,.12437811,.11538462,.11578947,0,0,0,0,0,.13445379,0,.14659686,0,0,.15444015,0,.10802469,.1262136,0,.14598539,0,0,0,.18965517,.15384616,0,.11578947,0,0,.11620795,0,.13302752,.17307693,0,0,0,.11186441,0,0,0,.10362694,0,0,0,0,0,0,0,.14516129,0,.10526316,.14107884,0,0,0,.10526316,0,.14893617,0,0,.16058394,.12765957,0,.11068702,0,.10992908,0,0,.10752688,0,0,0,0,0,0,0,.11578947,.11764706,0,.15789473,0,.13812155,.12631579,.12087912,0,0,.17894737,0,.11764706,0,0,.1160221,0,.17894737,.12442397,.11538462,0,0,0,.10436893,0,0,.12631579,.16666667,0,0,0,0,0,0,.17894737,0,.13422818,.10588235,0,.12631579,0,0,0,.10759494,0,.10227273,0,0,0,0,.11165048,0,.22105263,0,.12631579,0,0,.11578947,.11111111,.12290503,.18000001,.15189873,.10859729,0,0,.14736842,.11578947,0,.17894737,.11666667,0,.12631579,.13080169,.10526316,.11864407
32,Argentina,ARG,0,.13930348,0,.16143498,.1442786,0,.11940298,0,.12935324,.14925373,.25870648,.15764706,0,0,.22482435,0,0,0,.19407895,0,0,.16525424,.19402985,.2184466,0,.19402985,.32882884,.18894009,0,0,0,0,.23505977,.11111111,.27860695,.10358566,.10447761,0,0,0,0,.15422885,0,0,.18181819,.12020461,.13837638,0,0,.20489296,.13930348,0,.11940298,.23166023,.206,.17592593,.13930348,.16455697,.15920398,.19556452,0,.14795919,.19402985,.1442786,0,0,0,0,.21100917,0,.22477064,0,0,0,.1442786,.19661017,0,.20143884,.15953307,.19948186,.14925373,0,0,.11940298,.12711865,.14311926,.10945274,.15422885,0,.13930348,.21576764,.19402985,0,0,0,.10447761,.19858156,0,0,0,.13930348,0,.24809161,.16915423,.18794326,0,.15920398,.21393035,.11940298,0,.15517241,0,.17412935,0,0,.12935324,0,0,0,0,.13930348,0,.15920398,.1442786,0,0,0,.17910448,.23762377,.11940298,.15920398,.3318584,0,.18894009,.10683761,.23880596,.12437811,0,.19660194,.10447761,.16666667,.19900498,.20614035,0,0,.15878378,.14925373,0,0,0,0,.15422885,0,0,0,.15920398,0,0,.19936709,0,.15151516,.13564669,.14473684,.19402985,0,.18446602,0,.10945274,.19,.12935324,0,0,0,.18055555,.20111732,.26865673,.20895523,.26244345,.3283582,.22080679,.12935324,0,0,0,.15833333,0,0,.29113925,0,.1442786
36,Australia,AUS,0,0,0,.14798206,.13829787,0,.14788732,.12935324,0,.11971831,.1038961,.13176471,0,0,.11709602,0,0,.11267605,.18092105,.14084508,0,.16525424,0,.11650486,0,0,.13063063,.13364056,0,0,.1056338,0,0,.16498317,.1971831,.12549801,0,0,0,0,.19900498,.19014084,.12676056,0,.12272727,.11764706,.10885609,0,.16197184,.12232416,.17801048,0,0,.11969112,.12800001,.16049382,0,0,.17605634,.12096774,0,.10204082,.20422535,0,0,0,0,0,.19266056,0,.1880734,.18309858,0,.16491228,.2027027,.1559322,.12676056,.17266187,.11284047,.13989638,.1056338,0,0,0,.16101696,.14678898,.14788732,.2311828,.11428571,0,.12448133,0,0,.14225942,0,.11971831,.17375886,0,0,.17605634,.16489361,.11267605,.16793893,.12631579,.15602838,0,.21052632,.22580644,.21126761,0,.13362069,0,.21505377,0,0,0,.1971831,0,.11971831,0,.22099447,0,.12087912,.18309858,0,.1056338,0,.16197184,.13118812,0,.12154696,.1238938,0,.17050691,.11111111,.15882353,.13333334,0,.1237864,.14124294,.16425121,0,.18859649,0,0,.15202703,0,0,.12367491,0,0,.12080537,0,0,0,.15463917,.17605634,0,.17405063,0,.14772727,.11671925,0,.17318435,0,.18446602,0,.1056338,.11333334,0,0,0,0,.16666667,.16759777,.145,.1392405,.1402715,.125,.12314225,.11971831,0,0,0,.125,0,0,.16455697,0,.14788732
40,Austria,AUT,0,.16504854,0,.10762332,.12234043,0,0,.14925373,.11971831,0,0,0,0,.13592233,.11007026,0,.11650486,0,0,.11650486,0,0,0,.17475729,0,0,.11711711,.14746544,0,0,0,0,.10756972,.1010101,.13138686,0,0,0,0,0,0,.13076924,.10679612,0,.11818182,0,.10885609,0,.11764706,.10703364,0,0,0,0,.118,.10185185,0,.13080169,0,.11491936,0,.11734694,.12931034,0,.11650486,0,0,0,.11009175,0,.11009175,0,0,0,.10135135,0,0,0,0,0,.13385826,0,0,0,0,0,.14563107,.10752688,0,0,.10788382,.11267605,0,.11297071,0,0,0,0,0,.12408759,0,0,0,0,0,0,0,0,0,0,0,0,.10215054,0,0,0,0,0,0,0,0,0,.10989011,0,0,0,0,.15126051,.13613862,0,0,.12831858,0,0,0,0,0,0,0,.12429378,0,.1262136,0,0,0,0,0,0,.10600707,0,0,.16107382,.11176471,0,0,0,0,0,0,0,.10227273,.11356467,.10197368,.10614525,0,0,0,0,0,0,0,0,0,0,0,0,.11392405,.11312217,.16249999,.11889596,.10679612,0,0,.1262136,0,0,0,.11392405,0,.10169491
44,Bahamas,BHS,0,.12337662,0,.16143498,0,0,0,.25870648,.1038961,0,0,0,0,.11688311,.13348946,0,0,0,.16776316,0,0,.13559322,.11229946,.11165048,0,.16233766,.17117117,.10138249,0,0,.11038961,0,.25896415,0,.24025974,0,0,0,0,0,.12935324,.1038961,.1038961,0,.14090909,0,0,.11688311,0,.13455658,.13612565,0,0,.12741312,.11,.11111111,.19480519,.12658228,.15584415,.13104838,0,.13520408,.22077923,.15584415,0,0,0,0,.15902141,0,.11926606,0,0,0,.11688311,.11864407,0,.10071942,.12451362,.15284973,.19480519,.11038961,0,.13636364,.11440678,0,.1038961,.12903225,0,.18831168,.18257262,.25324675,0,0,0,0,.11347517,0,0,0,.10106383,0,.16030534,.11052632,.15248227,0,.19298245,.14516129,.13636364,0,.13362069,0,.10215054,0,0,.12337662,.11688311,.13636364,.14935064,0,.11049724,0,.12637363,.18831168,0,.1038961,0,.2012987,.13366337,.13636364,.1160221,.2920354,0,.15207373,0,.20588236,.14935064,0,.1262136,.13559322,0,.15584415,.10526316,0,0,0,.21428572,.12337662,0,0,.1038961,.19480519,.10588235,0,0,0,0,.11038961,.14873418,0,0,0,.10197368,.11731844,0,.11165048,0,0,0,.11038961,0,0,0,.10648149,0,.27500001,.18987341,.19909503,.28749999,.12951168,.1038961,0,0,0,0,0,0,.2658228,.13636364,.19480519
48,Bahrain,BHR,0,0,0,.17647059,.19294117,0,0,.15764706,.13176471,0,0,0,0,0,.41686183,0,0,0,.28705883,0,0,.26352942,.23294118,.21411765,0,0,.19294117,.21647058,0,0,0,0,.26117647,.36941177,.11058824,.312749,0,0,0,0,.18117647,.14588235,0,0,.22117648,.52470589,.5387454,0,.10823529,.40941176,.14352942,0,0,.1717647,.454,.3435294,0,.32235295,0,.45967743,0,.32941177,.10117647,0,0,0,0,0,.28705883,0,.16941176,0,0,.16470589,.11294118,.36000001,0,.3317647,.13411765,.26117647,.11294118,0,0,0,.19294117,.47522935,0,.16235293,.31294116,0,.19294117,0,0,.1882353,0,0,.28235295,0,0,.11764706,.11058824,0,.27294117,.26588234,.30588236,0,0,.16941176,0,0,.19764706,0,.16470589,0,0,0,.11058824,0,0,0,.11294118,0,.12705882,0,0,0,0,0,.36705881,.11529412,.12235294,.24235295,0,.12705882,.14352942,.10588235,0,0,.47058824,.12470588,.40000001,0,.19529411,0,0,.31058824,.11058824,0,.23999999,0,0,.10588235,.10823529,0,0,.15529412,.16941176,0,.37882352,0,.36470589,.45647058,.39294118,.16,0,.11294118,0,0,.23764706,0,0,0,0,.13176471,.32470587,.12,.13411765,.23294118,.12470588,.41613588,0,0,0,0,.13176471,0,0,.20941177,0,0
50,Bangladesh,BGD,0,0,0,0,0,0,.10526316,0,0,0,0,0,0,0,0,.10769231,.10606061,0,0,0,0,0,0,0,0,0,0,0,0,.10810811,0,0,0,0,0,0,0,0,.1025641,.14814815,0,0,0,0,0,0,0,0,0,0,0,0,0,0,0,0,0,0,0,0,.11538462,0,0,0,0,0,0,0,0,0,0,0,0,0,0,0,0,0,0,0,0,0,0,0,0,0,0,0,0,0,0,0,0,0,0,0,0,0,.11538462,0,0,0,0,0,0,0,0,0,0,0,0,0,0,0,0,0,0,0,0,.11538462,0,0,0,0,0,0,.10810811,0,0,0,0,0,0,0,0,0,0,0,0,0,0,0,0,0,0,0,0,0,0,0,.11111111,0,0,0,0,0,0,0,0,.15625,0,0,0,0,0,0,0,0,0,.14754099,0,0,0,0,0,0,0,0,0,0,0,0,.14285715,0,0,0,.19148937,0,0,0
51,Armenia,ARM,0,.18367347,0,.10762332,.14361702,0,.14736842,0,0,.13592233,.11688311,0,0,0,0,.22499999,.26249999,.13131313,0,0,0,0,0,0,0,.16304348,0,0,0,0,.19753087,.1125,0,0,0,0,.13541667,.1375,0,0,.12935324,.16923077,0,0,.10454545,0,0,.2,.14285715,0,.14136125,0,.10843374,0,0,0,.25242719,0,.13868614,0,0,0,.13793103,.17307693,0,0,0,0,0,0,.12385321,.10576923,.16249999,0,.11486486,0,.1125,0,.10505836,0,0,0,0,.125,0,0,.15000001,.11827957,0,0,.16182573,.15492958,0,0,0,.12631579,.10283688,0,0,.16058394,.11170213,0,0,0,0,0,.10526316,0,.11347517,0,0,0,0,.22499999,0,.11627907,.13725491,.125,.16249999,0,0,.21250001,0,.17171717,0,.22499999,0,.13445379,0,0,.10497238,.1238938,0,.11059908,0,.10588235,0,0,0,0,0,0,.11403508,0,0,0,0,.30000001,0,0,.1375,.17449665,0,0,.12195122,.10309278,0,.125,0,0,0,0,0,0,0,.10194175,0,.22580644,0,.1375,0,0,0,0,0,.17,.24050634,0,0,0,.14130434,0,0,0,0,0,.2375,.12236287,.1125,.14406779
52,Barbados,BRB,0,0,0,.15690866,.13348946,0,0,.22482435,.11709602,.11007026,.13348946,.41686183,0,0,0,0,0,0,.26932085,0,0,.21077283,.21077283,.15925059,0,0,.18501171,.23653395,0,0,0,0,.26932085,.25292739,.11943794,.22709164,0,0,0,0,.1615925,.14285715,0,0,.20374708,.35362998,.45756456,0,.1147541,.37002343,.15925059,0,0,.24121779,.41800001,.33021078,0,.25526932,.11241218,.47177419,0,.44730678,0,.10538641,0,0,0,0,.323185,0,.22014052,0,0,.12412178,.1264637,.28337237,0,.28337237,.15456675,.2857143,.14285715,0,0,0,.23419204,.34311926,0,.20374708,.26463699,0,.24121779,.13348946,0,.22014052,0,0,.23653395,0,0,.11007026,.11007026,0,.29039812,.20608899,.25995317,0,.10070258,.13583139,0,0,.22014052,0,.17798595,0,0,0,0,0,0,0,.12177986,0,.15925059,0,0,0,0,0,.55737704,.10070258,.12177986,.24355972,0,.1381733,.12880562,.1498829,.10070258,0,.44496489,.14285715,.36065573,0,.19437939,0,0,.21311475,.11241218,0,.21077283,0,0,.13348946,.14285715,0,0,.18969555,.10070258,0,.34894612,0,.26932085,.31381732,.29508197,.15222482,0,.15690866,0,0,.22482435,0,0,0,0,.12177986,.28805619,.14051522,.13348946,.21311475,.1615925,.43949044,0,0,0,0,.11709602,0,0,.25292739,0,0
56,Belgium,BEL,0,.15306123,0,0,0,0,.23157895,0,0,0,0,0,.10769231,.22499999,0,0,.30303031,0,0,.10714286,0,0,0,0,0,.13043478,0,0,0,.12307692,0,.18461539,0,0,0,0,.25,.23076923,0,.10769231,.10447761,.17692308,.13846155,0,0,0,0,.16923077,.10084034,0,.12565444,0,.14457831,.11196911,0,0,.19417475,0,.15328467,0,0,0,.19827586,.24038461,0,.16923077,.10769231,0,0,0,.13761468,.10576923,.26153848,0,.16216215,0,.13846155,0,0,0,0,.12307692,0,0,0,0,.14864865,.10215054,0,.1375,.13278009,0,0,0,0,.10526316,0,0,0,0,.11702128,.10769231,.10305344,.10526316,.10992908,0,0,.10215054,.14184397,0,0,0,0,.27692309,0,.18604651,.13725491,0,.28169015,0,.14917128,.26153848,.10989011,0,0,.26153848,.12307692,.15966387,0,0,.11049724,0,.15384616,.11520737,0,0,0,.15384616,0,0,0,.17721519,.11842106,.10769231,0,0,0,.14925373,0,0,.10769231,.16778524,0,.12307692,.17073171,.10824742,0,0,0,.15384616,0,0,0,0,.13846155,.10679612,0,.34408602,0,.18461539,.12307692,0,.10769231,0,0,.175,.20253165,.1040724,0,0,.18478261,.18461539,0,.13333334,0,0,.18461539,0,.16923077,.15254237
60,Bermuda,BMU,0,.1632653,0,0,0,0,.1368421,0,0,.11650486,0,0,.10606061,.26249999,0,.30303031,0,0,0,0,0,0,0,0,0,.18478261,0,0,0,0,.11111111,.12121212,0,0,0,0,.22916667,.10606061,0,0,0,0,0,0,0,0,0,.21212122,0,0,.12565444,0,0,.13127413,0,0,.25242719,0,.11678832,0,0,0,.13793103,.17307693,0,.10606061,0,0,0,0,.12385321,0,.15151516,0,.12837838,0,.15151516,0,0,0,0,0,0,0,0,0,.14864865,0,0,.1375,.11618257,.14084508,0,0,0,.11578947,0,0,0,0,0,0,0,0,0,0,0,0,.15602838,0,0,0,0,.34848484,0,.1627907,0,0,.1971831,0,0,.24242425,0,.11111111,0,.33333334,.12121212,.15126051,0,0,0,0,.10606061,.11520737,0,0,0,0,0,0,0,.20253165,.13157895,.13636364,0,0,0,.20895523,0,0,.1969697,.22147651,0,0,0,0,0,.12121212,0,0,0,0,0,0,0,.13106796,0,.23655914,0,.22727273,.15151516,0,0,0,0,.18000001,.19620253,0,0,0,.19565217,.13636364,0,.11111111,0,0,.1969697,0,.16666667,.13559322
64,Bhutan,BTN,0,0,0,.21524663,.12234043,0,.13131313,0,.11267605,0,0,0,0,.13131313,0,0,0,0,.14802632,.1010101,0,.13983051,0,0,0,0,0,0,0,0,.19191919,0,0,0,0,.11752988,0,0,0,0,.14925373,.13076924,0,0,0,0,0,0,.10084034,0,.20418848,0,.11111111,.18146718,0,.12345679,.25242719,0,.27737227,0,0,0,.15517241,.125,0,0,0,0,.13455658,0,.17889908,.16346154,.12121212,.15087719,.27027026,.13559322,.26262626,0,.19844358,.16839378,0,0,0,.1010101,0,0,.11111111,.17204301,0,0,.18257262,.16901408,.41414142,0,0,.26262626,.10283688,0,0,.16058394,.30851063,.24242425,.13358779,0,.12056737,.26760563,.28654972,.19892474,.38297874,0,0,0,.21505377,.12121212,0,.30303031,.10784314,.13131313,.19191919,0,.23204421,.18181819,0,0,0,.11111111,0,.31932774,0,0,.25414366,0,0,.29032257,.17521368,.16470589,.23333333,0,0,.10169491,.14734299,.11111111,0,.1010101,0,.15878378,0,0,0,0,0,.16778524,0,0,.12121212,.21649484,0,0,.11392405,.1010101,0,0,0,.12290503,0,.18446602,0,.12121212,.13666667,.11111111,0,0,0,.25,.14525139,.2,.15822785,0,.10625,0,.11111111,0,0,0,.24583334,0,.12121212,0,0,.11864407
68,Bolivia (Plurinational State of),BOL,0,0,0,.28947368,.17105263,0,0,.19407895,.18092105,0,.16776316,.28705883,0,0,.26932085,0,0,.14802632,0,0,0,.34539473,.22368421,.15789473,0,.11513158,.16118421,.15131579,0,0,0,0,.26973686,.22368421,.19078948,.26693228,0,0,0,0,.21052632,.14473684,0,0,.22039473,.30690536,.23800738,0,.11842106,.27828747,.24013157,0,0,.3125,.30000001,.33641976,.12828948,.20065789,.17763157,.25403225,0,.21683674,.17434211,.12171052,0,0,0,0,.37614679,0,.26644737,0,0,.22368421,.20394737,.39144737,0,.31907895,.2631579,.30051813,0,0,0,0,.21710527,.29357797,0,.23684211,.17142858,0,.25986841,.16447368,.125,.16118421,0,.15460527,.29276314,0,0,0,.22697368,.10526316,.35855263,.20723684,.3618421,.1875,.23684211,.29276314,.17434211,0,.23684211,0,.3125,0,0,.10855263,.13815789,0,0,0,.21381579,0,.15789473,0,0,0,0,.16118421,.25,0,.20723684,.23355263,0,.2631579,.19078948,.22697368,.14144737,0,.35679612,.18092105,.34541062,.11513158,.24671052,0,0,.44078946,.125,0,.19736843,0,0,.14473684,.10526316,0,0,.28947368,.1118421,0,.42088607,0,.3256579,.31861198,0,.20394737,0,.27631578,0,.10197368,.25,0,0,0,0,.29276314,.39944133,.19407895,.16447368,.24342105,.17105263,.20382166,.1118421,0,0,0,.25,0,0,.21381579,0,.11513158
70,Bosnia Herzegovina,BIH,0,0,0,.10313901,0,0,.2,0,.14084508,.11650486,0,0,0,0,0,.10714286,0,.1010101,0,0,.13095239,.12711865,0,0,0,0,0,.11059908,0,0,0,0,.11553785,0,0,0,0,.10714286,0,0,.10447761,0,0,0,0,0,0,.10714286,0,0,0,0,0,.13899614,0,.11419753,.10679612,0,0,0,0,0,.12931034,0,0,0,0,0,.11009175,0,0,.125,0,0,0,.10847457,0,0,0,0,0,0,0,.10714286,.11016949,0,0,.14516129,0,0,0,.11971831,0,0,0,0,.11702128,0,0,.12408759,0,0,0,.10526316,.10283688,0,0,.10752688,0,0,0,0,.11827957,0,0,0,.11764706,0,.14285715,0,.10497238,0,.10439561,.1010101,0,0,0,.1092437,0,.10169491,.10497238,0,.11904762,0,0,0,0,0,0,0,0,0,0,0,0,.10135135,.11450382,0,0,.15476191,0,0,0,0,0,0,0,0,.11392405,0,0,.10094637,0,0,0,.10194175,0,.11827957,0,.13095239,0,0,.14285715,0,.11173184,0,0,0,0,0,.10869565,0,.14285715,.15555556,0,0,0,0,0,0
72,Botswana,BWA,0,0,0,0,0,.12280702,.10526316,0,0,0,0,0,0,0,0,0,0,0,0,.13095239,0,0,0,0,0,0,0,0,0,.10526316,0,0,0,0,0,0,0,0,0,0,0,0,.19298245,0,0,0,0,.10526316,0,0,0,0,0,0,0,0,0,0,0,0,0,0,.10344828,0,.23728813,0,0,0,0,.10526316,0,.11538462,0,0,0,0,0,0,0,0,0,0,0,.12162162,0,0,.16216215,0,0,0,0,0,0,0,0,0,0,0,0,.12408759,0,0,0,0,0,0,0,0,0,.10526316,0,0,0,0,0,0,.14705883,0,.11267605,0,0,0,0,.1010101,.10526316,0,0,0,0,.11864407,0,0,.10344828,0,0,0,0,0,0,0,0,0,0,.16949153,0,0,0,.14925373,0,0,0,.10738255,0,0,0,0,0,0,0,0,0,0,0,0,.15789473,0,0,0,0,0,0,0,.10526316,0,0,0,0,0,0,0,0,.10526316,0,0,0,0,.12280702,0,0,0
76,Brazil,BRA,0,0,0,.33898306,.20338982,0,.10593221,.16525424,.16525424,0,.13559322,.26352942,0,0,.21077283,0,0,.13983051,.34539473,.12711865,0,0,.24152543,.15254237,0,.10169491,.20338982,.21186441,0,0,.10169491,0,.2868526,.18855219,.14830509,.20517929,.12711865,0,0,0,.24152543,.1822034,0,0,.24576271,.31202045,.21586716,0,.11440678,.27522936,.27542374,0,0,.2857143,.24600001,.33641976,.11016949,.23628692,.19915254,.19758065,0,.15306123,.1779661,.13983051,0,0,0,0,.3119266,0,.26271185,.11440678,0,.16842106,.20338982,.4338983,0,.30575541,.22178988,.19689119,0,0,0,0,0,.24770643,0,.25,.12698413,0,.28630707,.20762712,.11440678,.12552302,0,.15254237,.32624114,0,0,.14830509,.18644068,0,.37404579,.19915254,.32624114,.13983051,.25423729,.32627118,.16949153,0,.22033899,0,.33474576,0,0,.11440678,.22881356,0,0,0,.20338982,0,.17372881,.10593221,0,0,0,.16949153,.19306931,0,.18644068,.25,0,.22457626,.18644068,.18644068,.13983051,0,.30339807,.16525424,.30917874,.12288135,.32203391,0,0,.375,.11440678,0,.13074204,0,0,.14830509,0,0,0,.25847459,.13559322,0,.3892405,0,.35227272,.35015774,.24342105,.20762712,0,.26694915,0,.12288135,.18333334,0,0,0,0,.30508474,.30446929,.19915254,.16525424,.33474576,.12711865,.16985138,.11016949,0,0,0,.28749999,0,0,.23206751,0,.12288135
84,Belize,BLZ,0,0,0,.16143498,.17021276,0,.12299465,.19402985,0,0,.11229946,.23294118,0,0,.21077283,0,0,0,.22368421,0,0,.24152543,0,.16504854,0,0,.22522523,.23041475,0,0,0,0,.2430279,.10774411,.13368984,.14541833,0,0,0,0,.21890548,.171123,0,0,.14090909,.23017903,.18081181,0,.10695187,.24770643,.14659686,0,.10695187,.21621622,.198,.24074075,0,.24894515,.13903743,.18346775,0,.13265306,0,.10695187,0,0,0,0,.18348624,0,.19724771,0,0,0,.18181819,.27457628,0,.23021583,.13618676,.13730571,.12834224,0,0,0,.13135593,.18165137,0,.20855615,.12380952,0,.19087137,.15508021,0,.17991632,0,0,.21631205,0,0,0,.14893617,0,.33969465,.24210526,.27659574,0,.13368984,.20855615,.10160428,0,.1724138,0,.20320855,0,0,0,.12834224,0,0,0,.14438502,0,.1657754,.10695187,0,0,0,.12834224,.19059406,0,.16042781,.24336283,0,.16589862,.12820514,.13368984,0,0,.26941746,.14973262,.2294686,0,.21052632,0,0,.19932432,.12299465,0,.12367491,0,0,.13368984,0,0,0,.19587629,.11764706,0,.24683544,0,.25,.22712934,.22697368,.11764706,0,.18446602,0,0,.17333333,0,0,0,0,.14351852,.22067039,.125,.13903743,.26696834,.16042781,.14861996,0,0,0,0,.16249999,0,0,.11814346,0,.12834224
90,Solomon Isds,SLB,0,.10679612,0,.30941704,.21359223,0,.10679612,.2184466,.11650486,.17475729,.11165048,.21411765,0,0,.15925059,0,0,0,.15789473,0,0,.15254237,.16504854,0,0,0,.2117117,.30414745,0,0,.10194175,0,.17529881,.15151516,.13106796,.17928287,0,0,0,0,.16019417,.11165048,0,0,.16363636,.20971867,.19926199,0,.10679612,.20489296,.16504854,0,0,.17760618,.204,.18518518,0,.26160339,.12135922,.2016129,0,.19642857,0,0,0,0,0,0,.16207951,0,.16513762,.11650486,0,.12982456,.10194175,.18305084,0,.20143884,.15175097,.17875648,0,0,0,0,.15254237,.19633028,0,.16990291,.22857143,0,.19917013,0,0,.24686192,0,0,.19503546,0,0,.17961165,.15533981,0,.15267175,.13106796,.16312057,0,0,.16990291,.10194175,0,.21982759,0,.12135922,0,0,0,0,0,0,0,.1262136,0,.15533981,0,0,0,0,.11650486,.17079207,.13592233,.15533981,.17699115,0,.14746544,.1965812,.17961165,.14563107,0,.18932039,.2184466,.21014492,0,.17105263,0,0,.1858108,0,0,.19434629,0,0,.16990291,.18932039,0,0,.13592233,0,0,.18670887,0,.20454545,.19873817,.29276314,.18446602,0,0,0,0,.20999999,0,0,0,0,.17592593,.18435754,.15533981,.13592233,.19909503,.16019417,.21443737,0,0,0,0,.15833333,0,0,.21097046,0,.10679612
92,Br. Virgin Isds,VGB,0,0,0,0,0,0,0,0,0,0,0,0,0,0,0,0,0,0,0,0,0,0,0,0,0,0,0,0,0,0,0,0,0,0,0,0,0,0,0,.11111111,0,0,0,.1875,0,0,0,0,0,0,0,0,0,0,0,0,0,0,0,0,.11764706,0,0,0,0,0,0,0,0,0,0,0,0,0,0,0,0,0,0,0,0,0,0,0,0,0,0,0,0,0,0,0,0,0,0,0,0,.14814815,0,0,0,0,0,0,0,0,0,0,0,0,0,.16666667,0,0,0,0,0,0,0,0,0,0,0,0,0,0,0,0,0,0,0,0,0,0,0,0,0,0,0,0,0,0,0,0,0,0,0,0,0,0,0,0,0,0,0,0,0,0,0,0,0,0,0,0,0,0,0,0,0,0,0,0,0,0,0,0,0,0,0,0,0,0,0,0,0,0,0,0,0,0
96,Brunei Darussalam,BRN,0,.12244898,0,0,0,0,.12631579,.19402985,0,0,.16233766,0,0,.16304348,0,.13043478,.18478261,0,.11513158,0,0,.10169491,0,0,0,0,.14414415,0,0,0,.10869565,0,0,0,.18978103,0,.14583333,0,.10869565,0,.11940298,.10769231,0,0,0,0,0,.11956522,0,0,.10471204,0,.16304348,.11196911,0,0,.24271844,0,.12408759,0,0,0,.1637931,.17307693,0,.13043478,0,0,0,0,.15137614,0,.15217391,0,.12837838,0,0,0,.12062257,.11917099,0,0,0,0,0,0,.10869565,0,0,.15217391,.14107884,.14084508,0,0,0,.22105263,0,0,0,0,.10638298,.10869565,.10305344,0,.10638298,0,.11695907,.10215054,.14184397,0,0,0,0,.11956522,0,.23913044,0,.16304348,.15217391,0,.10497238,.2173913,0,0,0,.10869565,0,.15966387,0,0,0,0,0,.12903225,0,.28235295,0,.11956522,0,0,0,.26086956,.1008772,0,0,0,0,.18478261,0,0,0,0,0,0,.11956522,.12886597,0,0,0,0,0,0,0,.10055866,0,0,0,.12903225,0,.10869565,0,0,0,0,0,.19,.22151899,0,.13124999,0,0,0,0,0,0,0,0,.12658228,.10869565,.16949153
100,Bulgaria,BGR,0,.11261261,0,.17937219,.12612613,0,0,.32882884,.13063063,.11711711,.17117117,.19294117,0,0,.18501171,0,0,0,.16118421,0,0,.20338982,.22522523,.2117117,0,.14414415,0,.15765765,0,0,0,0,.21513945,.14814815,.2027027,.1434263,.15315315,.1036036,0,0,.23423423,.12612613,0,0,.15315315,.1943734,.16236162,0,0,.16819572,.17567568,0,.12612613,.19305019,.204,.18827161,.13063063,.19409283,.10810811,.19153225,0,.16581632,0,.15315315,0,0,0,0,.19266056,0,.2117117,0,0,.11929824,.18018018,.2,0,.18705036,.20233463,.25388601,.12612613,0,0,0,.1779661,.16880734,0,.13963965,.13650794,0,.22406639,.13513513,0,.11715481,0,.1036036,.16666667,0,0,0,.18018018,0,.20229007,.14864865,.16666667,0,.10810811,.17567568,.14864865,0,.2112069,0,.16666667,0,0,.13513513,.11711711,0,0,0,.13513513,0,.15315315,.13513513,0,0,0,.14864865,.17079207,.13513513,.12612613,.2699115,0,.2117117,.15384616,.17117117,0,0,.18689321,.15315315,.19323671,.17117117,.21929824,0,0,.17567568,.16216215,0,0,0,0,.15765765,0,0,0,.15315315,0,0,.19303797,0,.1969697,.21135646,.19736843,.17567568,0,.12612613,0,0,.19,0,0,0,0,.14864865,.17039107,.25225225,.1891892,.27027026,.22972973,.20594479,0,0,0,0,.20833333,0,0,.23628692,0,.17567568
104,Myanmar,MMR,0,0,0,.26457399,.25345623,0,.15668203,.18894009,.13364056,.14746544,.10138249,.21647058,0,0,.23653395,0,0,0,.15131579,.11059908,0,.21186441,.23041475,.30414745,0,0,.15765765,0,0,0,.10599078,0,.20318726,.19191919,0,.19920319,.11520737,0,0,0,.21658987,.18894009,0,0,.23636363,.20204604,.21402214,0,.1843318,.26299694,.281106,0,0,.17374517,.228,.25308642,0,.18987341,.20737328,.23387097,0,.20663266,.10599078,0,0,0,0,0,.22018349,0,.27522936,.17511521,0,.21754386,.17050691,.27457628,0,.20143884,.16342412,.16062176,.14746544,0,0,0,.20338982,.20550458,.13364056,.24423963,.14285715,0,.25726143,.13364056,0,.15899582,0,0,.27304965,0,0,.32718894,.1843318,0,.23282443,.17511521,.24113475,.13824885,.11981567,.1843318,.11981567,0,.19396552,0,.17050691,0,0,0,0,0,0,0,.281106,0,.19815668,0,0,0,0,.17050691,.23514852,0,.20276497,.21681416,0,0,.27350429,.12442397,.14285715,0,.23058252,.11520737,.24396135,0,.24122807,0,0,.15878378,0,0,.19787987,0,0,.20276497,.21658987,0,0,.26728112,.1797235,0,.27215189,0,.20833333,.22712934,.21381579,.16129032,0,.16129032,0,.12903225,.21666667,0,0,0,0,.19354838,.18715084,.1797235,.19354838,.21719457,.17050691,.21231422,0,0,0,.12442397,.21666667,0,0,.18987341,0,.11059908
108,Burundi,BDI,0,0,0,0,0,0,0,0,0,0,0,0,0,0,0,0,0,0,0,0,0,0,0,0,0,0,0,0,0,0,0,0,0,0,0,0,0,0,0,0,0,0,0,0,0,0,0,0,0,0,0,0,0,0,0,0,0,0,0,0,0,0,0,0,0,0,0,.14285715,0,0,0,0,0,0,0,0,0,0,0,0,0,0,0,0,0,0,0,0,0,0,0,0,0,0,.1875,0,0,0,.125,0,0,0,0,0,0,0,0,0,0,0,0,0,0,0,0,0,0,0,0,0,0,0,0,0,0,0,0,0,0,0,0,0,0,0,0,0,0,0,0,0,0,0,0,0,0,0,0,0,0,0,0,0,0,0,0,0,0,0,0,0,0,0,0,0,0,0,0,0,0,0,0,0,0,0,0,0,0,0,0,0,0,0,0,0,0,0,0,0,0,0
112,Belarus,BLR,0,.10204082,0,0,0,0,0,0,0,0,0,0,.10810811,0,0,.12307692,0,0,0,0,.10526316,0,0,0,0,0,0,0,0,0,0,0,0,0,0,0,0,0,.1025641,0,0,0,.12727273,0,0,0,0,0,0,0,0,0,0,0,0,0,0,0,0,0,0,0,.11206897,0,0,0,0,0,0,0,0,0,0,0,0,0,0,0,0,0,0,0,0,0,0,0,0,0,0,0,0,0,0,0,0,0,0,0,0,0,0,0,0,0,0,0,0,0,0,0,0,0,0,0,0,.10465116,0,0,0,0,0,0,0,0,0,0,0,0,0,0,0,0,.1724138,0,0,0,0,0,0,0,0,0,0,0,0,0,0,0,0,0,0,0,0,0,0,0,0,0,0,0,0,0,0,0,0,0,0,0,0,0,0,0,0,0,0,0,0,0,0,0,0,0,0,0,0,0,0,0,0,0
116,Cambodia,KHM,0,0,0,.13901345,0,0,.10526316,0,.1056338,0,.11038961,0,0,.19753087,0,0,.11111111,.19191919,0,0,0,.10169491,0,.10194175,0,.10869565,0,.10599078,0,0,0,0,0,0,0,0,0,.11111111,0,0,0,.10769231,0,0,0,0,0,0,.12605043,0,.14659686,0,0,.10810811,0,0,0,0,.1970803,0,0,0,.13793103,0,.11111111,.12345679,0,0,0,0,.12844037,0,.11111111,.10175438,.11486486,0,.16049382,0,0,0,0,0,0,0,0,0,0,.12903225,0,0,.16182573,.14084508,.17283951,0,0,.18947369,0,0,0,.16788322,.11702128,.16049382,0,0,0,.14788732,.11695907,.12903225,.17730497,0,0,0,.15591398,0,0,.11627907,0,.12345679,0,0,.1436464,.13580246,0,.15151516,0,.13580246,0,.20168068,0,0,.1160221,0,0,.11059908,.12820514,.13529412,.14,0,0,0,.10144927,0,0,0,0,.11148649,0,0,0,0,0,.12080537,0,0,0,.10309278,0,0,0,0,0,0,0,.17318435,0,0,0,0,0,0,0,0,0,.13425925,.11731844,.115,.14556962,.1040724,.10625,0,0,0,0,0,0,0,0,.12236287,.12345679,.1779661
120,Cameroon,CMR,0,0,0,0,0,0,0,0,0,0,0,0,0,.1125,0,.18461539,.12121212,0,0,0,0,0,0,0,0,0,0,0,0,0,0,0,0,0,0,0,.13541667,.15517241,.17948718,.1891892,0,0,0,0,0,0,0,.14893617,0,0,0,0,0,0,0,0,0,0,0,0,0,0,0,0,0,.27027026,0,0,0,0,0,0,0,0,0,0,.11111111,0,0,0,0,0,0,0,0,0,0,0,0,0,0,0,0,0,0,0,0,0,0,0,0,0,0,0,0,0,0,0,0,.13157895,0,0,0,0,0,0,0,0,.18309858,0,0,.12698413,0,0,0,.13333334,0,0,0,0,0,0,0,0,0,0,0,0,0,0,0,0,0,0,0,0,0,.10447761,0,0,.10810811,0,0,.13513513,.12195122,0,0,0,0,.10810811,0,0,0,0,0,0,0,.10752688,0,0,.10810811,0,0,0,0,0,0,0,0,0,0,0,0,.11111111,0,0,.10638298,0,.15254237,0
124,Canada,CAN,0,0,0,.18326694,.16733068,0,0,.23505977,0,.10756972,.25896415,.26117647,0,0,.26932085,0,0,0,.26973686,.11553785,0,.2868526,.2430279,.17529881,0,0,.21513945,.20318726,0,0,0,0,0,.18518518,.2310757,0,0,0,0,0,.17131475,.10756972,0,0,.21513945,.22506393,.21402214,0,0,.26605505,.16334662,0,0,.22007722,.228,.28395063,.10358566,.30278885,.10358566,.24596775,0,.2117347,.1434263,.15537849,0,0,0,0,.2232416,0,.20318726,0,0,.10175438,.14741036,.28474575,0,.29856116,.17509727,.14766839,.11155379,0,0,0,.20318726,.16880734,0,.1434263,.11746032,.13944224,.23904383,.15139443,0,.14741036,0,0,.22340426,0,0,.10756972,.11553785,0,.33587787,.20717132,.29432625,0,.14741036,.15139443,.10756972,0,.23505977,0,.187251,0,0,0,.13147411,0,.11553785,0,.11952192,0,.1434263,.12749004,0,0,0,.13545817,.26980197,.17928287,.11155379,.32669324,0,.13147411,0,.17928287,.11155379,0,.28883496,.13944224,.22705314,0,.20717132,0,0,.24324325,.22310758,0,.11307421,0,0,.18326694,.11553785,0,0,.17529881,0,0,.27848101,0,.32954547,.23343849,.3256579,.17529881,0,.13147411,0,0,.18000001,0,0,0,0,.12350598,.2122905,.25498009,.17529881,.27091634,.17131475,.25265393,.11553785,0,0,0,.1434263,0,0,.29482073,0,.16733068
136,Cayman Isds,CYM,0,0,0,.15488215,.18181819,0,0,.11111111,.16498317,.1010101,0,.36941177,0,0,.25292739,0,0,0,.22368421,0,0,.18855219,.10774411,.15151516,0,0,.14814815,.19191919,0,0,0,0,.18518518,0,0,.19123507,0,0,0,0,.16161616,0,0,0,.27609429,.30179027,.39667895,0,.12121212,.33333334,.15488215,0,0,.14141414,.26199999,.23148148,0,.24915825,0,.31048387,0,.38265306,0,0,0,0,0,0,.2324159,0,.13804714,0,0,.22222222,0,.26262626,0,.22558923,.11111111,.21761657,.16498317,0,0,0,.27946126,.31559634,0,.15488215,.37460318,0,.14141414,0,0,.17508417,0,0,.28619528,0,0,.11784512,0,0,.16498317,.2053872,.20875421,.11784512,0,.12794612,0,0,.18518518,0,.11111111,0,0,0,0,0,0,0,.14141414,0,0,0,0,0,0,0,.25247526,.1010101,.11111111,.18181819,0,.12121212,.18181819,0,0,0,.24271844,.10437711,.20289855,0,.16161616,0,0,.21548821,0,0,.27272728,0,0,.10774411,.22222222,0,0,.16161616,.17508417,0,.24367088,0,.22895622,.33753943,.36842105,.17845118,0,.11447811,0,0,.22,0,0,0,0,.12121212,.19553073,.10774411,0,.14814815,.12121212,.35244161,0,0,0,.11111111,0,0,0,.17508417,0,0
140,Central African Rep.,CAF,0,.18978103,0,.14349777,0,0,0,.27860695,.1971831,.13138686,.24025974,.11058824,0,0,.11943794,0,0,0,.19078948,0,0,.14830509,.13368984,.13106796,0,.18978103,.2027027,0,0,0,0,0,.2310757,0,0,0,.12408759,.10218978,.11678832,0,.14925373,.16788322,0,0,.18181819,0,0,0,.10218978,.13455658,.10994764,0,.18978103,.15444015,.15000001,.14197531,.13138686,.15189873,0,0,0,0,.270073,.22627737,0,0,0,0,.15902141,0,.17431192,0,.10948905,0,.18243243,.12542373,0,.11510792,.14785992,.12176166,.13138686,0,0,.13138686,.12711865,0,.13138686,.15053764,0,.13138686,.19087137,.21126761,0,0,0,.14598539,.15602838,0,0,0,.13297872,0,.19465649,.11052632,.17375886,0,.23391813,.15053764,.20567375,0,.15948276,0,.15591398,0,0,.18978103,.15328467,.13138686,0,0,.12154696,0,.13736264,.21897811,0,0,0,.23357664,.11881188,.15328467,0,.27876106,0,.15207373,0,.35294119,.17333333,0,.15291262,.14689265,.12560387,.16058394,.15350877,0,0,.10810811,.18978103,0,0,0,0,.17449665,0,0,.10948905,.12371134,0,0,.16139241,0,.10227273,0,.125,.13407822,0,.14077669,0,0,.10666667,.15328467,0,0,0,.1388889,.1368715,.205,.19620253,.14932127,.28125,.10615711,.21167883,0,0,0,.10416666,0,0,.2278481,.12408759,.18978103
144,Sri Lanka,LKA,0,0,0,.22310758,.17729084,0,0,.10358566,.12549801,0,0,.312749,0,0,.22709164,0,0,.11752988,.26693228,0,0,.20517929,.14541833,.17928287,0,0,.1434263,.19920319,0,0,0,0,0,.19123507,0,0,0,0,0,0,.187251,0,0,0,.15737052,.36454183,.32287824,0,0,.2310757,.17928287,0,0,.21115538,.39243028,.2689243,0,.12948208,.12749004,.31075698,0,.21513945,0,0,0,0,0,0,.26294822,0,.187251,0,0,.42231077,.15139443,.2370518,0,.22509961,.27888447,.39840639,0,0,0,0,.20717132,.45688075,0,.1434263,.25896415,0,.20318726,.10557769,0,.24501993,0,.10557769,.23904383,0,0,.14143427,.21513945,0,.18525897,.15139443,.21912351,.20119523,.17330678,.16733068,.16733068,0,.21713148,0,.1932271,0,0,0,0,0,0,0,.20119523,0,.18127491,0,0,0,0,0,.21314742,0,.21912351,.13944224,0,.2370518,.30677292,.15338646,.17330678,0,.32868525,.17131475,.41633466,0,.21513945,0,0,.32270917,0,0,.31673306,0,0,.10358566,.11952192,0,0,.1932271,.15737052,0,.24701196,0,.20717132,.2569721,.17729084,.15936255,0,.21115538,0,0,.31075698,0,0,0,0,.25298804,.36852589,.13147411,0,.15537849,0,.25498009,0,0,0,0,.32868525,0,0,.14741036,0,0
148,Chad,TCD,0,.14285715,0,.11210762,.10638298,0,.16666667,.10447761,0,0,0,0,0,.13541667,0,.25,.22916667,0,0,0,0,.12711865,0,0,0,.14583333,.15315315,.11520737,0,0,0,.13541667,0,0,.12408759,0,0,.32291666,.11458334,.10416666,.17412935,.2,0,0,.10454545,0,0,.10416666,.15126051,0,.18324608,0,.29166666,.13899614,0,.12037037,.1262136,0,.24087591,0,.125,0,.1724138,.36538461,0,.1875,0,0,.12844037,0,.17431192,.11538462,.16666667,0,.20945945,0,.10416666,0,.15175097,0,0,0,0,0,0,0,.13541667,.12365592,0,.10416666,.20746888,.15492958,0,0,0,.1875,.13475177,0,0,.16788322,.14361702,0,.12977099,0,.11347517,0,0,.11290322,.15602838,0,0,0,0,.1875,0,.19791667,.10784314,0,.20833333,0,.1160221,.15625,.17032968,0,0,.125,.19791667,.23529412,0,0,.10497238,.10619469,0,0,.12820514,.15294118,.11333334,.1875,0,0,0,.16666667,.1491228,0,0,0,0,.1875,0,0,0,.28187919,0,.10416666,.16666667,.15979381,0,0,.12341772,0,0,0,0,0,.11458334,.13106796,0,.34375,0,0,0,0,0,.10185185,0,.18000001,.20253165,.1402715,.125,0,.16666667,.125,0,.11458334,.1125,.10416666,.1875,.10970464,.13541667,.1779661
152,Chile,CHL,0,0,0,0,0,0,0,0,0,0,0,0,0,.1375,0,.23076923,.10606061,0,0,.10714286,0,0,0,0,0,0,.1036036,0,0,0,.11111111,.15517241,0,0,.10218978,0,.32291666,0,.20689656,.20689656,.10945274,.11538462,0,0,0,0,0,.12068965,.1092437,0,.10471204,0,.19277108,0,0,0,.11650486,0,.13868614,0,.15517241,0,.12931034,.25961539,0,.27586207,0,0,0,0,0,0,.16666667,0,.14864865,0,.11111111,0,0,0,0,0,0,0,0,0,.16216215,0,0,.125,0,0,0,0,0,.16842106,0,.15517241,0,0,0,0,0,0,0,0,0,0,.10638298,0,0,0,0,.1724138,0,.10465116,.12745099,0,.21126761,0,0,.19047619,.10439561,0,0,0,.22413793,.13445379,0,0,0,.10176991,0,0,0,0,0,.1724138,0,0,0,.15189873,0,0,0,0,0,.17910448,0,0,.12068965,.147651,0,0,.1097561,0,0,0,0,.10344828,0,0,0,0,0,0,0,.19354838,0,0,0,0,.10344828,0,0,.125,.15822785,0,0,0,.11956522,.15517241,0,0,0,0,.18965517,0,.20338982,.11864407
156,China,CHN,0,0,0,0,0,.1025641,0,0,0,0,0,0,.1025641,0,0,0,0,0,0,0,0,0,0,0,0,.10869565,0,0,0,.1025641,0,.17948718,0,0,.11678832,0,.11458334,.20689656,0,.51282054,0,0,0,0,0,0,0,0,0,0,0,0,0,0,0,0,0,0,0,0,.12820514,0,0,.11538462,0,.2820513,0,0,0,0,0,0,.18333334,0,0,0,.11111111,0,0,0,0,0,0,0,0,0,.10810811,0,0,0,0,0,0,0,0,.1368421,0,0,0,0,0,0,0,0,0,0,0,0,0,0,0,0,0,0,0,.11627907,0,.11538462,.12676056,0,0,.14285715,0,0,0,0,.20512821,0,0,0,0,0,0,0,0,0,0,.24390244,0,0,0,0,0,0,0,0,0,.17910448,0,0,0,0,0,.15384616,.12195122,0,0,.11111111,0,.1025641,0,0,0,0,0,0,0,0,0,0,0,0,.11904762,0,0,.13500001,.10126583,0,0,0,0,0,0,0,0,.12820514,0,0,.25423729,.11016949
170,Colombia,COL,0,0,.14814815,0,0,.10526316,0,0,0,0,0,0,.14814815,0,0,.10769231,0,0,0,0,0,0,0,0,.11111111,0,0,0,0,0,0,.1891892,0,0,0,0,.10416666,.20689656,.51282054,0,0,0,0,0,0,0,0,0,0,0,0,0,0,0,0,0,0,0,0,0,.25925925,0,0,0,0,.22222222,0,.11111111,0,0,0,0,.11666667,0,0,0,0,0,0,0,0,0,0,0,0,0,0,0,0,0,0,0,0,0,0,0,0,0,0,0,0,0,0,0,0,0,0,0,0,0,0,0,0,0,0,.10465116,0,0,0,.11111111,0,0,0,0,0,0,.21621622,0,0,0,0,0,0,0,0,0,0,.21951219,0,0,0,0,0,0,0,0,0,.13432837,0,0,0,0,0,.14814815,.12195122,0,0,0,0,.125,0,0,0,0,0,0,0,0,0,0,.11111111,0,0,0,0,0,0,0,0,0,0,0,0,0,0,.14285715,.10638298,0,.16949153,0
178,Congo,COG,0,0,0,.22421524,.17910448,0,.12437811,0,.19900498,0,.12935324,.18117647,0,.12935324,.1615925,.10447761,0,.14925373,.21052632,.10447761,0,.24152543,.21890548,.16019417,0,.11940298,.23423423,.21658987,0,0,0,0,.17131475,.16161616,.14925373,.187251,.17412935,.10945274,0,0,0,.2238806,0,0,.2,.18670076,.15867159,0,.13930348,.19877675,.3084577,0,.15920398,.2857143,.212,.21296297,.13930348,.14767933,.2238806,.17137097,0,.14285715,.14925373,.12437811,0,0,0,0,.30581039,0,.40825689,0,0,.22456141,.29353234,.26779661,.10447761,.19424461,.25291827,.23056994,0,0,0,0,.20338982,.19816513,.10447761,.25870648,0,0,.28630707,.17412935,0,.17991632,0,.12935324,.28014183,0,0,.16915423,.26368159,.10447761,.23664123,.13432837,.23404256,.18905473,.20895523,.2238806,.17910448,0,.22844827,0,.23880596,0,0,0,0,0,0,0,.29353234,0,.17412935,.10447761,0,0,0,.21890548,.15841584,0,.21393035,.2079646,0,.32258064,.27350429,.25373134,.12935324,0,.22330096,.13432837,.25603864,.11442786,.28070176,0,0,.19594595,0,.10447761,.20494699,0,0,.2039801,0,0,0,.37313432,.14925373,0,.23734178,0,.19318181,.2429022,.13486843,.2238806,0,.2961165,0,.13432837,.24666667,0,0,0,0,.26851851,.26815644,.26865673,.21890548,.23529412,.1641791,.13375796,.12935324,0,0,0,.2375,0,0,.20675105,0,.1840796
180,Dem. Rep. of the Congo,COD,0,.12307692,0,.16591929,.13297872,0,.11538462,.15422885,.19014084,.13076924,.1038961,.14588235,0,.16923077,.14285715,.17692308,0,.13076924,.14473684,0,0,.1822034,.171123,.11165048,0,.10769231,.12612613,.18894009,0,0,.10769231,0,.10756972,0,.16788322,0,.2,.11538462,0,0,.2238806,0,0,0,.14545454,.13043478,.10147601,0,.26923078,.19571866,.29319373,0,.21538462,.1969112,.148,.17283951,.15384616,0,.29927006,.11693548,0,.10714286,.18461539,.17692308,0,0,0,0,.20489296,0,.35779816,.14615385,.16923077,.1122807,.32432431,.17966102,.12307692,.16906475,.12451362,0,.17692308,0,0,0,.16525424,.11192661,.23846154,.25806451,0,0,.25311205,.20422535,0,0,0,.1923077,.20212767,0,0,.22627737,.23404256,0,.16412213,.14210527,.19148937,.14788732,.19298245,.17204301,.21985815,0,.16810344,0,.23655914,0,.11538462,.14615385,.14615385,0,0,0,.20994475,0,.10989011,.12307692,0,0,0,.32307693,.17326732,0,.15469614,.22566372,0,.14746544,.17521368,.18235295,.21333334,0,.15776698,0,.15458937,.11538462,.21052632,.10769231,0,.11148649,0,.11538462,0,0,0,.24832214,0,0,0,.31443298,0,0,.21518987,.10769231,.11742424,.15141957,0,.15083799,0,.19902913,0,.23846154,.19,0,0,0,0,.1712963,.14525139,.185,.29746836,.15384616,.19374999,.11677282,.12307692,.10769231,0,0,.15833333,0,0,.15611814,0,.14615385
188,Costa Rica,CRI,0,0,0,0,0,0,.11578947,0,.12676056,.10679612,.1038961,0,0,0,0,.13846155,0,0,0,0,.19298245,0,0,0,0,0,0,0,0,.12727273,0,0,0,0,0,0,0,0,0,0,0,0,0,0,0,0,0,.10909091,0,0,0,0,.13253012,0,0,0,0,0,0,0,0,0,.14655173,.11538462,0,.10909091,0,0,0,0,0,0,.11666667,0,0,0,.12698413,0,0,0,0,0,0,0,0,0,.14864865,0,0,0,0,.11267605,0,0,0,0,0,0,0,0,0,0,0,0,0,0,0,.10752688,0,0,0,0,0,0,0,0,.13725491,0,.16901408,0,0,.12698413,0,0,0,0,0,.12605043,0,0,0,0,0,0,0,0,0,0,0,0,0,.11392405,0,0,0,0,0,0,0,0,.10909091,.12751678,0,0,0,0,0,.10909091,0,0,0,0,0,0,0,0,0,0,0,0,0,0,.12727273,0,0,.115,.11392405,0,0,0,0,0,0,0,0,0,.10909091,0,.20338982,.11016949
191,Croatia,HRV,0,0,0,0,0,0,0,0,0,0,0,0,0,0,0,0,0,0,0,0,0,0,0,0,.1875,0,0,0,0,0,0,0,0,0,0,0,0,0,0,0,0,0,0,0,0,0,0,0,0,0,0,0,0,0,0,0,0,0,0,0,0,0,0,0,.13559322,0,0,0,0,0,0,0,0,0,0,0,0,0,0,0,0,0,0,0,0,0,0,0,0,0,0,0,0,0,0,0,0,.11111111,0,0,0,0,0,0,0,0,0,0,0,0,0,.125,0,0,0,0,0,0,0,0,0,0,0,0,0,0,0,0,0,0,0,0,0,0,0,0,0,0,0,0,0,0,0,0,0,0,0,0,0,0,0,0,0,0,0,0,0,0,0,0,0,0,0,0,0,0,0,0,0,0,0,0,0,0,0,0,0,0,0,0,0,0,0,0,0,0,0,0,0,0
192,Cuba,CUB,0,0,0,.24215247,.2090909,0,0,.18181819,.12272727,.11818182,.14090909,.22117648,0,.10454545,.20374708,0,0,0,.22039473,0,0,.24576271,.14090909,.16363636,0,0,.15315315,.23636363,0,0,0,0,.21513945,.27609429,.18181819,.15737052,.10454545,0,0,0,.2,.14545454,0,0,0,.17902814,.21033211,0,.15909091,.29051986,.25,0,0,.2084942,.212,.2037037,0,.21518987,.14090909,.20362903,0,.22193877,.15454546,0,0,0,0,0,.2324159,0,.21818182,.10454545,0,.16491228,.15000001,.22033899,0,.17985612,.19455253,.17357513,.2,0,0,.12727273,.29237288,.17431192,.13636364,.22272727,.16190477,0,.20746888,.12272727,0,.10878661,0,0,.22340426,0,0,.17727272,.18181819,0,.23664123,.17727272,.25177306,.13636364,.19545455,.17272727,.12272727,0,.22844827,0,.17272727,0,.11363637,0,.15454546,0,0,0,.15909091,0,.12272727,.10909091,0,0,0,.14545454,.23762377,.14545454,.14090909,.24778761,0,.16363636,.23931624,.16363636,.13636364,0,.19660194,.10454545,.19806764,0,.21052632,0,0,.17567568,0,0,.14840989,0,0,.17727272,.18636364,0,0,.19090909,.12727273,0,.23101266,0,.16666667,.21451104,.22368421,.14090909,0,.18181819,0,.10454545,.13333334,0,0,0,0,.19545455,.17597765,.21818182,.17727272,.21719457,.15000001,.20594479,0,0,0,0,.15833333,0,0,.21097046,0,.10909091
196,Cyprus,CYP,0,0,0,.17391305,.19181585,0,0,.12020461,.11764706,0,0,.52470589,0,0,.35362998,0,0,0,.30690536,0,0,.31202045,.23017903,.20971867,0,0,.1943734,.20204604,0,0,0,0,.22506393,.30179027,0,.36454183,0,0,0,0,.18670076,.13043478,0,0,.17902814,0,.47601476,0,0,.38107416,.13810742,0,0,.20204604,.38800001,.36828643,0,.28388748,0,.37701613,0,.32397959,0,0,0,0,0,0,.27621484,0,.15345268,0,0,.1943734,.11764706,.3887468,0,.41176471,.16368286,.25063938,0,0,0,0,.2173913,.43119267,0,.13810742,.31969309,0,.18925831,.10485934,0,.2455243,0,0,.2685422,0,0,.11253197,.11508951,0,.26086956,.25063938,.29411766,0,0,.17647059,0,0,.27109975,0,.16624041,0,0,0,.11508951,0,0,0,.12787724,0,.1713555,0,0,0,0,0,.28960395,0,.13299233,.19693094,0,.11253197,.14578006,0,.11253197,0,.50728154,.15601023,.4178744,0,.20971867,0,0,.35549873,0,0,.28132993,0,0,.11508951,0,0,0,.15345268,.15089513,0,.36317137,0,.40409207,.45012787,.39386189,.13299233,0,.12531969,0,0,.25063938,0,0,0,0,.1713555,.342711,.10230179,.12020461,.25831202,.10741688,.3312102,0,0,0,0,.16879795,0,0,.17647059,0,0
203,Czechia,CZE,0,0,0,.16420664,.18450184,0,0,.13837638,.10885609,.10885609,0,.5387454,0,0,.45756456,0,0,0,.23800738,0,0,.21586716,.18081181,.19926199,0,0,.16236162,.21402214,0,0,0,0,.21402214,.39667895,0,.32287824,0,0,0,0,.15867159,.10147601,0,0,.21033211,.47601476,0,0,.1199262,.38376385,.13653137,0,0,.16974169,.4907749,.29151291,0,.28782287,0,.56273061,0,.47601476,0,0,0,0,0,0,.2712177,0,.13837638,0,0,.14944649,0,.30442804,0,.30811808,.11254612,.22509225,.1402214,0,0,0,.21217713,.56697249,0,.15867159,.39667895,0,.15313654,0,0,.22878228,0,0,.24354243,0,0,.11254612,0,0,.2195572,.20848708,.24907748,0,0,.13284133,0,0,.21586716,0,.11439114,0,0,0,0,0,0,0,.10516606,0,.13837638,0,0,0,0,0,.42066422,0,0,.18819188,0,0,.14760147,0,0,0,.45756456,.12915128,.34870848,0,.17712177,0,0,.24723247,0,0,.28413284,0,0,.11439114,.14944649,0,0,.14760147,.14944649,0,.29704797,0,.29889297,.39483395,.38745388,.14206642,0,.10516606,0,0,.20848708,0,0,0,0,.12915128,.2693727,0,0,.19741698,.11808118,.54612547,0,0,0,0,0,0,0,.18265682,0,0
204,Benin,BEN,0,.14285715,0,0,0,.14893617,0,0,0,0,.11688311,0,0,.2,0,.16923077,.21212122,0,0,.10714286,.10526316,0,0,0,0,.11956522,0,0,0,0,0,.14893617,0,0,0,0,.10416666,.12068965,0,0,0,0,.10909091,0,0,0,0,0,0,0,0,0,0,0,0,0,.23300971,0,0,0,0,0,.10344828,.15384616,0,.14893617,0,0,0,0,0,0,.13333334,0,0,0,.11111111,0,0,0,0,.11538462,0,0,0,0,0,0,0,.125,0,.12676056,0,0,0,0,0,0,0,0,0,0,0,0,0,0,0,0,0,0,0,0,0,.23636363,0,0,0,0,.1971831,.14893617,0,.12698413,0,.16161616,0,.2,.17021276,.12605043,0,0,0,0,0,0,0,0,0,.14893617,0,0,0,0,0,0,0,0,0,.25373134,0,0,.25531915,.11409396,0,0,0,0,0,.31914893,0,.12765957,0,0,0,0,0,0,0,0,0,.14754099,0,0,0,0,0,.13500001,.12658228,0,0,0,0,0,0,0,0,0,0,0,.10169491,0
208,Denmark,DNK,0,.11764706,0,.12107623,.14361702,0,.13445379,0,.16197184,.11764706,0,.10823529,0,.14285715,.1147541,.10084034,0,.10084034,.11842106,0,0,.11440678,.10695187,.10679612,0,0,0,.1843318,0,0,.12605043,0,0,.12121212,.10218978,0,.15126051,.1092437,0,0,.13930348,.26923078,0,0,.15909091,0,.1199262,0,0,.15902141,.2827225,0,.14285715,.15444015,.126,.14506173,.12605043,.11814346,.1970803,.1108871,0,.11989796,.21008404,.15966387,0,0,0,0,.14984709,0,.25688073,.16806723,0,.12280702,.20945945,.1559322,.14285715,.11870503,.13229571,0,.13385826,0,0,0,.12288135,.12477064,.2184874,.18817204,.1015873,0,.15352698,.13380282,.11764706,0,0,.15126051,.18439716,0,0,.27737227,.17021276,0,.12977099,.11052632,.13120568,.12676056,.14619882,.17204301,.17021276,0,.17672414,0,.16666667,0,0,.13445379,.13445379,0,0,0,.19337016,0,.10989011,.10084034,0,0,0,0,.12871288,0,.14917128,.15044248,0,.11059908,.16239317,.12941177,.14666666,0,.13834952,0,.12560387,0,.20175439,0,0,.11824324,0,0,0,0,0,.16778524,.11764706,0,.1092437,.20103092,.1641791,0,.17405063,0,0,.13564669,.10197368,.16201118,0,.16019417,0,.15126051,.12333333,0,0,0,.10084034,.1574074,.12569833,.13,.20253165,.10859729,.13124999,.11252654,0,.12605043,0,0,.125,0,0,.1392405,0,.12605043
212,Dominica,DMA,0,0,0,.22018349,.20489296,0,0,.20489296,.12232416,.10703364,.13455658,.40941176,0,0,.37002343,0,0,0,.27828747,0,0,.27522936,.24770643,.20489296,0,0,.16819572,.26299694,0,0,0,0,.26605505,.33333334,.13455658,.2310757,0,0,0,0,.19877675,.19571866,0,0,.29051986,.38107416,.38376385,0,.15902141,0,.20795107,0,0,.20183486,.34999999,.41284403,0,.28440368,.1559633,.35080644,0,.34948981,.11314984,.10397553,0,0,0,0,0,0,.26911315,0,0,.14067279,.14984709,.42507645,0,.31498471,.16207951,.20984456,.17431192,0,0,.12232416,.2232416,.33761469,0,.24770643,.19877675,0,.27828747,.14984709,0,.11926606,0,0,.33639145,0,0,.17737003,.1529052,0,.34556574,.20489296,.34556574,.11314984,.13455658,.21406728,0,0,.21712539,0,.18348624,0,0,0,.11009175,0,0,0,.1559633,0,.13761468,.10397553,0,0,0,.13149847,.41584158,.14067279,.14984709,.3119266,0,.15902141,.20795107,.12232416,.13149847,0,.41747573,.11314984,.39130434,0,.2324159,0,0,.27828747,0,0,.18654434,0,0,.17125382,.12232416,0,0,.2232416,.16513762,0,.3792049,0,.29663607,.38837922,.38837922,.17431192,0,.17125382,0,0,.24159022,0,0,0,0,.21100917,.30167598,.16207951,.17737003,.20489296,.19877675,.34394905,0,0,0,.10397553,.18348624,0,0,.18042813,0,.10397553
214,Dominican Rep.,DOM,0,0,0,.2825112,.20418848,0,.14659686,.13930348,.17801048,0,.13612565,.14352942,0,.14136125,.15925059,.12565444,.12565444,.20418848,.24013157,0,0,.27542374,.14659686,.16504854,0,.10471204,.17567568,.281106,0,0,.14659686,0,.16334662,.15488215,.10994764,.17928287,.18324608,.10471204,0,0,.3084577,.29319373,0,0,.25,.13810742,.13653137,0,.2827225,.20795107,0,0,.13612565,.27027026,.182,.2345679,.15706806,.10970464,.29842931,.16129032,0,.14030612,.18848167,.17277487,0,0,0,0,.26299694,0,.40366971,.17277487,.13089006,.22105263,.38219896,.25423729,.15706806,.19784173,.24124514,.19170985,.11518325,0,0,0,.21610169,.19082569,.18848167,.33507854,0,0,.32780084,.21989529,.17277487,.10878661,0,.19895288,.25886524,0,0,.26178011,.35078534,.13089006,.22900763,.16230367,.21985815,.22513089,.29842931,.32984293,.26178011,0,.24137931,0,.35078534,0,0,.13089006,.15183246,0,0,0,.29842931,.14659686,.19371727,0,0,0,0,.29842931,.17821783,0,.30366492,.18141593,0,.26728112,.26068377,.24607331,.2356021,0,.18689321,.12041885,.24396135,.10471204,.32017544,0,0,.2195946,0,.10994764,.13427562,0,0,.2565445,.12565444,0,0,.39690721,.15706806,0,.27215189,0,.17424242,.17350158,.13486843,.21465969,0,.30097088,0,.19895288,.20666666,0,0,0,0,.34722221,.24022347,.26499999,.27225131,.19909503,.16230367,.14012739,.14659686,0,0,0,.27916667,0,0,.21097046,.11518325,.15706806
218,Ecuador,ECU,0,0,0,0,0,0,0,0,0,0,0,0,0,0,0,0,0,0,0,0,0,0,0,0,0,0,0,0,0,0,0,0,0,0,0,0,0,0,0,0,0,0,0,0,0,0,0,0,0,0,0,0,0,0,0,0,0,0,0,0,0,0,0,0,0,0,0,0,0,0,0,0,0,0,0,0,0,0,0,0,0,0,0,0,0,0,0,0,0,0,0,0,0,0,.15000001,0,0,.22222222,.25,0,0,0,0,0,0,0,0,0,0,0,0,0,0,0,0,0,0,0,0,.13636364,0,0,0,0,0,0,.10810811,0,0,0,0,0,0,0,0,0,0,0,0,0,0,0,0,0,.13636364,0,0,0,0,.125,.18518518,0,0,.13636364,0,0,0,0,0,0,0,0,0,0,0,0,0,0,0,0,0,0,0,0,0,0,0,0,0,0,0,0,.14285715,0,0,0,.10638298,0,0,0
222,El Salvador,SLV,0,0,0,.10313901,0,0,0,.11940298,0,0,0,0,0,.10843374,0,.14457831,0,.11111111,0,0,0,0,.10695187,0,0,.16304348,.12612613,0,0,0,0,0,0,0,.18978103,0,.29166666,.19277108,0,0,.15920398,.21538462,.13253012,0,0,0,0,0,.14285715,0,.13612565,0,0,0,0,.12037037,.10679612,0,.18248175,0,0,0,.12931034,.25,0,.10843374,0,0,0,.10843374,.18348624,.125,.18072289,0,.22297297,.10847457,.10843374,0,.13229571,0,0,0,0,.15662651,0,0,.18072289,0,0,0,.16597511,.1056338,0,0,0,.1368421,0,0,0,.10218978,.14893617,0,.12977099,0,.10638298,0,.14035088,0,.15602838,.10843374,.11206897,0,.14516129,0,0,.18604651,.14705883,0,.12048193,0,.12154696,.10843374,.12637363,.13131313,0,0,0,.20168068,0,0,0,.14159292,0,.11520737,.13247864,.1882353,.12,.19277108,0,0,0,.13253012,.10964912,.13253012,0,0,0,0,0,0,0,.147651,0,.12048193,.15662651,.13402061,0,0,.11392405,.14457831,0,0,0,0,.13253012,0,0,.1827957,0,0,0,0,0,0,0,.16,.20253165,.1040724,.10625,0,0,0,0,0,.12916666,0,.14457831,0,0,.13559322
226,Equatorial Guinea,GNQ,0,.15057915,0,.27799228,.15057915,0,.15444015,.23166023,.11969112,0,.12741312,.1717647,0,0,.24121779,.11196911,.13127413,.18146718,.3125,.13899614,0,.2857143,.21621622,.17760618,0,.11196911,.19305019,.17374517,0,0,.10810811,0,.22007722,.14141414,.15444015,.21115538,.13899614,0,0,0,.2857143,.1969112,0,0,.2084942,.20204604,.16974169,0,.15444015,.20183486,.27027026,0,0,0,.28400001,.20987654,.17374517,.15830116,.17760618,.21370968,0,.16071428,.13513513,.12355212,0,0,0,0,.36085626,0,.32046333,.1042471,0,.15438597,.18532819,.25423729,.1003861,.25179857,.25096524,.34455958,0,.1003861,0,0,.24710424,.22752294,.13127413,.28957528,.11746032,0,.33204633,.16602316,0,.19305019,0,.15057915,.32978722,0,0,.11969112,.22007722,0,.24809161,.18532819,.24468085,.13513513,.2857143,.25096524,.18532819,0,.21621622,0,.2857143,0,0,.12355212,.11583012,0,0,0,.21235521,0,.14671814,.1003861,0,.1003861,0,.18146718,.24752475,.1003861,.27799228,.23166023,.11969112,.33590734,.19305019,.25482625,.14285715,0,.27912623,.12355212,.28985506,.1042471,.31274131,0,0,.2668919,.13513513,0,.14487633,0,0,.22393823,0,0,0,.26640928,0,0,.2943038,0,.22727273,.18296529,.15131579,.1969112,0,.37451738,0,.12741312,.30666667,.11583012,0,0,0,.32432431,.37430167,.2857143,.23938224,.2972973,.16602316,.16985138,.18532819,0,0,0,.30115831,0,0,.28957528,0,.15444015
231,Ethiopia,ETH,0,.114,0,.226,.176,0,0,.206,.12800001,.118,.11,.454,0,0,.41800001,0,0,0,.30000001,0,0,.24600001,.198,.204,0,0,.204,.228,0,0,0,0,.228,.26199999,.15000001,.39243028,0,0,0,0,.212,.148,0,0,.212,.38800001,.4907749,0,.126,.34999999,.182,0,0,.28400001,0,.296,.106,.226,.134,.53600001,0,.33199999,.112,0,0,0,0,0,.398,0,.25600001,0,0,.17,.132,.33199999,0,.30199999,.192,.36199999,.102,0,0,0,.208,.5522936,0,.21799999,.222,0,.24600001,.15000001,0,.20999999,0,0,.34400001,0,0,.114,.154,0,.266,.2,.27399999,.108,.182,.2,.102,0,.236,0,.22,0,0,0,.108,0,0,0,.14399999,0,.116,0,0,0,0,.112,.382,.106,.154,.23800001,0,.19599999,.184,.162,.114,0,.44600001,.146,.48199999,0,.244,0,0,.28799999,0,0,.236,0,0,.146,.124,0,0,.198,.16599999,0,.34999999,0,.27200001,.34999999,.292,.15800001,0,.228,0,0,.28200001,0,0,0,0,.20999999,.41999999,.16,.154,.2,.17399999,.40400001,0,0,0,0,.17,0,0,.23,0,.104
233,Estonia,EST,0,0,0,.24382716,.20987654,0,.10802469,.17592593,.16049382,.10185185,.11111111,.3435294,0,0,.33021078,0,0,.12345679,.33641976,.11419753,0,.33641976,.24074075,.18518518,0,0,.18827161,.25308642,0,0,0,0,.28395063,.23148148,.14197531,.2689243,.12037037,0,0,0,.21296297,.17283951,0,0,.2037037,.36828643,.29151291,0,.14506173,.41284403,.2345679,0,.12037037,.20987654,.296,0,0,.30246913,.18209876,.28830644,0,.23214285,.12654321,.12345679,0,0,0,0,.31804281,0,.25,.10493827,0,.20987654,.19753087,.42592594,0,.32407406,.26851851,.22279793,.12037037,0,0,0,.16049382,.29174313,0,.21913581,.20679012,0,.26234567,.15123457,0,.16975309,0,.12654321,.31172839,0,0,.18827161,.21913581,0,.39506173,.18827161,.43827161,.1388889,.18518518,.23148148,.1574074,0,.22222222,0,.23148148,0,0,.10802469,.12962963,0,0,0,.19753087,0,.17592593,.10185185,0,0,0,.16975309,.30940595,0,.17901234,.28395063,0,.21913581,.2037037,.1388889,.16666667,0,.407767,.14506173,.40821257,0,.25925925,0,0,.34567901,.12037037,0,.17592593,0,0,.12654321,.12037037,0,0,.25617284,.14197531,0,.44753087,0,.37037036,.42901236,.35493827,.16049382,0,.17901234,0,.12037037,.22530864,0,0,0,0,.27160493,.32681563,.20061728,.17901234,.22839506,.14814815,.2462845,0,0,0,0,.29320988,0,0,.20679012,0,.11419753
242,Fiji,FJI,0,.19417475,0,.13004485,.10638298,0,.1262136,.13930348,0,0,.19480519,0,0,.25242719,0,.19417475,.25242719,.25242719,.12828948,.10679612,0,.11016949,0,0,0,.24271844,.13063063,0,0,0,0,0,.10358566,0,.13138686,0,.1262136,.11650486,0,0,.13930348,.15384616,0,0,0,0,0,.23300971,.12605043,0,.15706806,0,.10679612,.17374517,.106,0,0,0,.16788322,0,0,0,.20689656,.25961539,0,0,0,0,.11620795,0,.19266056,.10576923,.14563107,0,.16891892,0,0,0,.13229571,.17357513,0,.11650486,0,0,.13135593,0,.1262136,.13978495,0,.10679612,.21161826,.23239437,.11650486,0,0,.2038835,.14184397,0,0,0,.18085106,0,.11450382,0,0,0,.23391813,.1827957,.23404256,0,0,0,.17204301,.23300971,0,.19417475,.11650486,.1262136,.21359223,0,.13812155,.22330096,0,.21359223,0,.21359223,.14563107,.2184874,0,0,.15469614,.15929204,0,.21198156,.10683761,.15882353,0,.10679612,0,.10169491,0,.15533981,.15789473,0,0,.10472973,0,.2038835,0,0,.17475729,.20805369,0,0,.16504854,.15463917,0,.14563107,.12341772,0,0,0,0,0,0,.19417475,0,.17475729,0,.2038835,0,0,0,.13425925,.11173184,.28,.28481013,0,.1375,0,.2038835,0,0,0,.15833333,0,.15533981,.11392405,.17475729,.22881356
246,Finland,FIN,0,0,0,.16877638,.18565401,0,0,.16455697,0,.13080169,.12658228,.32235295,0,0,.25526932,0,0,0,.20065789,0,0,.23628692,.24894515,.26160339,0,0,.19409283,.18987341,0,0,0,0,.30278885,.24915825,.15189873,.12948208,0,0,0,0,.14767933,0,0,0,.21518987,.28388748,.28782287,0,.11814346,.28440368,.10970464,0,0,.15830116,.226,.30246913,0,0,0,.25403225,0,.25510204,0,0,0,0,0,0,.18960245,0,.11392405,0,0,0,0,.24067797,0,.23741007,.13618676,.13730571,0,0,0,0,.19409283,.23119266,0,.14345992,.25396827,0,.14522822,0,0,.25523013,0,0,.22340426,0,0,.10970464,0,0,.27480915,.23206751,.24113475,0,0,.11814346,0,0,.2278481,0,.10548523,0,0,0,.11392405,0,0,0,0,0,.10126583,0,0,0,0,0,.24009901,.16455697,0,.23206751,0,0,0,.10970464,0,0,.24757281,.13080169,.19565217,0,.14767933,0,0,.21621622,.14767933,0,.18727915,0,0,0,.14345992,0,0,.10548523,.1392405,0,.25632912,0,.24621212,.29022083,.43421054,.16033755,0,0,0,0,.12666667,0,0,0,0,.13502109,.17039107,0,0,.25316456,.15611814,.25477707,0,0,0,0,0,0,0,0,0,.12658228
251,France,FRA,0,.11678832,0,.23318386,.14361702,0,.14598539,.15920398,.17605634,0,.15584415,0,0,.13868614,.11241218,.15328467,.11678832,.27737227,.17763157,0,0,.19915254,.13903743,.12135922,0,.12408759,.10810811,.20737328,0,0,.1970803,0,.10358566,0,0,.12749004,.24087591,.13868614,0,0,.2238806,.29927006,0,0,.14090909,0,0,0,.1970803,.1559633,.29842931,0,.18248175,.17760618,.134,.18209876,.16788322,0,0,.10483871,0,0,.26277372,.21167883,0,0,0,0,.20183486,0,.27522936,.22627737,.25547445,.15438597,.3581081,.20338982,.24087591,.10071942,.21011673,.14766839,0,0,0,.13138686,.10169491,.10275229,.21167883,.25268817,0,0,.24896266,.22535211,.18978103,0,0,.23357664,.20567375,0,0,0,.26595744,.13868614,.22137405,.13157895,.23404256,.23239437,.28654972,.20430107,.34751773,.12408759,.11206897,0,.24193548,0,0,.25547445,.17518248,0,.13138686,0,.29281768,.16058394,.14835165,.20437956,0,0,0,.35766423,.13118812,0,.24309392,.18584071,0,.22580644,.1923077,.25882354,.25333333,.12408759,.13592233,.12429378,.1763285,.14598539,.19298245,.16788322,0,.15202703,0,.12408759,0,0,0,.26845637,.11176471,.10218978,.12408759,.30927834,.12408759,0,.20886075,.10948905,0,.10725552,0,.18994413,.10218978,.22815534,0,.26277372,.17333333,0,0,0,0,.24537037,.15083799,.19499999,.2658228,.13122173,.175,0,.13868614,.11678832,0,0,.20833333,.10218978,.13868614,.14345992,0,.15328467
258,French Polynesia,PYF,0,0,0,.1733871,.16935484,0,0,.19556452,.12096774,.11491936,.13104838,.45967743,0,0,.47177419,0,0,0,.25403225,0,0,.19758065,.18346775,.2016129,0,0,.19153225,.23387097,0,0,0,0,.24596775,.31048387,0,.31075698,0,0,0,0,.17137097,.11693548,0,0,.20362903,.37701613,.56273061,0,.1108871,.35080644,.16129032,0,0,.21370968,.53600001,.28830644,0,.25403225,.10483871,0,0,.46774194,0,0,0,0,0,0,.29637095,0,.17741935,0,0,.1733871,.10282258,.29032257,0,.32661289,.14919356,.27822581,.125,0,0,0,.21169356,.48807341,0,.18548387,.27620968,0,.18346775,.11290322,0,.19758065,0,0,.25604838,0,0,.11290322,.10887097,0,.24395162,.1875,.23991935,0,.10080645,.16129032,0,0,.19959678,0,.13508065,0,0,0,0,0,0,0,.12903225,0,.11895161,0,0,0,0,0,.43346775,.10080645,.12903225,.23387097,0,.12903225,.16733871,.11290322,0,0,.41129032,.13508065,.36693549,0,.19354838,0,0,.24798387,0,0,.22379032,0,0,.12298387,.14717741,0,0,.15524194,.11895161,0,.31048387,0,.28024194,.34879032,.33669356,.14717741,0,.15927419,0,0,.22782259,0,0,0,0,.16733871,.26612905,.13508065,.11491936,.21975806,.15725806,.54435486,0,0,0,0,0,0,0,.20362903,0,0
262,Djibouti,DJI,0,0,.11764706,0,0,0,0,0,0,0,0,0,.11538462,0,0,0,0,0,0,0,0,0,0,0,.11764706,0,0,0,0,0,0,0,0,0,0,0,.125,.15517241,.12820514,.25925925,0,0,0,0,0,0,0,0,0,0,0,0,0,0,0,0,0,0,0,0,0,0,0,0,0,.16666667,.10526316,.23529412,0,0,0,0,0,0,0,0,0,0,0,0,0,0,0,0,0,0,0,0,0,0,0,0,0,0,0,0,0,.11111111,0,0,0,0,0,0,0,0,0,0,0,0,0,0,0,0,0,0,0,0,0,0,0,0,0,0,0,0,.10810811,0,0,0,0,0,0,0,0,0,0,.14634146,0,0,0,0,0,0,0,0,0,0,0,0,0,0,0,0,0,0,0,0,0,0,0,0,0,0,0,0,0,0,0,0,0,0,0,0,0,0,0,0,0,0,0,0,0,0,0,0,0,0,0,0
266,Gabon,GAB,0,0,0,.1632653,.15816326,0,0,.14795919,.10204082,.11734694,.13520408,.32941177,0,0,.44730678,0,0,0,.21683674,0,0,.15306123,.13265306,.19642857,0,0,.16581632,.20663266,0,0,0,0,.2117347,.38265306,0,.21513945,0,0,0,0,.14285715,.10714286,0,0,.22193877,.32397959,.47601476,0,.11989796,.34948981,.14030612,0,0,.16071428,.33199999,.23214285,0,.25510204,0,.46774194,0,0,0,0,0,0,0,0,.25765306,0,.15306123,0,0,.18367347,0,.24234694,0,.24234694,.11479592,.27551019,.17091836,0,0,0,.24234694,.33944955,0,.16071428,.36479592,0,.18622449,0,0,.17602041,0,0,.24489796,0,0,.13010204,.10204082,0,.19132653,.17602041,.21683674,0,0,.12244898,0,0,.22448979,0,.11989796,0,0,0,0,0,0,0,.11989796,0,.13265306,0,0,0,0,0,.42326733,.11479592,.10714286,.20663266,0,.11479592,.16071428,.10714286,0,0,.33009708,.15306123,.23671497,0,.14030612,0,0,.19132653,.11479592,0,.22193877,0,0,.1377551,.21938775,0,0,.13265306,.11479592,0,.2372449,0,.19897959,.30357143,.35714287,.12755102,0,.10969388,0,0,.20153061,0,0,0,0,.11989796,.22959183,.125,.12244898,.15306123,.14285715,.52441615,0,0,0,0,0,0,0,.23214285,0,0
268,Georgia,GEO,0,.15517241,0,.1838565,.12765957,0,.18965517,.19402985,.20422535,.12931034,.22077923,.10117647,0,.13793103,0,.19827586,.13793103,.15517241,.17434211,.12931034,.10344828,.1779661,0,0,0,.1637931,0,.10599078,0,.11206897,.13793103,0,.1434263,0,.270073,0,.1724138,.12931034,0,0,.14925373,.18461539,.14655173,0,.15454546,0,0,.10344828,.21008404,.11314984,.18848167,0,.12931034,.13513513,.112,.12654321,.20689656,0,.26277372,0,0,0,0,.24137931,0,0,0,0,.1559633,0,.19724771,.1724138,.12068965,0,.1418919,.16271186,.10344828,.10071942,.11284047,0,0,0,0,.11206897,.13135593,0,.18103448,.16129032,0,.11206897,.18257262,.23239437,.11206897,0,0,.19827586,.17375886,0,0,.18978103,.13829787,0,.17938931,.1368421,.18439716,.11267605,.20467836,.24193548,.18439716,0,.12931034,0,.22043011,0,0,.1724138,.22413793,0,.1724138,0,.15469614,.12931034,.11538462,.10344828,0,0,0,.23529412,.10396039,.13559322,.14917128,.16814159,0,.11981567,.12393162,.14705883,.15333334,.11206897,.10679612,.13559322,.11835749,.1637931,.14035088,0,0,.1554054,.16793893,.12931034,0,0,0,.19463088,0,0,.15517241,.14432989,0,0,.17721519,.10344828,.13636364,0,0,.15083799,0,.14077669,0,.21551724,0,.15517241,0,0,.10344828,.1574074,.11452514,.19,.24050634,.19909503,.13124999,0,.19827586,0,0,.11206897,.10416666,0,.12931034,.17721519,.12931034,.18644068
275,State of Palestine,PSE,0,.17307693,0,.13901345,.12765957,0,.15384616,.1442786,0,0,.15584415,0,0,.17307693,.10538641,.24038461,.17307693,.125,.12171052,0,0,.13983051,.10695187,0,0,.17307693,.15315315,0,0,0,0,0,.15537849,0,.22627737,0,.36538461,.25961539,.11538462,0,.12437811,.17692308,.11538462,0,0,0,0,.15384616,.15966387,.10397553,.17277487,0,.25,.12355212,0,.12345679,.25961539,0,.21167883,0,0,0,.24137931,0,0,.1923077,.10576923,0,.11926606,0,.16972478,0,.20192307,0,.25,.11525424,.10576923,0,.15953307,0,0,0,0,.10576923,0,0,.15384616,.12903225,0,0,.186722,.16197184,.10576923,0,0,.1923077,.13120568,0,0,.12408759,.15957446,0,.14885496,.11578947,.14539006,0,.16374269,.11290322,.21276596,0,0,0,.12903225,.16346154,0,.23076923,.22115384,0,.1826923,0,.12154696,.14423077,.17582418,.20192307,0,.14423077,.14423077,.25210086,0,.11864407,0,.17699115,0,.11059908,.10683761,.19411765,.17333333,.16346154,.10194175,0,0,.15384616,.12719299,.11538462,0,.10810811,.12977099,.11538462,0,0,.11538462,.27516779,0,0,.14423077,.12371134,0,.125,.14240506,.14423077,0,0,0,0,.125,.10194175,0,.25961539,.11333334,0,0,0,0,.12037037,0,.22499999,.25949368,.1040724,.10625,0,.17307693,0,0,0,.13333334,0,.17307693,.1392405,.125,.19491525
276,Germany,DEU,0,0,0,0,.12234043,.11864407,0,0,0,.11650486,0,0,0,0,0,0,0,0,0,0,.23728813,0,0,0,0,0,0,0,0,0,.11111111,0,0,0,0,0,0,0,0,0,0,0,0,.13559322,0,0,0,0,0,0,0,0,0,0,0,0,0,0,0,0,0,0,0,0,0,0,0,0,0,0,0,.14423077,0,0,0,0,0,0,0,0,0,0,0,.10810811,0,0,0,0,0,0,0,0,0,0,0,0,0,0,0,.14598539,0,0,0,0,0,0,0,0,0,0,0,0,0,0,0,0,.11764706,0,0,0,0,0,0,0,0,0,0,0,0,.10169491,0,0,0,0,0,0,0,0,0,0,0,0,0,0,0,0,0,.14925373,0,0,0,0,0,0,0,0,0,0,0,0,0,0,0,0,.11864407,0,0,0,0,0,0,0,0,0,0,0,0,0,0,0,0,.10169491,0,.15555556,0,0,0,0,0,0
288,Ghana,GHA,0,0,0,0,0,.10526316,.11578947,0,0,0,0,0,0,0,0,.16923077,.10606061,0,0,0,0,0,0,0,0,.13043478,0,0,0,0,.12345679,.27027026,0,0,0,0,.1875,.27586207,.2820513,.22222222,0,0,.10909091,0,0,0,0,.14893617,0,0,0,0,.10843374,0,0,0,0,0,0,0,.16666667,0,0,.1923077,0,0,.25,0,0,0,0,0,.21666667,0,0,0,.14285715,0,0,0,0,0,0,0,0,0,.10810811,0,0,0,0,0,0,0,0,.11578947,0,.16666667,0,0,0,0,0,0,0,0,0,0,.14184397,.13157895,0,0,0,.12727273,0,.15116279,.10784314,0,.16901408,.16666667,0,.15873016,0,0,0,.11666667,.27027026,.1092437,0,0,0,0,0,0,0,0,0,.29268292,0,0,0,0,0,0,0,0,0,.11940298,0,0,.16666667,0,0,.16666667,.17073171,0,0,.13333334,0,.19444445,0,0,0,0,0,0,0,.12903225,0,0,0,0,0,0,0,.115,0,0,0,0,0,.15555556,0,0,0,.1388889,.17021276,0,.11864407,0
292,Gibraltar,GIB,0,0,0,0,0,0,0,0,0,0,0,0,0,0,0,.10769231,0,0,0,0,0,0,0,0,0,0,0,0,0,0,0,0,0,0,0,0,0,0,0,0,0,0,0,0,0,0,0,0,0,0,0,0,0,0,0,0,0,0,0,0,.10526316,0,0,.10576923,0,.25,0,0,0,0,0,0,0,0,0,0,0,0,0,0,0,0,0,0,0,0,0,0,0,0,0,0,0,0,0,0,0,.11111111,0,0,0,0,0,0,0,0,0,0,0,0,0,0,0,0,0,0,0,0,0,0,0,0,0,0,0,0,0,0,0,0,0,0,0,0,0,0,0,0,0,0,0,0,0,0,0,0,0,0,0,0,.11111111,0,0,.22727273,0,0,0,0,0,.125,0,0,0,0,0,0,0,.11827957,0,0,0,0,0,0,0,0,0,0,0,0,0,0,0,0,0,.10714286,0,0,0,0
300,Greece,GRC,0,0,.125,0,0,0,0,0,0,0,0,0,0,0,0,0,0,0,0,0,0,0,0,0,0,0,0,0,.14285715,0,0,0,0,0,0,0,0,0,0,.11111111,0,0,0,0,0,0,0,0,0,0,0,0,0,0,0,0,0,0,0,0,.23529412,0,0,0,0,0,0,0,0,0,0,0,0,0,0,0,0,0,0,0,0,0,.125,0,0,0,0,0,0,0,0,0,0,0,.1875,0,0,0,.1875,0,0,0,0,0,0,0,0,0,0,0,0,0,0,0,0,0,0,0,0,0,0,0,0,0,0,0,0,0,0,0,0,0,0,0,0,0,0,0,0,0,0,0,0,0,.13636364,0,0,0,0,0,0,0,0,0,0,0,0,0,0,0,0,0,0,0,0,0,.125,0,0,0,0,0,0,0,0,0,0,0,0,0,0,0,0,0,0,0,0,0,0,0
304,Greenland,GRL,0,.12844037,0,.25688073,.18348624,0,.11620795,.21100917,.19266056,.11009175,.15902141,.28705883,0,0,.323185,0,0,.13455658,.37614679,.11009175,0,.3119266,.18348624,.16207951,0,0,.19266056,.22018349,0,0,0,0,.2232416,.2324159,.15902141,.26294822,.12844037,0,0,0,.30581039,.20489296,0,0,.2324159,.27621484,.2712177,0,.14984709,0,.26299694,0,0,.36085626,.398,.31804281,.11620795,.18960245,.20183486,.29637095,0,.25765306,.1559633,.11926606,0,0,0,0,0,0,.35779816,.11926606,0,.24159022,.23547401,.38532111,0,.27522936,.24770643,.33937824,.12844037,0,0,0,.25076452,.35596329,.11620795,.27828747,.13455658,0,.30275229,.18960245,0,.19877675,0,.10703364,.39449543,0,0,.1529052,.23547401,0,.36085626,.19877675,.33027524,.16819572,.2324159,.25993884,.17125382,0,.21406728,0,.32110092,0,0,0,.1529052,0,0,0,.21712539,0,.12538226,.12538226,0,0,0,.18654434,.31930694,.10703364,.22018349,.26299694,0,.26911315,.2232416,.21406728,.13761468,0,.35679612,.1559633,.40338165,0,.29969418,0,0,.3119266,0,0,.23853211,0,0,.2232416,.10397553,0,0,.29357797,.14984709,0,.41590214,0,.25076452,.33027524,.21712539,.18348624,0,.32415903,0,.1529052,.29357797,0,0,0,0,.26299694,.47486034,.2232416,.18654434,.22018349,.16819572,.2462845,.12844037,0,0,0,.23547401,0,0,.26605505,0,.13761468
316,Guam,GUM,0,0,0,0,0,0,0,0,0,0,0,0,0,0,0,0,0,0,0,0,.10526316,0,0,0,0,0,0,0,0,0,0,0,0,0,0,0,0,0,0,0,0,0,0,0,0,0,0,0,0,0,0,0,.10843374,0,0,0,0,0,0,0,0,0,0,0,0,0,0,0,0,0,0,0,.11666667,0,0,0,0,0,0,0,0,0,0,.21621622,0,0,0,0,0,0,0,0,0,0,0,0,0,0,0,0,0,0,0,0,0,0,0,0,0,.15789473,0,.16,0,0,0,.11627907,0,0,.11267605,.36000001,0,0,0,.16161616,0,0,0,0,0,0,0,0,0,0,0,0,0,.19512194,0,0,0,0,0,.10169491,0,0,0,0,0,0,.11111111,.10738255,0,.16,0,0,0,.22222222,0,.15625,0,0,0,0,.16363636,0,0,0,0,0,0,0,0,0,0,0,0,0,0,0,0,0,0,0,0,.14285715,.12765957,0,0,0
320,Guatemala,GTM,0,.11926606,0,.25560537,.18348624,0,.13302752,.22477064,.1880734,.11009175,.11926606,.16941176,0,.12385321,.22014052,.13761468,.12385321,.17889908,.26644737,0,0,.26271185,.19724771,.16513762,0,.15137614,.2117117,.27522936,0,0,.12844037,0,.20318726,.13804714,.17431192,.187251,.17431192,0,0,0,.40825689,.35779816,0,0,.21818182,.15345268,.13837638,0,.25688073,.26911315,.40366971,0,.18348624,.32046333,.25600001,.25,.19266056,.11392405,.27522936,.17741935,0,.15306123,.19724771,.16972478,0,0,0,0,.35779816,0,0,.1559633,.11009175,.23859648,.40825689,.30169493,.14220184,.22661871,.27626458,.2253886,.11009175,0,0,0,.21610169,.22385322,.19266056,.33486238,0,0,.41908714,.23394495,.13302752,.13389121,0,.17431192,.34751773,0,0,.22935779,.38532111,.11926606,.27480915,.14220184,.28723404,.21559633,.29357797,.31651375,.27064219,0,.28448275,0,.36238533,0,0,.14220184,.15137614,0,0,0,.36238533,.13302752,.16513762,.10550459,0,0,0,.30733946,.23514852,0,.27981651,.26106194,0,.36238533,.27777779,.2614679,.18348624,0,.23786408,.12844037,.29710144,.11926606,.38157895,0,0,.21283785,0,0,.14487633,0,0,.22018349,0,0,0,.44495413,.1559633,0,.31329113,0,.15909091,.20189275,.13486843,.23853211,0,.41284403,0,.19266056,.27666667,.10550459,0,0,0,.32110092,.31843576,.31651375,.31651375,.2081448,.19724771,.15923567,.16513762,0,0,0,.27916667,0,0,.21518987,0,.16972478
324,Guinea,GIN,0,0,0,.16143498,.14361702,0,.17307693,0,.18309858,0,0,0,0,.10576923,0,.10576923,0,.16346154,0,.125,.11538462,.11440678,0,.11650486,0,0,0,.17511521,0,0,0,0,0,0,0,0,.11538462,0,0,0,0,.14615385,0,0,.10454545,0,0,0,.16806723,0,.17277487,0,.125,.1042471,0,.10493827,.10576923,0,.22627737,0,0,0,.1724138,0,.14423077,0,0,0,.11926606,0,.1559633,0,.125,.14035088,.12162162,.11525424,.13461539,0,0,0,.10236221,0,0,0,0,0,.17307693,.17204301,0,0,.16182573,.11267605,.125,0,0,.10576923,.12765957,0,0,.24087591,.13829787,.125,.10687023,0,.11702128,.15492958,.13450292,.11827957,.18439716,0,.10344828,0,.13978495,0,0,0,.16346154,0,0,0,.19337016,.10576923,.12087912,.14423077,0,0,0,.2184874,0,.11016949,.12707183,.11504425,0,.10599078,.17521368,0,.13333334,0,0,0,.13043478,0,.14035088,.11538462,0,.11148649,0,.15384616,0,0,0,.13422818,0,0,.11538462,.14948453,.10447761,0,.11392405,0,0,0,0,.12290503,0,.14563107,0,.16346154,0,0,0,0,0,.13425925,0,.12,.16455697,0,0,0,0,0,0,.125,.12083333,0,.11538462,.10970464,0,.10169491
328,Guyana,GUY,0,0,0,0,0,0,0,0,0,0,0,0,0,.16249999,0,.26153848,.15151516,.12121212,0,0,0,0,0,0,0,.15217391,0,0,0,0,.11111111,0,0,0,.10948905,0,.16666667,.16666667,.18333334,.11666667,0,.16923077,.11666667,0,0,0,0,.13333334,0,0,.13089006,0,.18072289,0,0,0,.14563107,0,.25547445,0,0,0,.12068965,.20192307,0,.21666667,0,0,0,.11666667,.11009175,.125,0,0,.14864865,0,.17460318,0,.11673152,0,0,0,0,.13513513,0,0,.24324325,0,0,0,.12033195,0,.125,0,0,.16842106,0,0,0,.10218978,.13297872,.1147541,0,0,.11347517,0,.11111111,0,.14893617,0,0,0,0,.15000001,0,.26744187,.11764706,0,.1971831,.15000001,.13812155,.26984128,0,.16161616,0,0,0,.18487395,0,0,0,0,0,0,0,.11176471,.10666667,.18333334,0,0,0,.15189873,0,.11666667,0,0,0,.17910448,0,0,0,.14093959,0,.13333334,.12195122,.10824742,0,.16666667,0,.23333333,0,0,0,0,.13333334,0,0,.16129032,0,0,0,0,0,0,0,.145,.14556962,0,0,0,0,.16666667,0,0,0,0,.15000001,0,.15000001,.15254237
332,Haiti,HTI,0,0,0,.23508772,.21403509,0,0,0,.16491228,0,0,.16470589,0,0,.12412178,0,0,.15087719,.22368421,0,0,.16842106,0,.12982456,0,0,.11929824,.21754386,0,0,.10175438,0,.10175438,.22222222,0,.42231077,0,0,0,0,.22456141,.1122807,0,0,.16491228,.1943734,.14944649,0,.12280702,.14067279,.22105263,0,0,.15438597,.17,.20987654,0,0,.15438597,.1733871,0,.18367347,0,0,0,0,0,0,.24159022,0,.23859648,.14035088,0,0,.18947369,.22033899,.12631579,.18245614,.30175439,.2642487,0,0,0,0,.20350876,.2440367,0,.14736842,.26984128,0,.23508772,.11929824,.12631579,.27017543,0,0,.24561404,0,0,.18947369,.26666668,.11578947,.1368421,0,.20350876,.31228071,.18596491,.15438597,.21403509,0,.19649123,0,.19298245,0,0,0,0,0,0,0,.31228071,0,.21754386,0,0,0,0,.14035088,.13118812,0,.25263157,.1368421,0,.29473683,.3859649,.15789473,.21403509,0,.15048544,.18245614,.28502417,0,.18947369,0,0,.2668919,0,0,.37894738,0,0,.12631579,.19649123,0,0,.24912281,.18596491,0,.17405063,0,.13333334,.19242902,.10855263,.14736842,0,.23859648,0,0,.33333334,0,0,0,0,.24561404,.25698325,.16842106,.10175438,0,.10526316,.19108281,0,0,0,0,.33333334,0,0,.15087719,0,0
340,Honduras,HND,0,0,0,.20627803,.17553191,0,0,.1442786,.2027027,.10135135,.11688311,.11294118,0,.11486486,.1264637,.16216215,.12837838,.27027026,.20394737,0,0,.20338982,.18181819,.10194175,0,.12837838,.18018018,.17050691,0,0,.11486486,0,.14741036,0,.18243243,.15139443,.20945945,.14864865,0,0,.29353234,.32432431,0,0,.15000001,.11764706,0,0,.20945945,.14984709,.38219896,0,.22297297,.18532819,.132,.19753087,.16891892,0,.3581081,.10282258,0,0,.1418919,.25,0,0,0,0,.23547401,0,.40825689,.12162162,.14864865,.18947369,0,.21694915,.22297297,.13309352,.25680932,.1761658,0,0,0,0,.11440678,.12660551,.2027027,.24193548,0,0,.23651452,.21621622,.2027027,0,0,.23648648,.20212767,0,0,.20945945,.36170211,.16891892,.22519083,0,.21276596,.27702704,.30994153,.27419356,.32432431,0,.16810344,0,.30645162,0,0,.18243243,.11486486,0,.12162162,0,.3480663,.1554054,.20879121,.11486486,0,0,0,.44594595,.13861386,0,.23756906,.19026549,0,.29493088,.22649573,.27058825,.26666668,0,.15048544,.12429378,.21014492,.14864865,.24561404,0,0,.1722973,0,0,0,0,0,.24832214,0,0,.10135135,.40721649,.12837838,0,.19620253,0,0,.12933753,0,.24022347,0,.29126215,0,.18243243,.18666667,.11486486,0,0,0,.24537037,.2122905,.22499999,.25316456,.13574661,.16875,0,.16216215,.10135135,0,.12162162,.25833333,0,.10135135,.15611814,0,.20945945
344,"China, Hong Kong SAR",HKG,0,0,0,.29491526,.22372882,0,.11186441,.19661017,.1559322,0,.11864407,.36000001,0,0,.28337237,0,0,.13559322,.39144737,.10847457,0,.4338983,.27457628,.18305084,0,0,.2,.27457628,0,0,0,0,.28474575,.26262626,.12542373,.2370518,0,0,0,0,.26779661,.17966102,0,0,.22033899,.3887468,.30442804,0,.1559322,.42507645,.25423729,0,.10847457,.25423729,.33199999,.42592594,0,.24067797,.20338982,.29032257,0,.24234694,.16271186,.11525424,0,0,0,0,.38532111,0,.30169493,.11525424,0,.22033899,.21694915,0,0,.38305086,.2440678,.22020726,0,0,0,0,.17627119,.32844037,0,.24067797,.15873016,0,.28474575,.16610169,0,.1559322,0,.11864407,.37627119,0,0,.17288135,.19322033,0,.37966102,.21355931,.3898305,.14915255,.19661017,.28135592,.14915255,0,.26779661,0,.30847457,0,0,.10169491,.14915255,0,0,0,.21016949,0,.15932204,0,0,0,0,.17627119,.25,.11864407,.18983051,.23050848,0,.22372882,.20677966,.14915255,.16271186,0,.39077669,.10847457,.38647342,.11186441,.28813559,0,0,.41891891,0,0,.18305084,0,0,.1559322,.13559322,0,0,.25084746,.17627119,0,.49050632,0,.41355932,.43533123,.32894737,.17627119,0,.21016949,0,0,.28333333,0,0,0,0,.28474575,.35195529,.18983051,.18644068,.26779661,.17966102,.23991507,0,0,0,.10169491,.23728813,0,0,.2,0,.11864407
348,Hungary,HUN,0,0,0,.12556054,0,0,0,0,.12676056,0,0,0,0,.1125,0,.13846155,.15151516,.26262626,0,0,0,0,0,0,0,0,0,0,0,0,.16049382,.11111111,0,0,0,0,.10416666,.11111111,.11111111,0,.10447761,.12307692,.12698413,0,0,0,0,.11111111,.14285715,0,.15706806,0,.10843374,.1003861,0,0,0,0,.24087591,0,0,0,.10344828,.10576923,0,.14285715,0,0,0,0,.14220184,.13461539,.17460318,.12631579,.22297297,0,0,0,.12062257,0,0,0,0,0,0,0,.25675675,.11827957,0,0,.12033195,0,.34375,0,0,.24210526,0,0,0,.13138686,.20212767,.23809524,0,0,.10283688,.21830986,.16959064,.12903225,.26950353,.11111111,0,0,.13440861,0,0,.20930232,0,.11111111,0,0,.20994475,0,0,0,0,.12698413,0,.25210086,0,0,.1436464,0,0,.14746544,.12393162,.10588235,.19333333,.12698413,0,0,0,.12658228,.10964912,.19047619,0,0,0,.14925373,0,0,.11111111,.10067114,0,.11111111,.1097561,.17010309,0,.11111111,0,0,0,0,0,.12849163,0,.13106796,0,.10752688,0,.11111111,0,0,0,.14351852,0,.105,0,0,0,0,0,.12698413,0,0,.1375,.15873016,.12698413,0,0,0
352,Iceland,ISL,0,0,0,.21582733,.176259,0,0,.20143884,.17266187,0,.10071942,.3317647,0,0,.28337237,0,0,0,.31907895,0,0,.30575541,.23021583,.20143884,0,0,.18705036,.20143884,0,0,0,0,.29856116,.22558923,.11510792,.22509961,0,0,0,0,.19424461,.16906475,0,0,.17985612,.41176471,.30811808,0,.11870503,.31498471,.19784173,0,0,.25179857,.30199999,.32407406,0,.23741007,.10071942,.32661289,0,.24234694,.10071942,0,0,0,0,0,.27522936,0,.22661871,0,0,.18245614,.13309352,.38305086,0,0,.17985612,.17357513,0,0,0,0,.24100719,.27155963,0,.19064748,.22857143,0,.21223022,.13309352,0,.2086331,0,0,.26241136,0,0,.10431655,.14748201,0,.33093524,.19784173,.28723404,0,.1294964,.22661871,0,0,.34172663,0,.21942446,0,0,0,.10431655,0,0,0,.13669065,0,.16187051,0,0,0,0,.10791367,.27475247,0,.12230216,.23021583,0,.1294964,.15467626,.10791367,.1438849,0,.41504854,.1294964,.31884059,0,.24820144,0,0,.37837839,0,0,.22261484,0,0,.11510792,.13309352,0,0,.21942446,.1438849,0,.37341774,0,.40647483,.37539431,.28947368,.12230216,0,.20143884,0,0,.28,0,0,0,0,.21223022,.2877095,.13309352,.14028777,.2769784,.12230216,.25477707,0,0,0,0,.15107913,0,0,.19064748,0,0
360,Indonesia,IDN,0,0,0,.25291827,.15175097,0,0,.15953307,.11284047,0,.12451362,.13411765,0,.10505836,.15456675,0,0,.19844358,.2631579,0,0,.22178988,.13618676,.15175097,0,.12062257,.20233463,.16342412,0,0,0,0,.17509727,.11111111,.14785992,.27888447,.15175097,0,0,0,.25291827,.12451362,0,0,.19455253,.16368286,.11254612,0,.13229571,.16207951,.24124514,0,.13229571,.25096524,.192,.26851851,.13229571,.13618676,.21011673,.14919356,0,.11479592,.11284047,.15953307,0,0,0,0,.24770643,0,.27626458,0,.11673152,.30175439,.25680932,.2440678,.12062257,.17985612,0,.30051813,0,0,0,0,.17120622,.17614679,0,.14007781,.16825397,0,.26848248,.13229571,.15175097,.20622568,0,.21011673,.22695035,0,0,.15564202,.35797665,.10894942,.24045801,.11673152,.21631205,.21789883,.25291827,.19455253,.25680932,0,.16342412,0,.18287937,0,0,.21011673,0,0,0,0,.23346303,0,.28793773,0,0,0,0,.19066148,.14851485,.10116731,.23346303,.15953307,0,.29571983,.29571983,.20622568,.27626458,0,.19417475,.20233463,.27294686,0,.24902724,0,0,.2668919,0,0,.21201414,0,0,.18287937,.17509727,0,.10116731,.25291827,.10116731,0,.20886075,0,.19318181,.17665616,.13486843,.16731517,0,.19066148,0,.12840466,.36666667,0,0,0,0,.27237353,.25698325,.28015563,.16731517,.14785992,.11673152,.11889596,.10116731,0,0,0,.43190661,0,0,.17898832,0,.14785992
364,Iran,IRN,0,.12435233,0,.2253886,.13730571,0,.10362694,.19948186,.13989638,0,.15284973,.26117647,0,0,.2857143,0,0,.16839378,.30051813,0,0,.19689119,.13730571,.17875648,0,.11917099,.25388601,.16062176,0,0,0,0,.14766839,.21761657,.12176166,.39840639,0,0,0,0,.23056994,0,0,0,.17357513,.25063938,.22509225,0,0,.20984456,.19170985,0,0,.34455958,.36199999,.22279793,.17357513,.13730571,.14766839,.27822581,0,.27551019,0,0,0,0,0,0,.33937824,0,.2253886,0,0,.2642487,.1761658,.22020726,0,.17357513,.30051813,0,0,0,0,0,.19948186,.33944955,0,.16839378,.21761657,0,.26165804,.13212435,.10103627,.20466322,0,.12953368,.24611399,0,0,0,.26165804,0,.18134715,.13730571,.18393782,.15025906,.2150259,.20466322,.22797927,0,.17875648,0,.20466322,0,0,.11139897,0,0,0,0,.21243523,0,.13989638,.11398964,0,0,0,.15284973,.25742576,0,.26683939,.13471502,0,.36010364,.23834197,.23056994,.15025906,0,.27427185,.18393782,.35265699,0,.20725389,0,0,.27979276,0,0,.26943004,0,0,.15025906,.12694301,0,0,.19948186,0,0,.24093264,0,.19170985,.19689119,.17357513,.17098446,0,.24093264,0,0,.30569947,0,0,0,0,.24093264,.40414509,.25647667,.1761658,.2150259,.13989638,.26326963,0,0,0,0,.3134715,0,0,.24611399,0,.13212435
368,Iraq,IRQ,0,0,0,0,.14361702,0,0,.14925373,.1056338,.13385826,.19480519,.11294118,0,0,.14285715,0,0,0,0,0,0,0,.12834224,0,0,0,.12612613,.14746544,0,0,0,0,.11155379,.16498317,.13138686,0,0,0,0,0,0,.17692308,0,0,.2,0,.1402214,0,.13385826,.17431192,.11518325,0,0,0,.102,.12037037,0,0,0,.125,0,.17091836,0,0,0,0,0,0,.12844037,0,.11009175,.10236221,0,0,0,0,0,0,0,0,0,0,0,0,.16101696,0,.14173229,.12365592,0,0,0,.12676056,0,0,0,0,0,0,0,.11678832,0,0,.15648855,.13157895,.11347517,.1056338,0,.10215054,0,0,.10775862,0,0,0,0,0,.11811024,0,0,0,0,0,0,.1496063,0,0,0,.1496063,.16831683,0,0,.19026549,0,0,0,0,0,0,.1092233,0,0,0,0,0,0,0,0,0,0,0,0,.10738255,.2,0,0,0,.10447761,0,0,0,0,.11041009,.12828948,.12290503,0,0,0,0,0,0,0,0,0,0,0,0,.11392405,0,.18125001,.14861996,0,0,0,0,0,0,0,0,0,0
372,Ireland,IRL,0,.18367347,0,0,0,0,0,0,0,0,.11038961,0,0,0,0,.12307692,0,0,0,0,0,0,0,0,0,0,0,0,0,0,0,0,0,0,0,0,0,0,0,0,0,0,0,0,0,0,0,.11538462,0,0,0,0,0,.1003861,0,0,.11650486,0,0,0,0,0,0,0,0,0,0,0,0,0,0,0,0,0,0,0,0,0,0,0,0,0,0,0,0,0,0,0,0,.16249999,0,0,0,0,0,0,0,0,.11538462,0,0,0,0,0,0,0,0,0,0,0,0,0,0,.16363636,0,0,0,0,0,.13461539,0,0,0,.12121212,0,.13333334,.11538462,0,0,0,0,0,.13793103,0,0,0,0,0,0,0,0,0,0,0,.15384616,0,0,0,0,.23076923,.13461539,0,0,0,0,0,0,0,0,0,0,0,0,0,0,.11165048,0,0,0,.1147541,0,0,0,0,0,0,0,0,0,0,.11956522,0,.1923077,0,0,0,.11538462,0,.10169491,.11016949
376,Israel,ISR,0,0,.14285715,0,0,0,0,0,0,0,0,0,0,0,0,0,0,0,0,0,0,0,0,0,0,0,0,0,0,0,0,0,0,0,0,0,0,0,0,0,0,0,0,0,0,0,0,0,0,0,0,0,0,0,0,0,0,0,0,0,0,0,0,0,0,0,0,.125,0,0,0,0,0,0,0,0,0,0,0,0,0,0,0,0,0,0,0,0,0,0,0,0,0,0,.125,0,0,0,.1875,0,0,0,0,0,0,0,0,0,0,0,0,0,0,0,0,0,0,0,0,0,0,0,0,0,0,0,0,0,0,0,0,0,0,0,0,0,0,0,0,0,0,0,0,0,0,0,0,0,0,0,.11111111,0,0,0,0,0,0,0,0,0,0,0,0,0,0,0,.14285715,0,0,0,0,0,0,0,0,0,0,0,0,0,0,0,.10714286,0,0,0,0,0,0,0
380,Italy,ITA,0,0,0,0,0,0,0,.11940298,0,0,.13636364,0,0,.125,0,0,0,.1010101,0,.10714286,.12162162,0,0,0,0,0,0,0,0,0,0,0,0,0,.13138686,0,0,0,0,0,0,0,0,0,.12727273,0,0,0,0,.12232416,0,0,.15662651,0,0,0,0,0,.13138686,0,0,0,.11206897,.10576923,.10810811,0,0,0,0,.21621622,0,0,.13513513,0,0,0,0,0,0,0,0,0,0,0,0,0,0,0,0,0,0,0,0,0,0,0,0,0,0,0,0,0,.10305344,0,0,0,.14035088,0,0,.17567568,0,0,0,0,0,.12790698,0,0,.13513513,.14864865,0,0,0,.21212122,0,.10810811,0,.1092437,0,.21186441,0,.16371681,0,0,0,.11176471,0,.13513513,0,0,0,.10126583,0,.16216215,0,0,0,0,0,0,0,.17449665,0,0,0,0,0,.10810811,0,0,0,0,0,0,.21621622,0,0,0,0,.10810811,0,0,0,0,0,.13,0,0,.14375,0,0,0,0,0,0,0,.12162162,0,0,0
384,CÃƒÂ´te d'Ivoire,CIV,0,.11016949,0,.21186441,.16101696,0,0,.12711865,.16101696,0,.11440678,.19294117,0,0,.23419204,0,0,0,.21710527,.11016949,0,0,.13135593,.15254237,0,0,.1779661,.20338982,0,0,0,0,.20318726,.27946126,.12711865,.20717132,0,0,0,0,.20338982,.16525424,0,0,.29237288,.2173913,.21217713,0,.12288135,.2232416,.21610169,0,0,.24710424,.208,.16049382,.13135593,.19409283,.10169491,.21169356,0,.24234694,.13135593,0,0,0,0,0,.25076452,0,.21610169,0,0,.20350876,.11440678,.17627119,0,.24100719,.17120622,.19948186,.16101696,0,0,0,0,.19816513,.10593221,.25847459,.20317461,0,.23651452,.11440678,0,.17991632,0,0,.25177306,0,0,.14406779,.16525424,0,.19465649,.19491525,.19503546,0,.1779661,.15254237,.11440678,0,.23728813,0,.15677966,0,0,0,.11440678,0,0,0,.19067797,0,.16101696,0,0,0,0,.10593221,.24504951,0,.19491525,.23305085,0,.21186441,.16525424,.16525424,.12711865,0,.18932039,.12288135,.18599033,0,.24576271,0,0,.20945945,.10169491,0,.17667845,0,0,.16525424,.14406779,0,0,.18644068,0,0,.21202531,0,.20454545,.20189275,.19078948,.15677966,0,.19915254,0,0,.19666667,0,0,0,0,.19915254,.19832402,.20338982,.17372881,.14830509,.13135593,.26539278,.11016949,0,0,0,.15000001,0,0,.21097046,0,.11016949
388,Jamaica,JAM,0,0,0,.20733945,.18348624,0,0,.14311926,.14678898,0,0,.47522935,0,0,.34311926,0,0,0,.29357797,0,0,.24770643,.18165137,.19633028,0,0,.16880734,.20550458,0,0,0,0,.16880734,.31559634,0,.45688075,0,0,0,0,.19816513,.11192661,0,0,.17431192,.43119267,.56697249,0,.12477064,.33761469,.19082569,0,0,.22752294,.5522936,.29174313,0,.23119266,.10275229,.48807341,0,.33944955,0,0,0,0,0,0,.35596329,0,.22385322,0,0,.2440367,.12660551,.32844037,0,.27155963,.17614679,.33944955,0,0,0,0,.19816513,0,0,.17981651,.29541284,0,.18165137,.11009175,0,.22201835,0,0,.32110092,0,0,.12844037,.15963303,0,.2440367,.17431192,.26055047,.13944954,.13944954,.20917431,0,0,.20366973,0,.19266056,0,0,0,.10642202,0,0,0,.17247707,0,.11376147,0,0,0,0,0,.29908258,0,.18899083,.18348624,0,.18899083,.20366973,.13027523,0,0,.40733945,.13761468,.4642202,0,.23119266,0,0,.32477063,0,0,.29908258,0,0,.10642202,.10275229,0,0,.2,.18899083,0,.3266055,0,.28256881,.38348624,.31743118,.16513762,0,.21284404,0,0,.2440367,0,0,0,0,.22018349,.42752293,.12293578,.11559633,.16513762,.12477064,.40183488,0,0,0,0,.20366973,0,0,.16513762,0,0
392,Japan,JPN,0,.1122449,0,0,0,0,0,.10945274,.14788732,.14563107,.1038961,0,0,.15000001,0,.14864865,.14864865,.11111111,0,0,.16216215,0,0,0,0,.10869565,0,.13364056,0,0,0,0,0,0,.13138686,0,.13541667,.16216215,.10810811,0,.10447761,.23846154,.14864865,0,.13636364,0,0,0,.2184874,0,.18848167,0,.18072289,.13127413,0,0,.1262136,0,.21167883,0,0,0,.18103448,.15384616,0,.10810811,0,0,.11620795,0,.19266056,.17307693,.24324325,0,.2027027,0,.25675675,0,0,0,.14173229,0,0,0,.10593221,0,0,.15053764,0,0,.14107884,.11971831,0,0,0,.14736842,.12411348,0,0,.15328467,.13297872,0,.11068702,0,.10283688,0,.15789473,.11827957,.17021276,0,.10775862,0,.13440861,0,0,.13953489,.14705883,0,.14864865,0,.12707183,.14864865,0,.11111111,0,.14864865,0,.23529412,.10148515,0,0,.11504425,.10810811,.10138249,0,.14117648,0,0,0,0,0,.10126583,.12719299,.13513513,0,0,0,.16216215,0,0,0,.147651,0,0,0,.14432989,0,0,.11392405,.14864865,0,0,0,.11173184,0,.13592233,0,.17204301,0,0,0,0,.13513513,0,0,.115,.17721519,0,.10625,0,.15217391,.14864865,0,0,0,0,0,.10126583,.12162162,.10169491
398,Kazakhstan,KAZ,0,.13440861,0,.27354261,.22340426,0,.14516129,.15422885,.2311828,.10752688,.12903225,.16235293,0,.11827957,.20374708,.10215054,0,.17204301,.23684211,.14516129,0,.25,.20855615,.16990291,0,0,.13963965,.24423963,0,0,.12903225,0,.1434263,.15488215,.15053764,.1434263,.12365592,0,0,0,.25870648,.25806451,0,0,.22272727,.13810742,.15867159,0,.18817204,.24770643,.33507854,0,0,.28957528,.21799999,.21913581,.13978495,.14345992,.25268817,.18548387,0,.16071428,.16129032,.12903225,0,0,0,0,.27828747,0,.33486238,.17204301,0,.14736842,.24193548,.24067797,.11827957,.19064748,.14007781,.16839378,.12365592,0,0,0,.25847459,.17981651,.15053764,0,0,0,.32365146,.20430107,.13978495,0,0,.12365592,.30141845,0,0,.2311828,.22340426,.10215054,.24045801,.16842106,.21985815,.16129032,.29032257,0,.17741935,0,.20689656,0,0,0,0,0,.12903225,0,0,0,.3172043,0,.1827957,.12365592,0,.11827957,0,.24193548,.22029702,0,.27956989,.24778761,.11290322,.23963134,.2008547,.24193548,.13978495,0,.21359223,.13440861,.22222222,0,.25,0,0,.20608108,0,0,0,0,0,.22580644,.10752688,0,0,.29896906,.12365592,0,.24683544,0,.18181819,.20504732,.15789473,.2311828,0,.35922331,0,.14516129,.15000001,0,0,0,0,.27314815,.25139666,.185,.24193548,.17647059,.19892474,.14437367,.15591398,0,0,0,.18333334,0,0,.19409283,0,.12365592
400,Jordan,JOR,0,0,0,.14603175,.16507937,0,0,0,.11428571,0,0,.31294116,0,0,.26463699,0,0,0,.17142858,0,0,.12698413,.12380952,.22857143,0,0,.13650794,.14285715,0,0,0,0,.11746032,.37460318,0,.25896415,0,0,0,0,0,0,0,0,.16190477,.31969309,.39667895,0,.1015873,.19877675,0,0,0,.11746032,.222,.20679012,0,.25396827,0,.27620968,0,.36479592,0,0,0,0,0,0,.13455658,0,0,0,0,.26984128,0,.15873016,0,.22857143,.16825397,.21761657,0,0,0,0,.20317461,.29541284,0,0,0,0,0,0,0,.40317461,0,0,.16507937,0,0,0,0,0,.10793651,.1968254,.14285715,.1015873,0,0,0,0,.2,0,0,0,0,0,0,0,0,0,0,0,.16190477,0,0,0,0,0,.25,0,0,0,0,0,.12698413,0,.14603175,0,.21601942,.20952381,.19082126,0,.10476191,0,0,.24444444,0,0,.42539683,0,0,0,.26031747,0,0,0,.11746032,0,.17721519,0,.2,.2681388,.32063493,.11428571,0,0,0,0,.27936509,0,0,0,0,.11428571,.16759777,0,0,.13968255,0,.35031846,0,0,0,0,.12380952,0,0,.17142858,0,0
404,Kenya,KEN,0,.14285715,0,0,0,0,.10526316,.13930348,0,0,.18831168,0,0,0,0,.1375,.1375,0,0,0,0,0,0,0,0,.15217391,0,0,0,0,0,0,.13944224,0,.13138686,0,.10416666,.125,0,0,0,0,0,0,0,0,0,.125,0,0,0,0,0,0,0,0,.10679612,0,0,0,0,0,.11206897,0,0,0,0,0,0,0,0,0,0,0,0,0,0,0,0,0,0,.16249999,0,0,0,0,0,0,0,0,0,.17605634,0,0,0,.11578947,0,0,0,0,0,0,0,0,0,0,0,0,0,0,0,0,.10215054,0,0,.10465116,0,.175,.15000001,0,0,0,0,.13131313,0,.125,0,0,0,.11864407,0,0,.1125,0,0,.13529412,0,0,0,.11864407,0,0,0,0,0,0,.25190839,.125,0,0,0,.10067114,0,0,0,0,0,0,0,0,0,0,0,0,0,0,0,0,0,.16249999,0,0,0,0,0,.11,0,.14932127,0,0,.23913044,0,.1125,0,0,0,.125,.1392405,.15000001,.11864407
408,Dem. People's Rep. of Korea,PRK,0,.12033195,0,.31535271,.19502075,0,.14107884,.21576764,.12448133,.10788382,.18257262,.19294117,0,.16182573,.24121779,.13278009,.11618257,.18257262,.25986841,0,0,.28630707,.19087137,.19917013,0,.14107884,.22406639,.25726143,0,0,.16182573,0,.23904383,.14141414,.19087137,.20318726,.20746888,0,0,0,.28630707,.25311205,0,0,.20746888,.18925831,.15313654,0,.15352698,.27828747,.32780084,0,.16597511,.33204633,.24600001,.26234567,.21161826,.14522822,.24896266,.18346775,0,.18622449,.18257262,.186722,0,0,0,0,.30275229,0,.41908714,.16182573,.12033195,.23508772,.23651452,.28474575,.12033195,.21223022,.26848248,.26165804,0,0,0,0,.23651452,.18165137,.14107884,.32365146,0,0,0,.2033195,.1120332,.14522822,0,.17012449,.31205675,0,0,.19502075,.29045644,0,.27099237,.14522822,.29787233,.12033195,.2406639,.26556018,.26970956,0,.2614108,0,.27385893,.13278009,0,.16597511,.12448133,0,.15352698,0,.25726143,.14107884,.17427386,.14107884,0,.13278009,0,.2406639,.23514852,.10788382,.25311205,.31120333,0,.31950209,.29460582,.26970956,.22406639,0,.24029127,.14107884,.25120774,.10373444,.31950209,0,0,.21283785,0,.17842324,.11307421,0,0,.31535271,.11618257,0,.1120332,.32780084,0,0,.29746836,0,.20454545,.19873817,.14144737,.21576764,0,.29460582,0,.186722,.25333333,0,0,0,0,.27800831,.25139666,.41078839,.38589212,.21576764,.18257262,.18259023,.12863071,0,0,0,.31120333,0,.12448133,.34024897,.10373444,.20746888
410,Rep. of Korea,KOR,0,.1971831,0,.14798206,.11702128,0,0,.19402985,0,.11267605,.25324675,0,0,.15492958,.13348946,0,.14084508,.16901408,.16447368,.11971831,0,.20762712,.15508021,0,0,.14084508,.13513513,.13364056,0,0,.14084508,0,.15139443,0,.21126761,.10557769,.15492958,0,0,0,.17412935,.20422535,.11267605,0,.12272727,.10485934,0,.12676056,.13380282,.14984709,.21989529,0,.1056338,.16602316,.15000001,.15123457,.23239437,0,.22535211,.11290322,0,0,.23239437,.16197184,0,0,0,0,.18960245,0,.23394495,.11267605,0,.11929824,.21621622,.16610169,0,.13309352,.13229571,.13212435,.12676056,0,0,0,.11440678,.11009175,.11971831,.20430107,0,.17605634,.2033195,0,0,0,0,.16901408,.20921986,0,0,.16197184,.15425532,0,.24427481,.1368421,.15248227,0,.22222222,.25268817,.17605634,0,.18534483,0,.27956989,0,0,.14084508,.14788732,.13380282,.13380282,0,.12707183,.1056338,.10989011,.18309858,0,.11267605,0,.22535211,.13613862,.1056338,.19337016,.25221238,0,.18894009,.12820514,.2,.14666666,0,.15291262,.1299435,.16425121,.14084508,.19736843,0,0,.1418919,.11267605,.14084508,0,0,0,.23489933,0,0,0,.20103092,0,0,.19620253,0,.13636364,0,0,.1396648,0,.25242719,0,.14788732,.11333334,.21830986,0,0,0,.14814815,.16480447,.20999999,.24683544,.19004525,.23125,.11252654,.22535211,0,0,0,.16249999,0,.11267605,.17721519,0,.16901408
414,Kuwait,KWT,0,0,0,.17040358,0,0,0,0,0,0,0,0,0,0,0,0,0,.41414142,.125,0,0,.11440678,0,0,0,0,0,0,0,0,.17283951,0,0,0,0,0,0,0,0,0,0,0,0,0,0,0,0,0,.11764706,0,.17277487,0,0,0,0,0,.11650486,0,.18978103,0,0,0,.11206897,.10576923,0,0,0,0,0,0,.13302752,.125,.125,.12631579,.2027027,0,.34375,0,.15175097,.10103627,0,0,0,0,0,0,0,.13978495,0,0,.1120332,0,0,0,0,.32631579,0,0,0,.12408759,.23404256,.359375,0,0,0,.24647887,.19883041,.17204301,.25531915,0,0,0,.15053764,0,0,.31395349,0,.171875,0,0,.1878453,.21875,0,0,0,0,0,.24369748,0,0,.16574585,0,0,.17050691,.15811966,0,.16666667,0,0,.10169491,.10869565,0,0,.125,0,.13513513,0,0,0,0,0,0,0,0,0,.18556701,0,0,0,0,0,0,0,.10055866,0,.13106796,0,0,0,.109375,0,0,0,.18055555,.10335196,0,0,0,0,0,0,0,0,0,.18333334,0,0,0,0,0
417,Kyrgyzstan,KGZ,0,0,0,.14644352,.13807531,0,0,0,.14225942,.11297071,0,.1882353,0,0,.22014052,0,0,0,.16118421,0,0,.12552302,.17991632,.24686192,0,0,.11715481,.15899582,0,0,0,0,.14741036,.17508417,0,.24501993,0,0,0,0,.17991632,0,0,0,.10878661,.2455243,.22878228,0,0,.11926606,.10878661,0,0,.19305019,.20999999,.16975309,0,.25523013,0,.19758065,0,.17602041,0,0,0,0,0,0,.19877675,0,.13389121,0,0,.27017543,0,.1559322,0,.2086331,.20622568,.20466322,0,0,0,0,.17991632,.22201835,0,0,.40317461,0,.14522822,0,0,0,0,0,.14539006,0,0,0,.13389121,0,.12977099,.21338913,.17021276,.12970711,.11715481,0,0,0,.20083682,0,.12970711,0,0,0,0,0,0,0,.12970711,0,.20083682,0,0,0,0,0,.15594059,.10460251,.15481171,.13389121,0,.17991632,.16317992,.12970711,.17573221,0,.18446602,.35146442,.19082126,0,.13807531,0,0,.2195946,.10041841,0,.4770318,0,0,.10878661,.17991632,0,.10041841,.13807531,.13389121,0,.17088607,0,.23863636,.20504732,.22039473,.11715481,0,.15481171,0,0,.31,0,0,0,0,.15481171,.23743017,0,0,.16317992,.10460251,.18683651,0,0,0,.10041841,.17083333,0,0,.19246861,0,0
418,Lao People's Dem. Rep.,LAO,.1875,0,0,0,0,0,.10526316,0,0,0,0,0,0,0,0,0,0,0,0,0,0,0,0,0,0,0,0,0,.1875,0,0,0,0,0,0,0,0,0,0,0,0,0,0,0,0,0,0,0,0,0,0,.15000001,0,0,0,0,0,0,0,0,0,0,0,0,0,0,0,.1875,0,0,0,0,0,0,0,0,0,0,0,0,0,0,.125,0,0,0,0,0,0,0,0,0,0,0,0,0,0,0,0,0,0,0,0,0,0,0,0,0,0,0,0,0,0,0,0,0,0,0,0,0,0,0,0,0,0,0,0,0,0,0,0,0,.12068965,0,0,0,0,0,0,0,0,0,0,0,.31818181,0,0,0,0,.175,0,0,0,0,0,0,0,0,0,0,0,0,0,0,0,0,.125,0,0,0,0,0,0,0,0,0,0,0,0,0,0,0,.21428572,0,0,0,0,0,0,0
422,Lebanon,LBN,0,.14285715,0,.17937219,0,0,0,.10447761,.11971831,0,0,0,0,.12631579,0,.10526316,.11578947,.26262626,.15460527,0,0,.15254237,0,0,0,.22105263,.1036036,0,0,0,.18947369,0,0,0,.14598539,.10557769,.1875,.16842106,.1368421,0,.12935324,.1923077,0,0,0,0,0,0,.15126051,0,.19895288,0,.1368421,.15057915,0,.12654321,.2038835,0,.23357664,0,0,0,.19827586,.1923077,0,.11578947,0,0,.10703364,0,.17431192,.10576923,.16842106,0,.23648648,.11864407,.24210526,0,.21011673,.12953368,0,0,0,0,0,0,.14736842,.12365592,0,.11578947,.17012449,.16901408,.32631579,0,0,0,.10992908,0,0,.12408759,.2393617,.22105263,.1259542,0,.11702128,.14788732,.22807017,.20430107,.29078013,0,0,0,.16129032,.10526316,0,.43157893,.15686275,.15789473,.14736842,0,.16574585,.23157895,0,0,0,0,.11578947,.26050422,0,0,.17679559,0,0,.15207373,.13247864,.17647059,.18666667,0,0,.10734463,.10628019,.22105263,.12280702,.11578947,0,.14527027,0,.1368421,0,0,0,.15436241,0,0,0,.17010309,0,.10526316,.14556962,0,0,0,0,.17877094,0,.15533981,0,.14736842,0,.12631579,0,0,0,.16666667,.12011173,.185,.17088607,0,0,0,.17894737,0,0,0,.21666667,0,0,.10548523,.10526316,.15254237
426,Lesotho,LSO,0,.15248227,0,.27304965,.22340426,0,.14893617,.19858156,.17375886,0,.11347517,.28235295,0,.10283688,.23653395,0,0,.10283688,.29276314,.11702128,0,.32624114,.21631205,.19503546,0,0,.16666667,.27304965,0,0,0,0,.22340426,.28619528,.15602838,.23904383,.13475177,0,0,0,.28014183,.20212767,0,0,.22340426,.2685422,.24354243,0,.18439716,.33639145,.25886524,0,0,.32978722,.34400001,.31172839,.14184397,.22340426,.20567375,.25604838,0,.24489796,.17375886,.13120568,0,0,0,0,.39449543,0,.34751773,.12765957,0,.24561404,.20212767,.37627119,0,.26241136,.22695035,.24611399,0,0,0,0,.25177306,.32110092,.12411348,.30141845,.16507937,0,.31205675,.20921986,0,.14539006,0,.10992908,0,0,0,.20212767,.20567375,0,.31914893,.19858156,0,.13120568,.20567375,.24822696,.16312057,0,.22695035,0,.26241136,0,0,.10638298,.14539006,0,0,0,.21985815,0,.14893617,.10283688,0,0,0,.15248227,.23019803,0,.21985815,.26950353,0,.23404256,.25177306,.17730497,.14184397,0,.32038835,.11347517,.35024154,0,.37943262,0,0,.27364865,0,.11347517,.19787987,0,0,.19858156,0,0,0,.26950353,.17730497,0,.38291138,0,.24822696,.32807571,.23026316,.19148937,0,.33687943,0,.10992908,.29333332,0,0,0,0,.24822696,.38268158,.22340426,.20921986,.21276596,.16312057,.22292994,.10283688,0,0,.10638298,.25177306,0,0,.27659574,0,.15248227
428,Latvia,LVA,0,0,0,0,0,.13157895,0,0,0,0,0,0,0,0,0,0,0,0,0,0,0,0,0,0,.14814815,0,0,0,0,0,0,0,0,0,0,0,0,.15517241,0,0,0,0,0,.11111111,0,0,0,0,0,0,0,.22222222,0,0,0,0,0,0,0,0,.11111111,0,0,0,0,.16666667,.11111111,0,0,0,0,0,0,0,0,0,0,0,0,0,0,0,0,0,0,0,0,0,0,0,0,0,0,0,0,0,0,0,.14814815,0,0,0,0,0,0,0,0,0,0,0,0,.11111111,0,.10909091,0,0,0,0,0,.11111111,0,0,0,0,0,0,.13513513,0,0,0,0,0,0,0,0,0,0,0,0,0,0,0,0,0,.11111111,0,0,0,0,.125,0,0,0,0,.1097561,0,0,0,0,.125,0,0,0,0,0,0,0,0,0,0,0,0,0,0,0,0,0,0,0,0,0,0,.10714286,0,0,.14285715,.12765957,0,0,0
430,Liberia,LBR,.125,0,0,0,0,0,0,0,0,0,0,0,.11538462,0,0,0,0,0,0,0,0,0,0,0,0,0,0,0,.125,0,0,0,0,0,0,0,0,0,0,0,0,0,0,0,0,0,0,0,0,0,0,.25,0,0,0,0,0,0,0,0,0,0,0,0,0,0,0,.1875,0,0,0,0,0,0,0,0,0,0,0,0,0,.11538462,.1875,0,0,0,0,0,0,0,0,0,0,0,0,0,0,.14814815,0,0,0,0,0,0,0,0,0,0,0,0,0,0,0,0,0,0,0,0,0,0,0,0,0,0,0,0,0,0,0,0,0,0,.10344828,0,0,0,0,0,0,0,0,0,0,0,.45454547,0,0,0,0,.22499999,.11111111,0,0,0,0,0,0,0,0,0,0,0,0,0,0,0,0,0,0,0,0,0,.16666667,0,0,0,0,0,0,0,0,0,.32142857,0,0,0,.12765957,0,0,0
434,Libya,LBY,0,0,0,.19282511,.2606383,0,.16058394,0,.17605634,.12408759,0,.11764706,0,.16058394,.11007026,0,0,.16058394,0,.12408759,.12408759,.14830509,0,.17961165,0,0,0,.32718894,0,0,.16788322,0,.10756972,.11784512,0,.14143427,.16788322,0,0,0,.16915423,.22627737,0,0,.17727272,.11253197,.11254612,0,.27737227,.17737003,.26178011,0,.10218978,.11969112,.114,.18827161,0,.10970464,0,.11290322,0,.13010204,.18978103,.12408759,.14598539,0,0,0,.1529052,0,.22935779,.24087591,.10218978,.18947369,.20945945,.17288135,.13138686,.10431655,.15564202,0,.11678832,0,0,0,.14406779,.12844037,.15328467,.2311828,0,0,.19502075,.16197184,.12408759,0,0,.12408759,.20212767,0,0,0,.19148937,0,.15648855,0,.15602838,.27464789,.12280702,.15591398,.21985815,0,.13793103,0,.20430107,0,0,.10948905,.16058394,0,0,0,.27071825,0,.15384616,.10948905,0,0,0,.22627737,.12376238,0,.22099447,.11946902,0,.11981567,.24786325,.12352941,.18000001,0,.14563107,0,.16183574,0,.18421052,.13138686,0,.11148649,0,.13138686,0,0,0,.25503355,.14117648,0,0,.20618556,.1970803,0,.19303797,0,0,.15457413,.1118421,.15083799,0,.14077669,0,.13868614,.12666667,0,0,0,.10218978,.16203703,.12290503,.13500001,.25949368,0,.1125,.11252654,0,.13138686,0,.13868614,.16666667,0,0,.12236287,0,0
440,Lithuania,LTU,0,0,0,.26905829,0,0,.12765957,.13930348,.16489361,0,.10106383,.11058824,0,.11170213,.11007026,.11702128,0,.30851063,.22697368,0,0,.18644068,.14893617,.15533981,0,.10638298,.18018018,.1843318,0,0,.11702128,0,.11553785,0,.13297872,.21513945,.14361702,0,0,0,.26368159,.23404256,0,0,.18181819,.11508951,0,0,.17021276,.1529052,.35078534,0,.14893617,.22007722,.154,.21913581,.18085106,0,.26595744,.10887097,0,.10204082,.13829787,.15957446,0,0,0,0,.23547401,0,.38532111,.13829787,.13297872,.26666668,.36170211,.19322033,.20212767,.14748201,.35797665,.26165804,0,0,0,0,.16525424,.15963303,.13297872,.22340426,0,0,.29045644,.15425532,.23404256,.13389121,0,.2393617,.20567375,0,0,.19148937,0,.14893617,.21755725,0,.21985815,.2606383,.31382978,.27659574,.38829789,0,.16810344,0,.27659574,0,0,.25,0,0,.15957446,0,.36702126,.15425532,.22340426,.11170213,0,0,0,.27127659,.12128713,0,.35106382,.14159292,0,.33179724,.27350429,.27127659,.30851063,0,.16990291,.18085106,.23188406,.11702128,.22807017,0,0,.22972973,0,0,.13074204,0,0,.16489361,0,0,.13297872,.35567009,.14361702,0,.20253165,0,.10984848,.12618296,0,.19680852,0,.27184466,0,.12234043,.23999999,0,0,0,0,.34722221,.25139666,.28999999,.22872341,.12217195,.14893617,0,.11170213,.10106383,0,0,.40416667,0,0,.1392405,0,.14361702
442,Luxembourg,LUX,0,0,0,.10313901,0,0,0,0,.11267605,0,0,0,0,0,0,.10769231,0,.24242425,.10526316,0,0,0,0,0,0,.10869565,0,0,0,0,.16049382,0,0,0,0,0,0,0,0,0,.10447761,0,0,0,0,0,0,0,0,0,.13089006,0,0,0,0,0,0,0,.13868614,0,0,0,0,0,0,0,0,0,0,0,.11926606,.125,.1147541,.11578947,.16891892,0,.23809524,0,.10894942,0,0,0,0,0,0,0,0,.10215054,0,0,0,0,.359375,0,0,.22105263,0,0,0,0,.14893617,0,0,0,0,.17605634,.15204678,.15591398,.18439716,0,0,0,.11827957,0,0,.20930232,0,.14754099,0,0,.15469614,.17460318,0,0,0,0,0,.17647059,0,0,.1436464,0,0,.16589862,.10683761,.11176471,0,0,0,0,0,0,0,0,0,0,0,.10447761,0,0,0,0,0,0,0,.12371134,0,0,0,0,0,0,0,.10055866,0,.14563107,0,0,0,0,0,0,0,.1388889,0,0,0,0,0,0,.10869565,0,0,0,.12916666,0,0,0,.1147541,.10169491
446,"China, Macao SAR",MAC,0,0,0,.2557252,.17938931,0,.11068702,.24809161,.16793893,0,.16030534,.27294117,0,0,.29039812,.10305344,0,.13358779,.35855263,0,0,.37404579,.33969465,.15267175,0,.10305344,.20229007,.23282443,0,0,0,0,.33587787,.16498317,.19465649,.18525897,.12977099,0,0,0,.23664123,.16412213,0,0,.23664123,.26086956,.2195572,0,.12977099,.34556574,.22900763,0,.12977099,.24809161,.266,.39506173,.11450382,.27480915,.22137405,.24395162,0,.19132653,.17938931,.14885496,0,0,0,0,.36085626,0,.27480915,.10687023,0,.1368421,.22519083,.37966102,0,.33093524,.24045801,.18134715,.15648855,0,0,.10305344,.19465649,.2440367,.11068702,.24045801,.10793651,0,.27099237,.24427481,0,.12977099,0,.1259542,.31914893,0,0,.15648855,.21755725,0,0,.20229007,.4609929,.1221374,.19465649,.29389313,.16793893,0,.23664123,0,.27480915,0,0,.1221374,.14503817,0,.11068702,0,.20992367,0,.14122137,.11068702,0,0,0,.19083969,.31683168,.10305344,.18702289,.31297711,0,.23664123,.19083969,.20229007,.14122137,0,.37135923,.13358779,.34541062,.12977099,.26717559,0,0,.3108108,.13358779,0,.11307421,0,0,.17938931,0,0,0,.27099237,.1259542,0,.37658226,0,.33712122,.26182964,.25657895,.19847329,0,.26717559,0,.13358779,.21333334,0,0,0,0,.24427481,.30446929,.21374045,.16412213,.29389313,.20610687,.20806794,0,0,0,0,.21755725,0,0,.21374045,0,.16793893
450,Madagascar,MDG,0,0,0,.13901345,.17894737,0,0,.16915423,.12631579,0,.11052632,.26588234,0,0,.20608899,.10526316,0,0,.20723684,.10526316,0,.19915254,.24210526,.13106796,0,0,.14864865,.17511521,0,0,0,0,.20717132,.2053872,.11052632,.15139443,0,0,0,0,.13432837,.14210527,0,0,.17727272,.25063938,.20848708,0,.11052632,.20489296,.16230367,0,0,.18532819,.2,.18827161,0,.23206751,.13157895,.1875,0,.17602041,.1368421,.11578947,0,0,0,0,.19877675,0,.14220184,0,0,0,0,.21355931,0,.19784173,.11673152,.13730571,.13157895,0,0,0,.19491525,.17431192,0,.16842106,.1968254,0,.14522822,.1368421,0,.21338913,0,0,.19858156,0,0,0,0,0,.20229007,0,.25177306,0,0,.1631579,0,0,.15948276,0,.21578947,0,0,0,.11578947,0,0,0,.13157895,0,.15789473,0,0,0,0,.10526316,.17326732,.12631579,.16842106,.2079646,0,0,0,.13157895,.10526316,0,.21359223,.20526315,.19565217,0,.23245615,0,0,.19594595,.15789473,0,.1696113,0,0,.14210527,.13157895,0,0,.20103092,0,0,.21835443,0,.27272728,.2681388,.27302632,.13157895,0,.13106796,0,.10526316,.14666666,0,0,0,0,0,.22625698,.13500001,.14210527,.280543,.11052632,.1656051,0,0,0,0,.11666667,0,0,.19831224,0,0
454,Malawi,MWI,0,0,0,.27304965,.21276596,0,.10992908,.18794326,.15602838,0,.15248227,.30588236,0,0,.25995317,.10992908,0,.12056737,.3618421,.10283688,0,.32624114,.27659574,.16312057,0,.10638298,.16666667,.24113475,0,0,0,0,.29432625,.20875421,.17375886,.21912351,.11347517,0,0,0,.23404256,.19148937,0,0,.25177306,.29411766,.24907748,0,.13120568,.34556574,.21985815,0,.10638298,.24468085,.27399999,.43827161,0,.24113475,.23404256,.23991935,0,.21683674,.18439716,.14539006,0,0,0,0,.33027524,0,.28723404,.11702128,.11347517,.20350876,.21276596,.3898305,.10283688,.28723404,.21631205,.18393782,.11347517,0,0,0,.19503546,.26055047,.10283688,.21985815,.14285715,0,.29787233,.15248227,0,.17021276,0,.11702128,0,0,0,.15602838,.21985815,0,.4609929,.25177306,0,.14539006,.15957446,.26950353,.14893617,0,.20212767,0,.21631205,0,0,.12056737,.13475177,0,0,0,.24113475,0,.18794326,.11702128,0,0,0,.18085106,.29455444,0,.17375886,.29787233,0,.24822696,.23404256,.17730497,.14539006,0,.36407766,.15602838,.33574879,.11347517,.23404256,0,0,.33445945,.15602838,0,.19081272,0,0,.15248227,0,0,0,.29787233,.14184397,0,.38291138,0,.32978722,.30914825,.30263159,.21631205,0,.23404256,0,.12765957,.22333333,0,0,0,0,.24822696,.31284916,.21631205,.19858156,.30496454,.17730497,.19532908,0,0,0,0,.21985815,0,0,.20921986,0,.11702128
458,Malaysia,MYS,0,0,0,.18834081,.18617021,0,0,0,0,0,0,0,0,0,0,0,0,.26760563,.1875,0,0,.13983051,0,0,0,0,0,.13824885,0,0,.14788732,0,0,.11784512,0,.20119523,0,0,0,0,.18905473,.14788732,0,0,.13636364,0,0,0,.12676056,.11314984,.22513089,0,0,.13513513,.108,.1388889,0,0,.23239437,0,0,0,.11267605,0,0,0,0,0,.16819572,0,.21559633,.15492958,0,.31228071,.27702704,.14915255,.21830986,0,.21789883,.15025906,.1056338,0,0,0,0,.13944954,0,.16129032,.1015873,0,.12033195,0,.24647887,.12970711,0,.14788732,.13120568,0,0,.27464789,.2606383,.17605634,.1221374,0,.14539006,0,.21637426,.22580644,.3028169,0,.11637931,0,.19892474,0,0,.14788732,0,0,0,0,.3480663,0,.14285715,0,0,0,0,.26760563,0,0,.23756906,.11061947,0,.23963134,.26495728,.15294118,.25333333,0,0,.14124294,.19082126,0,.13596492,0,0,.16216215,0,0,.15194346,0,0,.10067114,.11764706,0,0,.24226804,.21830986,0,.10126583,0,0,.13249211,0,.17877094,0,.17961165,0,0,.18666667,0,0,0,0,.22685185,.16480447,.105,0,0,.10625,0,0,0,0,.12676056,.22499999,0,0,0,0,0
462,Maldives,MDV,0,.12865497,0,.29147983,.15425532,0,0,.15920398,.21052632,0,.19298245,0,0,.10526316,.10070258,0,0,.28654972,.23684211,0,0,.25423729,.13368984,0,0,.11695907,.10810811,.11981567,0,0,.11695907,0,.14741036,0,.23391813,.17330678,0,0,0,0,.20895523,.19298245,0,0,.19545455,0,0,0,.14619882,.13455658,.29842931,0,.14035088,.2857143,.182,.18518518,.23391813,0,.28654972,.10080645,0,0,.20467836,.16374269,0,0,0,0,.2324159,0,.29357797,.13450292,.11111111,.18596491,.30994153,.19661017,.16959064,.1294964,.25291827,.2150259,0,0,0,.14035088,.1779661,.13944954,.15789473,.29032257,0,0,.2406639,.22222222,.19883041,.11715481,0,.22807017,.20567375,0,0,.12280702,.31382978,.15204678,.19465649,0,.15957446,.21637426,0,.24731183,.33918127,0,.20689656,0,.34408602,0,0,.22222222,.14035088,.10526316,.10526316,0,.28176796,.11111111,.10439561,.15204678,0,0,0,.2748538,.13613862,.10526316,.23756906,.21681416,0,.30875576,.21367522,.32163742,.25146198,0,.1262136,.20338982,.22463769,0,.21052632,.11111111,0,.21621622,0,0,0,0,0,.23391813,0,0,0,.24742268,.11111111,0,.18670887,0,.11742424,0,0,.19553073,0,.33009708,0,.15204678,.19,.13450292,0,0,0,.41666666,.23463687,.25999999,.16959064,.12217195,.18128654,.10403397,.16959064,0,0,0,.29166666,0,0,.16877638,0,.15204678
466,Mali,MLI,0,.11290322,0,.24215247,.21808511,0,.10752688,.21393035,.22580644,0,.14516129,.16941176,0,0,.13583139,.10215054,0,.19892474,.29276314,.10752688,0,.32627118,.20855615,.16990291,0,.10215054,.17567568,.1843318,0,0,.12903225,0,.15139443,.12794612,.15053764,.16733068,.11290322,0,0,0,.2238806,.17204301,.10752688,0,.17272727,.17647059,.13284133,0,.17204301,.21406728,.32984293,0,0,.25096524,.2,.23148148,.1827957,.11814346,.20430107,.16129032,0,.12244898,.24193548,.11290322,0,0,0,0,.25993884,0,.31651375,.11827957,0,.15438597,.27419356,.28135592,.12903225,.22661871,.19455253,.20466322,.10215054,0,0,0,.15254237,.20917431,.11827957,0,0,0,.26556018,.25268817,.17204301,0,0,.20430107,.24822696,0,0,.15591398,.27659574,.15591398,.29389313,.1631579,.26950353,.22580644,.24731183,0,.20430107,0,.21551724,0,0,0,0,.14516129,.15053764,0,0,0,.24731183,.13440861,.14516129,0,0,0,0,.20967741,.13118812,0,.30107528,.19026549,0,.26728112,.2008547,.16129032,.1827957,0,.21359223,.10752688,.26086956,.16666667,.2631579,0,0,.2972973,0,0,0,0,0,.16666667,0,0,0,.27319586,.16129032,0,.28481013,0,.20454545,.18296529,.13815789,.22580644,0,.33980581,0,.14516129,.15000001,.14516129,0,0,0,.29166666,.27094972,.20999999,.20967741,.25791857,.16129032,.11464968,.15053764,0,0,0,.24166666,0,0,.1814346,0,.11290322
470,Malta,MLT,0,.16312057,0,.2600897,.12234043,0,0,.11940298,.21126761,0,.13636364,0,0,.11347517,0,.14184397,.15602838,.38297874,.17434211,0,0,.16949153,.10160428,.10194175,0,.14184397,.14864865,.11981567,0,0,.17730497,0,.10756972,0,.20567375,.16733068,.15602838,.10638298,0,0,.17910448,.21985815,0,0,.12272727,0,0,0,.17021276,0,.26178011,0,.15602838,.18532819,.102,.1574074,.23404256,0,.34751773,0,0,0,.18439716,.21276596,0,.14184397,0,0,.17125382,0,.27064219,.18439716,.14893617,.21403509,.32432431,.14915255,.26950353,0,.25680932,.22797927,0,0,0,0,.11440678,0,.17021276,.17741935,0,0,.26970956,.17605634,.25531915,0,0,.29078013,.16312057,0,0,.21985815,.38829789,.18439716,.16793893,0,.14893617,.3028169,.33918127,.20430107,0,0,.11637931,0,.27956989,.12765957,0,.31205675,.15602838,0,.24113475,0,.3480663,.19148937,.12087912,.14893617,0,.13475177,0,.32624114,0,.10638298,.3038674,.15044248,0,.32718894,.21794872,.27058825,.28,.10638298,0,.16949153,.15700483,0,.15789473,.14184397,0,.16891892,0,.14893617,0,0,0,.25503355,0,0,.14893617,.24226804,.12056737,0,.14240506,.10638298,0,0,0,.17877094,0,.21359223,0,.16312057,.16666667,.14184397,0,0,0,.25462964,.18715084,.28999999,.24683544,0,.15000001,0,.14893617,0,0,0,.28749999,0,.13475177,.13502109,.10638298,.19858156
478,Mauritania,MRT,0,0,0,0,0,0,0,0,0,0,0,0,0,0,0,0,0,0,0,0,.10526316,0,0,0,0,0,0,0,0,0,0,.13157895,0,0,0,0,0,0,0,0,0,0,0,0,0,0,0,0,0,0,0,0,.10843374,0,0,0,0,0,.12408759,0,0,0,0,0,0,.13157895,0,0,0,.15789473,0,0,0,0,0,0,.11111111,0,0,0,0,0,0,.17567568,0,0,0,0,0,0,0,0,0,0,0,0,0,0,0,0,0,0,0,0,0,0,0,0,0,0,0,.10526316,0,0,0,0,0,0,0,.18421052,0,0,0,0,.13157895,0,0,.1092437,0,0,0,0,0,0,0,0,0,.17073171,0,0,0,0,0,.15254237,0,0,0,0,0,0,.10526316,0,0,.18421052,0,0,0,0,0,.18421052,0,0,0,0,.16363636,0,0,.13978495,0,0,0,0,0,0,0,0,0,0,0,0,0,0,0,0,0,.13157895,.23404256,0,0,0
480,Mauritius,MUS,0,0,0,.2025862,.15948276,0,0,.15517241,.13362069,0,.13362069,.19764706,0,0,.22014052,0,0,0,.23684211,0,0,.22033899,.1724138,.21982759,0,0,.2112069,.19396552,0,0,0,0,.23505977,.18518518,.15948276,.21713148,0,0,0,0,.22844827,.16810344,0,0,.22844827,.27109975,.21586716,0,.17672414,.21712539,.24137931,0,.11206897,.21621622,.236,.22222222,0,.2278481,.11206897,.19959678,0,.22448979,.12931034,0,0,0,0,0,.21406728,0,.28448275,.10344828,0,.19649123,.16810344,.26779661,0,.34172663,.16342412,.17875648,.10775862,0,0,0,.23728813,.20366973,.10775862,.20689656,.2,0,.2614108,.18534483,0,.20083682,0,0,.22695035,0,0,.13793103,.16810344,0,.23664123,.15948276,.20212767,.11637931,.20689656,.21551724,.11637931,0,0,0,.20689656,0,0,0,.10775862,0,0,0,.13793103,0,.18965517,0,0,0,0,.14224137,.19554456,0,.13362069,.19827586,0,.18965517,.17948718,.22413793,.18534483,0,.30097088,.13362069,.2173913,0,.23706897,0,0,.24662162,0,0,.1696113,0,0,.14655173,.12931034,0,0,.2112069,0,0,.24050634,0,.25378788,.26498422,.21381579,.15517241,0,.18965517,0,0,.25,0,0,0,0,.28448275,.23184358,.1724138,.1637931,.19396552,.11637931,.20594479,.12931034,0,0,0,.2,0,0,.18987341,0,.12068965
484,Mexico,MEX,0,0,.11111111,0,0,.10526316,0,0,0,0,0,0,0,0,0,0,0,0,0,0,0,0,0,0,.16666667,0,0,0,0,0,0,0,0,0,0,0,0,0,0,0,0,0,0,.125,0,0,0,0,0,0,0,0,0,0,0,0,0,0,0,0,0,0,0,0,0,0,0,0,0,.16,0,0,0,0,0,0,0,0,0,0,0,0,0,0,0,0,0,0,0,0,0,0,0,0,0,0,0,.11111111,0,0,0,0,0,0,0,0,0,0,0,.10526316,0,0,0,0,0,0,0,0,0,.13636364,0,0,0,0,0,0,0,0,0,0,0,0,0,0,0,0,0,0,0,0,0,0,0,.11864407,0,0,0,0,0,0,0,0,0,.18181819,0,0,0,0,0,0,0,0,0,0,0,0,0,0,0,0,0,0,0,0,0,0,0,0,0,0,0,0,0,0,0,.17857143,0,0,0,0
490,"Other Asia, nes",S19,0,.10215054,0,.30493274,.21808511,0,0,.17412935,.21505377,.10215054,.10215054,.16470589,0,0,.17798595,0,0,.21505377,.3125,.11827957,0,.33474576,.20320855,.12135922,0,0,.16666667,.17050691,0,0,.15591398,0,.187251,.11111111,.15591398,.1932271,0,0,0,0,.23880596,.23655914,0,0,.17272727,.16624041,.11439114,0,.16666667,.18348624,.35078534,0,.14516129,.2857143,.22,.23148148,.17204301,.10548523,.24193548,.13508065,0,.11989796,.22043011,.12903225,0,0,0,0,.32110092,0,.36238533,.13978495,0,.19298245,.30645162,.30847457,.13440861,.21942446,.18287937,.20466322,0,0,0,0,.15677966,.19266056,.13440861,0,0,.10215054,.27385893,.27956989,.15053764,.12970711,0,.16129032,.26241136,0,0,.20430107,.27659574,.11827957,.27480915,.21578947,.21631205,.19892474,.34408602,0,.27956989,0,.20689656,0,0,0,0,.15053764,.22043011,0,0,0,.25806451,0,.12365592,.16129032,0,0,0,.24193548,.16831683,.12365592,.26344085,.21681416,0,.26728112,.18803419,.20430107,.17741935,0,.2184466,.19892474,.24879228,0,.28947368,0,0,.25675675,0,0,.1024735,0,0,.20430107,0,0,0,.31958762,.12903225,0,.33544305,0,.20075758,.16403785,.125,.21505377,0,.31553397,0,.15053764,.14,.11290322,0,0,0,.27314815,.31005585,.19499999,.20967741,.23529412,.13978495,.11252654,.15591398,0,0,0,.25,0,0,.21518987,0,.16666667
496,Mongolia,MNG,0,.1122449,0,0,0,0,0,0,0,0,0,0,0,.22499999,0,.27692309,.34848484,.12121212,0,0,0,0,0,0,0,.11956522,0,0,0,0,0,0,0,0,0,0,.1875,.1724138,0,0,0,0,0,0,0,0,0,.23636363,0,0,0,0,0,0,0,0,.23300971,0,0,0,0,0,0,.16346154,0,.12727273,0,0,0,0,0,0,.15000001,0,0,0,0,0,0,0,0,.16363636,0,0,0,0,0,0,0,0,.13278009,0,0,0,0,.10526316,0,.10909091,0,0,0,0,0,0,0,0,0,0,.12765957,0,0,0,0,0,0,0,0,0,.16901408,0,0,.15873016,0,0,0,.30000001,.10909091,.10084034,0,0,0,0,.10344828,0,0,0,0,.12727273,0,0,0,0,0,0,0,0,0,.20895523,0,0,.2,.17449665,0,0,0,0,0,.2,0,.12727273,0,0,0,0,0,.10194175,0,.17204301,0,.13114753,0,0,0,0,0,.155,.19620253,0,0,0,.11956522,0,0,0,0,0,.16363636,0,.11864407,.10169491
498,Rep. of Moldova,MDA,0,0,0,0,0,.14285715,0,0,0,0,0,0,0,0,0,0,0,0,0,0,0,0,0,0,0,0,0,0,0,0,0,0,0,0,0,0,0,0,0,0,0,.11538462,0,0,.11363637,0,0,0,0,0,0,0,0,0,0,0,0,0,0,0,0,0,0,0,0,0,0,0,0,0,0,0,0,0,0,0,0,0,0,0,0,0,0,0,0,0,0,0,0,0,0,0,0,0,0,0,0,0,0,0,0,0,0,0,0,0,0,0,0,0,0,0,0,0,0,0,0,0,0,0,0,0,0,0,0,0,0,0,0,0,0,0,0,0,0,0,0,0,0,0,0,0,0,.14285715,0,0,0,0,0,0,0,0,0,0,0,0,0,0,0,0,0,0,0,0,.11111111,0,0,0,0,0,0,0,0,0,0,0,0,0,0,0,0,0,0,0,0,0,0,0,0,0
499,Montenegro,MNE,0,.17346939,0,.16143498,0,0,.11578947,.12935324,0,0,.12337662,0,0,.11627907,0,.18604651,.1627907,.30303031,.10855263,0,0,.11440678,0,0,0,.23913044,.13513513,0,0,.10465116,.11627907,0,0,0,.18978103,0,.19791667,.10465116,.11627907,.10465116,0,.14615385,0,0,0,0,0,0,.13445379,0,.13089006,0,.18604651,.12355212,0,.10802469,.19417475,0,.25547445,0,0,0,.1724138,.23076923,0,.15116279,0,0,0,.11627907,.14220184,0,.26744187,0,.18243243,.10169491,.20930232,0,.21011673,.11139897,0,0,0,.12790698,0,0,.13953489,0,0,.10465116,.16597511,.14084508,.31395349,0,0,.43157893,.10638298,0,0,.10948905,.25,.20930232,.1221374,0,.12056737,.14788732,.22222222,.14516129,.31205675,0,0,0,.15053764,0,0,0,0,.11627907,.22093023,0,.160221,.25581396,.12087912,.16161616,0,.15116279,.13953489,.25210086,0,0,.17127071,.11946902,0,.1843318,.12393162,.1882353,.19333333,.1744186,0,.11864407,0,.23255815,.11403508,.1627907,0,.11486486,0,.1744186,0,0,0,.147651,0,.11627907,.12790698,.13402061,0,.13953489,.12025317,.11627907,0,0,0,.11731844,.1627907,.1262136,0,.15053764,.11,.15116279,0,0,0,.1712963,0,.20999999,.16455697,0,.125,0,.10869565,.11627907,0,0,.20416667,.12790698,.11627907,0,.10465116,.13559322
504,Morocco,MAR,0,.16666667,0,.13004485,.10638298,0,.11764706,0,.1971831,0,.11688311,.11058824,0,.13725491,0,.13725491,0,.10784314,.13815789,.11764706,.14705883,.22881356,.12834224,0,0,0,.11711711,0,0,0,0,0,.13147411,0,.15328467,0,.10784314,.12745099,0,0,0,.14615385,.13725491,0,.15454546,.11508951,0,0,.13445379,.11009175,.15183246,0,.14705883,.11583012,.108,.12962963,.11650486,.11392405,.17518248,0,0,0,.22413793,.22115384,.11764706,.10784314,0,0,.1529052,0,.15137614,.16346154,.11764706,0,.11486486,.14915255,0,.10431655,0,0,.11811024,0,0,0,.11440678,.10642202,.14705883,.12903225,0,0,.12448133,.14788732,0,0,0,.15686275,.14539006,0,0,.16058394,0,0,.14503817,.11578947,.13475177,0,.14035088,.15053764,.15602838,0,.10775862,0,.22043011,0,0,0,0,0,.13725491,0,.10497238,.10784314,0,.20588236,0,0,0,.15126051,0,0,0,.13716814,0,0,0,.14705883,0,0,.10436893,.10169491,.10869565,0,.16666667,0,0,.1418919,.13740458,.10784314,0,0,0,.20134228,0,0,.11764706,.11340206,0,0,.18670887,0,.13636364,.12618296,.12171052,0,0,.12135922,0,.11764706,0,.13725491,0,0,0,0,.12290503,.125,.17721519,.15384616,0,0,.12745099,0,0,0,0,0,0,0,0,.16101696
508,Mozambique,MOZ,0,.13265306,0,0,0,0,0,0,0,0,.13636364,0,0,.125,0,0,0,.13131313,0,0,0,0,0,0,0,.16304348,0,0,0,0,.12345679,0,0,0,.13138686,0,0,0,.11538462,0,0,0,0,0,0,0,0,0,0,0,0,0,0,0,0,0,.1262136,0,0,0,0,0,0,0,0,0,0,0,0,0,0,0,0,0,0,0,.11111111,0,0,0,0,0,0,0,0,0,0,0,0,.175,0,.13380282,.171875,0,0,.15789473,0,0,0,0,0,.14754099,0,0,0,0,.10526316,0,0,0,0,0,0,0,0,.11627907,0,0,0,.11538462,0,0,0,0,0,0,.13461539,.10084034,0,0,0,0,0,.12442397,0,.12941177,0,0,0,.11299435,0,.10126583,0,0,0,0,0,.10447761,0,0,0,0,0,0,0,0,0,0,0,0,0,0,0,0,0,0,0,0,0,.13114753,0,0,0,0,0,0,0,0,0,0,.11956522,0,0,0,0,0,.13461539,0,0,0
512,Oman,OMN,0,.15306123,0,.10762332,0,0,.15789473,0,.11971831,0,.14935064,0,0,.16249999,0,.28169015,.1971831,.19191919,0,.14285715,.11267605,0,0,0,0,.15217391,0,0,0,0,0,.18309858,.11553785,0,0,0,.20833333,.21126761,.12676056,0,0,0,.16901408,0,0,0,0,.1971831,0,0,0,0,.12048193,0,0,0,.21359223,0,.13138686,0,0,0,.1724138,.1826923,0,.16901408,0,0,0,.11267605,0,0,.1971831,0,.12162162,0,0,0,0,0,0,0,0,.13513513,0,0,.14864865,0,0,.15000001,.15352698,.13380282,0,0,0,.14736842,0,0,0,0,.15957446,0,.11068702,0,0,0,.10526316,0,.24113475,0,0,0,0,.16901408,0,.22093023,.13725491,0,0,0,0,.25352111,0,.16161616,0,.16901408,.12676056,.15126051,0,.10169491,0,.10619469,0,.10138249,0,.12352941,.12666667,.15492958,0,0,0,.17721519,0,0,0,0,.12977099,.26760563,0,0,.18309858,.19463088,0,.11267605,.19512194,0,0,.11267605,0,.18309858,0,0,0,0,0,0,0,.22580644,0,.16901408,0,0,0,0,0,.245,.17721519,0,0,0,.16304348,0,0,0,0,0,.14084508,.10126583,.25352111,.23728813
516,Namibia,NAM,0,0,0,0,0,0,0,0,0,0,0,0,.11538462,0,0,0,0,0,0,0,0,0,0,0,0,0,0,0,0,0,0,0,0,0,0,0,0,0,0,.11111111,0,0,0,0,0,0,0,.14893617,0,0,0,.13636364,0,0,0,0,0,0,0,0,0,0,0,0,0,.16666667,0,0,0,.36000001,0,0,.15000001,0,0,0,0,0,0,0,0,.13461539,0,.14864865,0,0,0,0,0,0,0,0,0,0,0,0,0,.11111111,0,0,0,0,0,0,0,0,0,0,0,.18421052,0,.13636364,0,0,0,0,0,.11538462,0,0,0,0,0,.1010101,.2,.13333334,.1891892,.10084034,0,0,0,0,0,0,0,0,0,.19512194,0,0,0,0,0,0,0,0,0,0,0,0,.33333334,.10067114,0,0,0,0,0,.2,0,.1875,0,0,0,0,.12727273,0,0,0,0,0,0,0,0,0,0,0,0,0,0,0,0,0,0,0,0,0,.25531915,0,0,0
524,Nepal,NPL,0,0,0,.24663678,.21276596,0,.13812155,.13930348,.22099447,0,.11049724,.11294118,0,0,.12177986,.14917128,0,.23204421,.21381579,.10497238,0,.20338982,.14438502,.1262136,0,.10497238,.13513513,.281106,0,0,.1436464,0,.11952192,.14141414,.12154696,.20119523,.1160221,0,0,0,.29353234,.20994475,0,0,.15909091,.12787724,.10516606,0,.19337016,.1559633,.29842931,0,.12154696,.21235521,.14399999,.19753087,.13812155,0,.29281768,.12903225,0,.11989796,.15469614,.12154696,0,0,0,0,.21712539,0,.36238533,.19337016,.13812155,.31228071,.3480663,.21016949,.20994475,.13669065,.23346303,.21243523,0,0,0,0,.19067797,.17247707,.12707183,.3172043,0,0,.25726143,.12707183,.1878453,.12970711,0,.16574585,.21985815,0,0,.27071825,.36702126,.15469614,.20992367,.13157895,.24113475,.3480663,.28176796,.24731183,.3480663,0,.13793103,0,.25806451,0,0,.160221,.10497238,0,0,0,0,.13812155,.18131869,.11049724,0,0,0,.29281768,.11386139,0,0,.18141593,0,.32258064,.26068377,.24309392,.22099447,0,.16019417,.17127071,.23188406,.10497238,.21491228,.11049724,0,.19256757,0,0,.15194346,0,0,.22099447,.12154696,0,0,.40206185,.19889502,0,.18037975,0,.10984848,.13880126,0,.27624309,0,.28155339,0,.15469614,.20333333,0,0,0,0,.26851851,.24301676,.26499999,.19889502,.13122173,.19889502,.11252654,.10497238,.12154696,0,0,.29166666,0,0,.16877638,0,.160221
528,Netherlands,NLD,0,.15306123,0,0,0,0,.12631579,0,0,0,0,0,0,.21250001,0,.26153848,.24242425,.18181819,0,0,0,0,0,0,0,.2173913,0,0,0,0,.13580246,.12698413,0,0,0,0,.15625,.19047619,.14285715,0,0,0,.12698413,0,0,0,0,.12698413,0,0,.14659686,0,.10843374,0,0,0,.22330096,0,.16058394,0,0,0,.12931034,.14423077,0,.15873016,0,0,0,0,.13302752,.10576923,.26984128,0,.1554054,0,0,0,0,0,0,0,0,0,0,0,.14864865,0,0,0,.14107884,.1056338,.21875,0,0,.23157895,0,0,0,0,.15425532,.17460318,0,0,0,0,.11111111,.13440861,.19148937,0,0,0,0,.15873016,0,.25581396,.10784314,0,.25352111,0,.13812155,0,0,0,0,.19047619,0,.21008404,0,0,.13812155,0,0,.13364056,0,.11764706,0,.14285715,0,0,0,.20253165,.10964912,0,0,0,0,.20895523,0,0,.12698413,.12080537,0,.11111111,.1097561,.13402061,0,0,0,0,0,0,0,.12849163,0,.1262136,0,.15053764,0,.25396827,0,0,0,0,0,.205,.17088607,0,0,0,.14130434,0,0,0,0,0,.14285715,0,.25396827,.20338982
530,Netherlands Antilles (...2010),ANT,0,0,0,.12556054,.17021276,0,.12087912,.15920398,.12087912,.10989011,.12637363,.12705882,0,0,.15925059,.10989011,0,0,.15789473,.10439561,0,.17372881,.1657754,.15533981,0,0,.15315315,.19815668,0,0,0,0,.1434263,0,.13736264,.18127491,.17032968,.10439561,0,0,.17412935,.10989011,0,0,.12272727,.1713555,.13837638,0,.10989011,.13761468,.19371727,0,.12637363,.14671814,.116,.17592593,0,.10126583,.14835165,.11895161,0,.13265306,.11538462,.17582418,0,0,0,0,.12538226,0,.16513762,.12087912,0,.21754386,.20879121,.15932204,0,.16187051,.28793773,.13989638,0,0,0,0,.16101696,.11376147,0,.1827957,.16190477,0,.17427386,.10989011,0,.20083682,0,0,.14893617,0,0,.15384616,.22340426,0,.14122137,.15789473,.18794326,.14285715,.10439561,.14516129,.12087912,0,.18965517,0,.12365592,0,0,.12087912,0,0,0,0,.18131869,0,0,0,0,0,0,.11538462,.15841584,0,.18131869,.15929204,.10439561,.13824885,.15811966,.17582418,.25274727,0,.13592233,.13186814,.16666667,.11538462,.14035088,0,0,.15202703,.12087912,0,.20494699,0,0,.13186814,.31868133,0,0,.15463917,0,0,.14873418,0,.15909091,.16719243,.13486843,.14285715,0,.1262136,0,.10989011,.26666668,0,0,0,0,.19444445,.1396648,.15000001,.13186814,.19457014,.12087912,.12738854,0,0,0,0,.22083333,0,0,.16877638,0,.11538462
533,Aruba,ABW,0,.15151516,0,.12556054,0,0,0,.1442786,.18309858,0,.18831168,0,0,.17171717,0,0,.11111111,0,0,.1010101,.1010101,.10593221,.10695187,0,0,0,.13513513,0,0,0,.15151516,0,.12749004,0,.21897811,0,0,0,0,0,.10447761,.12307692,0,0,.10909091,0,0,.16161616,.10084034,.10397553,0,0,.13131313,.1003861,0,.10185185,.21359223,0,.20437956,0,0,0,.10344828,.20192307,0,0,0,0,.12538226,.16161616,.10550459,.14423077,.16161616,0,.11486486,0,0,0,0,.11398964,.1496063,.12121212,0,.21212122,0,0,.11111111,.12365592,0,.13131313,.14107884,.18309858,0,0,0,0,.10283688,0,0,.10948905,.11170213,0,.11068702,0,.11702128,0,.15204678,0,.14893617,0,0,0,.16129032,0,0,.16161616,.20588236,0,.16161616,.1010101,.11049724,0,0,0,0,.15151516,0,.22689076,0,.13559322,0,.18584071,0,.14285715,0,.1882353,0,0,0,0,0,.13131313,0,.1010101,0,0,0,.11111111,0,0,0,.17449665,0,0,0,.10309278,0,.17171717,.10126583,0,0,0,0,.11731844,.13131313,0,0,.11111111,0,.1010101,0,0,0,.10648149,0,.2,.20253165,0,.19374999,0,.14141414,0,0,0,.10833333,0,.13131313,.17721519,.14141414,.20338982
540,New Caledonia,NCL,0,0,0,0,0,0,0,0,0,0,0,0,0,0,0,0,0,0,0,0,.10526316,0,0,0,0,0,0,0,0,0,0,0,0,0,0,0,0,0,0,0,0,0,0,0,0,0,0,0,0,0,0,0,0,0,0,0,0,0,0,0,0,0,0,0,0,0,0,0,0,0,0,0,0,0,0,0,0,0,0,0,0,0,0,0,0,0,0,0,0,0,0,0,0,0,0,0,0,0,0,0,0,0,0,0,0,0,0,0,0,.13157895,0,0,0,0,0,0,0,0,0,.2,0,0,0,0,0,0,0,0,0,0,0,0,0,0,0,0,0,.14634146,0,0,0,0,0,.13559322,0,0,0,0,0,0,.11111111,0,0,.16,0,0,0,.11111111,0,.125,0,0,0,0,0,0,0,0,0,0,0,0,0,0,0,0,0,0,0,0,0,0,.10714286,0,0,.17857143,0,0,0,0
548,Vanuatu,VUT,0,.14285715,0,0,0,0,.17894737,0,.1056338,0,.1038961,0,0,.22499999,0,.26153848,.33333334,.11111111,0,0,0,0,0,0,0,.10869565,0,0,0,0,.13580246,.13333334,0,0,0,0,.125,0,0,0,0,0,0,0,0,0,0,.2,0,0,0,0,0,.1003861,0,0,.21359223,0,0,0,0,0,0,.14423077,0,.11666667,0,0,0,0,0,0,0,0,0,0,.12698413,0,0,0,0,.13333334,0,.10810811,0,0,.14864865,.11827957,0,.125,.13278009,.11267605,0,0,0,0,0,0,0,0,0,0,0,0,0,0,0,0,.13475177,0,0,0,0,.30000001,0,.15116279,0,0,.16901408,.13333334,0,.19047619,0,.15151516,0,0,0,.13445379,0,0,0,0,.13333334,0,0,.10588235,0,0,0,0,0,.11392405,0,0,0,0,0,.2238806,0,0,.18333334,.18791947,0,0,0,0,0,.16666667,0,.13333334,0,0,0,0,0,0,0,.22580644,0,.18032786,0,0,0,0,0,.15000001,.18987341,0,0,0,.14130434,0,0,0,0,0,.2,0,.11666667,.12711865
554,New Zealand,NZL,0,0,0,0,0,0,0,0,0,0,0,0,.10810811,0,0,.12307692,.12121212,0,0,0,0,0,0,0,0,0,0,0,0,0,0,0,0,0,0,0,.19791667,.22413793,.20512821,.21621622,0,0,0,0,0,0,0,.17021276,0,0,0,.10810811,0,0,0,0,.14563107,0,0,0,.10810811,0,0,.14423077,0,.27027026,0,0,0,0,0,0,0,0,0,0,0,0,0,0,0,.11538462,0,0,0,0,0,0,0,0,0,0,0,0,0,.11578947,0,.13513513,0,0,0,0,0,0,0,0,0,0,0,0,0,0,0,.10909091,0,.13953489,0,.13461539,.12676056,.1891892,0,0,0,0,0,0,0,0,0,0,0,0,0,0,0,0,0,.17073171,0,0,0,0,0,0,0,0,0,.1641791,0,.125,.21621622,0,0,0,0,0,0,.11111111,0,0,0,0,0,0,0,0,0,0,0,0,0,0,0,0,0,0,.10126583,0,0,0,0,.15555556,0,0,0,.13513513,.14893617,0,.10169491,0
558,Nicaragua,NIC,0,.10084034,0,.20179372,.14361702,0,.11764706,.17910448,.16197184,.15126051,.2012987,0,0,.13445379,0,.15966387,.15126051,.31932774,.16118421,.1092437,0,.16949153,.12834224,.11650486,0,.15966387,.14864865,.17050691,0,0,.20168068,0,.13545817,0,.23357664,0,.23529412,.13445379,0,0,.21890548,.32307693,.12605043,0,.14545454,0,0,.12605043,0,.13149847,.29842931,0,.20168068,.18146718,.112,.16975309,.2184874,0,.35766423,0,0,0,.23529412,.25210086,0,.1092437,0,0,.18654434,0,.30733946,.2184874,.18487395,.14035088,.44594595,.17627119,.25210086,.10791367,.19066148,.15284973,.1496063,0,0,.1092437,.10593221,0,.23529412,.24193548,0,0,.2406639,.22535211,.24369748,0,0,.26050422,.15248227,0,0,.22627737,.27127659,.17647059,.19083969,.10526316,.18085106,.26760563,.2748538,.20967741,.32624114,.1092437,.14224137,0,.24193548,.10084034,0,.25210086,.15126051,.10084034,.15126051,.10084034,.29281768,.21008404,.11538462,.22689076,0,.13445379,0,0,.12376238,0,.18232045,.21238938,0,.24423963,.24358974,.22352941,.24666667,.10084034,.11165048,.10169491,.16425121,.21008404,.17982456,0,0,.16216215,0,.15126051,0,0,0,.24832214,0,0,.11764706,.31958762,0,0,.16772152,.1092437,0,.10410095,0,.18994413,0,.19417475,0,.22689076,.13333334,.11764706,0,0,.10084034,.20833333,.1424581,.235,.29113925,.1402715,.23125,0,.15966387,.1092437,0,0,.17916666,0,.15966387,.13080169,.12605043,.24369748
562,Niger,NER,0,.10148515,0,.16336633,.17821783,0,0,.23762377,.13118812,.13613862,.13366337,.36705881,0,0,.55737704,0,0,0,.25,0,0,.19306931,.19059406,.17079207,0,0,.17079207,.23514852,0,0,0,0,.26980197,.25247526,.11881188,.21314742,0,0,0,0,.15841584,.17326732,0,0,.23762377,.28960395,.42066422,0,.12871288,.41584158,.17821783,0,0,.24752475,.382,.30940595,0,.24009901,.13118812,.43346775,0,.42326733,.10396039,0,0,0,0,0,.31930694,0,.23514852,0,0,.13118812,.13861386,.25,0,.27475247,.14851485,.25742576,.16831683,0,0,0,.24504951,.29908258,.10148515,.22029702,.25,0,.23514852,.13613862,0,.15594059,0,0,.23019803,0,0,.12376238,.12128713,0,.31683168,.17326732,.29455444,0,.13613862,.13118812,0,0,.19554456,0,.16831683,0,0,0,0,0,0,0,.11386139,0,.15841584,0,0,0,0,.12376238,0,.12623763,.11881188,.27722773,0,.13366337,.15594059,.14603961,0,0,.44417477,.13118812,.34057972,0,.19306931,0,0,.17079207,.10643564,0,.19059406,0,0,.14851485,.17079207,0,0,.17326732,0,0,.30445546,0,.23267327,.25495049,.28465346,.17574258,0,.17326732,0,0,.22277227,0,0,0,0,.1509901,.23514852,.16584158,.15594059,.21039604,.17079207,.45222929,0,0,0,0,.12871288,0,0,.23762377,0,.10891089
566,Nigeria,NGA,0,0,0,.11659193,.10106383,0,0,.11940298,0,0,.13636364,.11529412,0,0,.10070258,0,0,0,0,.10169491,.11864407,0,0,.13592233,0,0,.13513513,0,0,0,0,0,.17928287,.1010101,.15328467,0,0,0,0,0,0,0,0,0,.14545454,0,0,0,0,.14067279,0,0,0,.1003861,.106,0,0,.16455697,0,.10080645,0,.11479592,.13559322,.11864407,.10169491,0,0,0,.10703364,0,0,.11016949,0,0,0,.11864407,0,0,.10116731,0,0,0,0,.21186441,0,0,0,0,0,.11864407,.10788382,.1056338,0,.10460251,0,0,0,0,0,0,0,0,.10305344,.12631579,0,0,.10526316,0,.10638298,0,0,0,.12365592,0,0,0,0,0,.10169491,0,0,0,0,.13559322,0,0,0,0,.12623763,0,0,.13716814,0,0,0,0,0,0,0,.13559322,.10869565,0,0,0,0,.10810811,.19083969,0,0,0,0,.12751678,.11764706,0,0,0,0,0,0,0,.10227273,0,.16447368,0,0,0,0,0,0,0,0,0,0,0,0,.12,.10759494,.1402715,.11875,.12101911,0,0,0,0,0,0,0,.17299578,0,0
579,Norway,NOR,0,.13812155,0,.26905829,.19148937,0,.1160221,.15920398,.12154696,0,.1160221,.12235294,0,.10497238,.12177986,.11049724,0,.25414366,.20723684,.10497238,0,.18644068,.16042781,.15533981,0,0,.12612613,.20276497,0,0,.1160221,0,.11155379,.11111111,0,.21912351,.10497238,0,0,0,.21393035,.15469614,0,0,.14090909,.13299233,0,0,.14917128,.14984709,.30366492,0,0,.27799228,.154,.17901234,.15469614,0,.24309392,.12903225,0,.10714286,.14917128,0,0,0,0,0,.22018349,0,.27981651,.12707183,0,.25263157,.23756906,.18983051,.1436464,.12230216,.23346303,.26683939,0,0,0,0,.19491525,.18899083,0,.27956989,0,0,.25311205,.19337016,.16574585,.15481171,0,.17679559,.21985815,0,0,.22099447,.35106382,.1436464,.18702289,.16842106,.17375886,.23756906,.23756906,.30107528,.3038674,0,.13362069,0,.26344085,0,0,.17127071,0,0,0,0,0,.13812155,.18131869,0,0,0,0,.18232045,.11881188,0,0,.19469027,0,.3548387,.22649573,.24861878,.19337016,0,.13592233,.17127071,.20531401,0,.26754385,.10497238,0,.2027027,0,.10497238,.15194346,0,0,.18232045,0,0,0,.28865978,.11049724,0,.19303797,0,.13257575,.14195584,0,.20994475,0,.34951457,0,.1436464,.22,.10497238,0,0,0,.28703704,.24860336,.245,.20994475,.14479639,.19337016,.11252654,0,0,0,0,.30000001,0,0,.12236287,0,.11049724
584,Marshall Isds,MHL,0,.1460177,0,.21681416,.18584071,0,0,.3318584,.1238938,.12831858,.2920354,.24235295,0,.1238938,.24355972,0,0,0,.23355263,0,0,.25,.24336283,.17699115,0,0,.2699115,.21681416,0,0,0,0,.32669324,.18181819,.27876106,.13944224,.10619469,.10176991,0,0,.2079646,.22566372,0,0,.24778761,.19693094,.18819188,0,.15044248,.3119266,.18141593,0,.14159292,.23166023,.23800001,.28395063,.15929204,.23206751,.18584071,.23387097,0,.20663266,.16814159,.17699115,0,0,0,0,.26299694,0,.26106194,.11504425,0,.1368421,.19026549,.23050848,0,.23021583,.15953307,.13471502,.19026549,0,0,.16371681,.23305085,.18348624,.11504425,.24778761,0,0,.31120333,.25221238,0,.13389121,0,0,.26950353,0,0,.11946902,.14159292,0,.31297711,.2079646,.29787233,.11061947,.21681416,.19026549,.15044248,0,.19827586,0,.21681416,0,0,.11946902,.13716814,0,.10619469,0,.18141593,0,.15929204,.18584071,0,0,0,.21238938,.27722773,.13716814,.19469027,0,0,.21681416,.16666667,.21681416,.1460177,0,.25728154,.1238938,.2415459,.11061947,.25877193,0,0,.15878378,.11061947,0,.11660777,0,0,.2079646,.11061947,0,0,.21681416,.1238938,0,.28797469,0,.23106061,.21451104,.25,.19911504,0,.19911504,0,.11946902,.19333333,0,0,0,0,.20353982,.20949721,.25663716,.19911504,.20353982,.33628318,.19745223,0,0,0,0,.19583334,0,.10619469,.2658228,0,.1460177
586,Pakistan,PAK,0,0,0,0,0,0,.17894737,0,0,0,0,0,0,0,0,.15384616,.10606061,0,0,.11904762,.10344828,0,0,0,0,0,0,0,0,.1724138,0,0,0,0,0,0,0,0,0,0,0,0,0,0,0,0,0,0,0,0,0,0,0,.11969112,0,0,0,0,0,0,0,0,0,0,0,0,0,0,0,0,0,0,0,0,0,0,0,0,0,0,0,.13793103,0,0,0,0,.10810811,.11290322,0,.1125,0,0,0,0,.12068965,0,0,0,.10344828,0,0,0,0,0,0,0,0,0,0,0,0,0,0,.10344828,0,0,0,0,0,0,0,0,.10439561,0,0,.13333334,0,0,0,0,0,0,0,0,0,0,0,0,0,0,0,0,0,0,.12068965,0,0,0,0,.18965517,0,0,0,0,0,0,0,0,0,0,0,0,0,0,0,.10194175,0,.13978495,0,0,0,0,.13793103,0,0,0,0,0,0,0,.11956522,0,0,0,0,0,0,0,.15254237,0
591,Panama,PAN,0,.16589862,0,.29596412,.22119816,0,.12442397,.18894009,.17050691,0,.15207373,.12705882,0,.11059908,.1381733,.11520737,.11520737,.29032257,.2631579,0,0,.22457626,.16589862,.14746544,0,.12903225,.2117117,0,0,0,.11059908,0,.13147411,.12121212,.15207373,.2370518,0,0,0,0,.32258064,.14746544,0,0,.16363636,.11253197,0,0,.11059908,.15902141,.26728112,0,.11520737,.33590734,.19599999,.21913581,.21198156,0,.22580644,.12903225,0,.11479592,.11981567,.11059908,0,0,0,0,.26911315,0,.36238533,.10599078,0,.29473683,.29493088,.22372882,.14746544,.1294964,.29571983,.36010364,0,0,0,0,.21186441,.18899083,.10138249,.23963134,0,0,.31950209,.18894009,.17050691,.17991632,0,.15207373,.23404256,0,0,.11981567,.33179724,.16589862,.23664123,0,.24822696,.23963134,.30875576,.26728112,.32718894,0,.18965517,0,.26728112,0,0,.1843318,0,.12442397,.10138249,0,.32258064,.13364056,.13824885,.14285715,0,0,0,.24423963,.13366337,0,.3548387,.21681416,0,0,.32905984,.23502304,.20276497,0,.1262136,.20737328,.2415459,.11059908,.25,0,0,.23648648,0,0,.2155477,0,0,.1797235,0,0,0,.33640552,.11059908,0,.19936709,0,.15530303,.14195584,0,.17511521,0,.41474655,0,.13824885,.27333334,.11059908,0,0,0,.36405531,.32402235,.33179724,.22119816,.14479639,.20276497,.12951168,.14746544,0,0,0,.34999999,0,0,.21097046,0,.16129032
598,Papua New Guinea,PNG,0,0,0,.2820513,.26068377,0,.11538462,.10683761,.11111111,0,0,.14352942,0,0,.12880562,0,0,.17521368,.19078948,0,0,.18644068,.12820514,.1965812,0,0,.15384616,.27350429,0,0,.12820514,0,0,.18181819,0,.30677292,.12820514,0,0,0,.27350429,.17521368,0,0,.23931624,.14578006,.14760147,0,.16239317,.20795107,.26068377,0,.13247864,.19305019,.184,.2037037,.10683761,0,.1923077,.16733871,0,.16071428,.12393162,.10683761,0,0,0,0,.2232416,0,.27777779,.17521368,0,.3859649,.22649573,.20677966,.12393162,.15467626,.29571983,.23834197,0,0,0,0,.16525424,.20366973,0,.2008547,.12698413,0,.29460582,.12820514,.15811966,.16317992,0,.13247864,.25177306,0,0,.24786325,.27350429,.10683761,.19083969,0,.23404256,.26495728,.21367522,.2008547,.21794872,0,.17948718,0,.18803419,0,0,.12393162,0,0,0,0,.26068377,0,.15811966,0,0,0,0,.24358974,.15594059,0,.22649573,.16666667,0,.32905984,0,.16666667,.17094018,0,.17961165,.1965812,.25120774,0,.27350429,0,0,.23648648,0,0,.22261484,0,0,.15384616,.12393162,0,.1025641,.2905983,.17094018,0,.19303797,0,.14015152,.19873817,.13486843,.18376069,0,.24786325,0,.13247864,.26666668,0,0,0,0,.27777779,.22346368,.2008547,.17948718,.14102565,.12820514,.13163482,0,0,0,.12393162,.36250001,0,0,.12658228,0,.10683761
600,Paraguay,PRY,0,.17058824,0,.19282511,.11702128,0,0,.23880596,.15882353,0,.20588236,.10588235,0,.10588235,.1498829,0,0,.16470589,.22697368,0,0,.18644068,.13368984,.17961165,0,.28235295,.17117117,.12442397,0,0,.13529412,0,.17928287,0,.35294119,.15338646,.15294118,0,0,0,.25373134,.18235295,0,0,.16363636,0,0,0,.12941177,.12232416,.24607331,0,.1882353,.25482625,.162,.1388889,.15882353,.10970464,.25882354,.11290322,0,.10714286,.14705883,.19411765,0,0,0,0,.21406728,0,.2614679,0,.11176471,.15789473,.27058825,.14915255,.10588235,.10791367,.20622568,.23056994,0,0,0,.11176471,.16525424,.13027523,.14117648,.24193548,0,.13529412,.26970956,.2,0,.12970711,0,.17647059,.17730497,0,0,.12352941,.27127659,.11176471,.20229007,.13157895,.17730497,.15294118,.32163742,.16129032,.27058825,0,.22413793,0,.20430107,0,0,.1882353,.14705883,.12941177,.12352941,0,.24309392,.11764706,.17582418,.1882353,0,.10588235,0,.22352941,.14603961,0,.24861878,.21681416,0,.23502304,.16666667,0,.20588236,0,.14805825,.19209039,.1763285,0,.17105263,0,0,.15202703,.12352941,0,.11307421,0,0,.21764706,0,0,0,.24742268,0,0,.16772152,0,.125,.11987381,0,.23463687,0,.25242719,0,.12941177,.17,0,0,0,0,.22685185,.22625698,.25999999,.22941177,.14932127,.24705882,0,.17058824,0,0,0,.2,0,0,.20253165,.12352941,.19411765
604,Peru,PER,0,0,0,.19730942,.14893617,0,0,.12437811,.13333334,0,.14935064,0,0,0,.10070258,0,0,.23333333,.14144737,0,0,.13983051,0,.14563107,0,0,0,.14285715,0,0,.14,0,.11155379,0,.17333333,.17330678,.11333334,0,0,0,.12935324,.21333334,0,0,.13636364,.11253197,0,0,.14666666,.13149847,.2356021,0,.12,.14285715,.114,.16666667,0,0,.25333333,0,0,0,.15333334,.17333333,0,0,0,0,.13761468,0,.18348624,.13333334,.10666667,.21403509,.26666668,.16271186,.19333333,.1438849,.27626458,.15025906,0,0,0,0,.12711865,0,0,.13978495,.14603175,0,.22406639,.14666666,.16666667,.17573221,0,.18666667,.14184397,0,0,.18000001,.30851063,0,.14122137,.10526316,.14539006,.25333333,.25146198,.1827957,.28,0,.18534483,0,.17741935,0,0,.19333333,0,0,.12666667,0,.22099447,0,.25274727,0,0,0,0,.24666667,0,0,.19337016,.1460177,0,.20276497,.17094018,.20588236,0,0,.10436893,.1299435,.16666667,0,0,.12666667,0,.12837838,0,0,.12720849,0,0,.2,.15294118,0,0,.22164948,.14,0,.12341772,0,.10227273,.10094637,0,.1396648,0,.13592233,0,.12,.24666667,0,0,0,0,.25462964,.14525139,.17,.14556962,0,.1375,0,0,0,0,0,.26249999,0,0,.16877638,0,.14
608,Philippines,PHL,0,0,0,0,0,0,0,0,0,0,0,0,0,0,0,.15384616,0,0,0,0,0,0,0,0,0,.11956522,0,0,0,0,0,0,0,0,0,0,.1875,.1724138,.24390244,.21951219,0,0,0,0,0,0,0,.14893617,0,0,0,0,.19277108,0,0,0,.10679612,0,.12408759,0,.14634146,0,.11206897,.16346154,0,.29268292,0,0,0,.19512194,0,0,.18333334,0,0,0,.12698413,0,0,0,0,0,0,.13513513,0,0,0,0,0,0,0,0,0,0,0,0,0,0,0,0,0,0,0,0,0,0,0,0,.10638298,.17073171,0,0,0,.12727273,0,.1744186,0,0,.15492958,.19512194,0,.14285715,0,0,.14634146,0,.17073171,.10084034,0,0,0,0,0,0,0,0,0,0,0,0,0,0,0,.22033899,0,0,0,.10447761,0,0,.12195122,0,0,.34146342,.18292683,0,0,.2,0,.21951219,0,0,0,0,.14545454,0,0,0,0,0,0,0,0,0,0,.13500001,.10126583,0,0,0,0,.13333334,0,0,0,.29268292,.25531915,0,.10169491,.10169491
616,Poland,POL,0,0,0,.21359223,.2038835,0,.10436893,.19660194,.1237864,0,.1262136,.47058824,0,0,.44496489,0,0,0,.35679612,0,0,.30339807,.26941746,.18932039,0,0,.18689321,.23058252,0,0,0,0,.28883496,.24271844,.15291262,.32868525,0,0,0,0,.22330096,.15776698,0,0,.19660194,.50728154,.45756456,0,.13834952,.41747573,.18689321,0,0,.27912623,.44600001,.407767,0,.24757281,.13592233,.41129032,0,.33009708,.10679612,.10194175,0,0,0,0,.35679612,0,.23786408,0,0,.15048544,.15048544,.39077669,0,.41504854,.19417475,.27427185,.1092233,0,0,0,.18932039,.40733945,0,.21359223,.21601942,0,.24029127,.15291262,0,.18446602,0,0,.32038835,0,0,.14563107,.16990291,0,.37135923,.21359223,.36407766,0,.1262136,.21359223,0,0,.30097088,0,.2184466,0,0,0,.10436893,0,0,0,.16019417,0,.13592233,0,0,0,0,.11165048,.44417477,0,.13592233,.25728154,0,.1262136,.17961165,.14805825,.10436893,0,0,.14077669,.47826087,0,.26941746,0,0,.34951457,.1262136,0,.18932039,0,0,.15776698,0,0,0,.20631067,.1237864,0,.41990292,0,.37621358,.40533981,.32281554,.15048544,0,.19660194,0,0,.25485438,0,0,0,0,.21359223,.39320388,.14805825,.15776698,.27427185,.13106796,.34394905,0,0,0,0,.18446602,0,0,.21359223,0,.1092233
620,Portugal,PRT,0,.1299435,0,.17937219,.14361702,0,0,.10447761,.14124294,.12429378,.13559322,.12470588,0,0,.14285715,0,0,.10169491,.18092105,0,0,.16525424,.14973262,.2184466,0,0,.15315315,.11520737,0,0,0,0,.13944224,.10437711,.14689265,.17131475,0,0,0,0,.13432837,0,0,0,.10454545,.15601023,.12915128,0,0,.11314984,.12041885,0,0,.12355212,.146,.14506173,.10169491,.13080169,.12429378,.13508065,0,.15306123,.13559322,0,0,0,0,0,.1559633,0,.12844037,0,0,.18245614,.12429378,.10847457,0,.1294964,.20233463,.18393782,0,0,0,0,.12288135,.13761468,0,.13440861,.20952381,.11864407,.14107884,.1299435,.10169491,.35146442,0,.10734463,.11347517,0,0,0,.18085106,0,.13358779,.20526315,.15602838,.14124294,.20338982,.10752688,.16949153,0,.13362069,0,.19892474,0,0,.11864407,.10169491,.11299435,0,0,.17127071,0,.13186814,0,0,0,0,.10169491,.13118812,.13559322,.17127071,.1238938,0,.20737328,.1965812,.19209039,.1299435,0,.14077669,0,.14251208,0,.14035088,0,0,.20608108,.15254237,0,.23674911,0,0,.13559322,.16384181,0,0,.13402061,.10734463,0,.17088607,0,.13636364,.13880126,.15131579,.15083799,0,.18446602,0,0,.18000001,0,0,0,0,.1574074,.19553073,.145,.12429378,.19457014,.1299435,.15498939,.10169491,0,0,0,.18333334,0,0,.1814346,0,.11299435
624,Guinea-Bissau,GNB,0,0,0,.25845411,.19806764,0,0,.16666667,.16425121,0,0,.40000001,0,0,.36065573,0,0,.14734299,.34541062,0,0,.30917874,.2294686,.21014492,0,0,.19323671,.24396135,0,0,.10144927,0,.22705314,.20289855,.12560387,.41633466,0,0,0,0,.25603864,.15458937,0,0,.19806764,.4178744,.34870848,0,.12560387,.39130434,.24396135,0,0,.28985506,.48199999,.40821257,0,.19565217,.1763285,.36693549,0,.23671497,.11835749,0,0,0,0,0,.40338165,0,.29710144,.13043478,0,.28502417,.21014492,.38647342,0,.31884059,.27294686,.35265699,0,0,0,0,.18599033,.4642202,0,.22222222,.19082126,0,.25120774,.16425121,.10869565,.19082126,0,.10628019,.35024154,0,0,.16183574,.23188406,0,.34541062,.19565217,.33574879,.19082126,.22463769,.26086956,.15700483,0,.2173913,0,.24879228,0,0,0,.10869565,0,0,0,.23188406,0,.16666667,0,0,0,0,.16425121,.34057972,.10869565,.20531401,.2415459,0,.2415459,.25120774,.1763285,.16666667,0,.47826087,.14251208,0,0,.27777779,0,0,.36714977,0,0,.25845411,0,0,.13526569,0,0,0,.27536231,.17391305,0,.38164252,0,.26811594,.35748792,.26570049,.17874396,0,.27053139,0,0,.29710144,0,0,0,0,.30434781,.4758454,.19565217,.15458937,.21014492,.1594203,.30573249,0,0,0,0,.28985506,0,0,.21256039,0,.12318841
626,Timor-Leste,TLS,0,0,0,0,0,0,.12631579,.19900498,0,.1262136,.15584415,0,0,0,0,.17721519,.20253165,.11111111,.11513158,0,0,.12288135,0,0,0,.26086956,.17117117,0,0,0,0,0,0,0,.16058394,0,.16666667,.15189873,0,0,.11442786,.11538462,.11392405,0,0,0,0,0,0,0,.10471204,0,.13253012,.1042471,0,0,.15533981,0,.14598539,0,0,0,.1637931,.15384616,0,0,0,0,0,0,.11926606,0,.15189873,0,.14864865,.11186441,.12658228,0,0,0,0,0,0,.10126583,0,0,.10126583,0,0,0,.10373444,.14084508,0,0,0,.22105263,0,0,0,0,.11702128,0,.12977099,0,.11347517,0,0,.16666667,0,0,0,0,0,0,0,.23255815,0,.10126583,.17721519,0,.10497238,.20253165,.11538462,.13131313,0,.11392405,0,.21008404,0,0,0,.11061947,0,.11059908,0,0,0,0,0,0,0,0,0,0,0,0,0,.10126583,0,0,.10126583,.13422818,0,0,0,.10309278,0,0,.10759494,0,0,0,0,.11731844,0,0,0,.15053764,0,.1392405,0,0,0,0,0,.17,.15822785,.13574661,.18125001,0,.11956522,0,0,0,0,0,0,0,.11392405,.12711865
634,Qatar,QAT,0,.14035088,0,.24561404,.1754386,0,.16666667,.20614035,.18859649,0,.10526316,.19529411,0,.11403508,.19437939,.11842106,.13157895,0,.24671052,0,0,.32203391,.21052632,.17105263,0,.1008772,.21929824,.24122807,0,0,0,0,.20717132,.16161616,.15350877,.21513945,.1491228,0,0,0,.28070176,.21052632,0,0,.21052632,.20971867,.17712177,0,.20175439,.2324159,.32017544,0,.10964912,.31274131,.244,.25925925,.15789473,.14767933,.19298245,.19354838,0,.14030612,.14035088,.12719299,0,0,0,0,.29969418,0,.38157895,.14035088,0,.18947369,.24561404,.28813559,.10964912,.24820144,.24902724,.20725389,0,0,0,0,.24576271,.23119266,.12719299,.25,.10476191,0,.31950209,.19736843,0,.13807531,0,.12280702,.37943262,0,0,.18421052,.22807017,0,.26717559,.23245615,.23404256,.13596492,.21052632,.2631579,.15789473,0,.23706897,0,.28947368,0,0,.11403508,.16666667,0,0,0,.21491228,.10964912,.14035088,0,0,0,0,.17982456,.19306931,0,.26754385,.25877193,0,.25,.27350429,.17105263,0,0,.26941746,.14035088,.27777779,0,0,0,0,.21283785,0,.1008772,.14134276,0,0,.19736843,0,0,0,.29824561,.14035088,0,.31012657,0,.21590909,.23028392,.18421052,.16666667,0,.35964912,0,.14473684,.22666667,.1008772,0,0,0,.23245615,.29608938,.2631579,.21491228,.2631579,.1491228,.14861996,.1008772,0,0,0,.28749999,0,0,.20675105,0,.12719299
642,Romania,ROU,0,0,0,0,0,0,0,0,0,0,0,0,0,0,0,.10769231,.13636364,.1010101,0,0,.16949153,0,0,0,0,0,0,0,0,0,0,0,0,0,0,0,0,0,0,0,0,.10769231,0,0,0,0,0,0,0,0,0,0,.13253012,0,0,0,0,0,.16788322,0,0,0,0,.11538462,0,0,0,0,0,.10169491,0,.11538462,.11666667,0,0,0,.19047619,0,0,0,0,0,0,.16216215,0,0,.13513513,0,0,0,0,0,.125,0,0,.11578947,0,0,0,.13138686,0,0,0,0,0,0,.11111111,0,.14184397,.15254237,0,.11864407,0,0,.14285715,.1627907,0,0,0,0,.11049724,0,0,.1010101,.13559322,0,0,0,0,0,.10497238,0,0,0,0,0,.12666667,.22033899,0,0,0,0,0,0,0,0,0,.13432837,0,0,0,.11409396,0,.13559322,0,0,0,0,0,0,0,0,0,0,.20338982,0,0,0,0,.13114753,0,0,0,0,0,.115,0,0,0,0,0,.13559322,0,.11111111,0,.22033899,0,0,0,0
643,Russian Federation,RUS,0,0,0,0,0,0,0,0,0,0,0,0,0,0,0,0,0,0,0,0,0,0,0,0,0,0,0,0,0,0,0,0,0,0,0,0,0,0,0,0,0,0,0,0,0,0,0,0,0,0,0,.13636364,0,0,0,0,0,0,0,0,0,0,0,0,0,0,0,.13636364,0,0,0,0,0,0,0,0,0,0,0,0,0,.15384616,0,0,0,0,0,0,0,0,0,0,0,0,.31818181,0,0,.11111111,.45454547,0,0,0,0,0,0,0,0,0,0,0,0,0,0,0,0,0,0,0,0,0,0,0,0,0,0,0,0,0,0,0,0,0,.12068965,0,0,0,0,0,0,0,0,0,0,0,0,0,0,0,0,.30000001,0,0,0,0,0,0,0,0,0,0,0,0,0,0,0,0,0,0,0,0,0,0,.16666667,0,0,0,0,0,0,0,0,0,.35714287,0,0,0,0,0,0,0
646,Rwanda,RWA,0,0,0,.30067569,.19594595,0,0,.15878378,.15202703,0,0,.31058824,0,0,.21311475,0,0,.15878378,.44078946,.10135135,0,.375,.19932432,.1858108,0,0,.17567568,.15878378,0,0,.11148649,0,.24324325,.21548821,.10810811,.32270917,0,0,0,0,.19594595,.11148649,0,0,.17567568,.35549873,.24723247,0,.11824324,.27828747,.2195946,0,0,.2668919,.28799999,.34567901,.10472973,.21621622,.15202703,.24798387,0,.19132653,.1554054,.10810811,0,0,0,0,.3119266,0,.21283785,.11148649,0,.2668919,.1722973,.41891891,0,.37837839,.2668919,.27979276,0,0,0,0,.20945945,.32477063,0,.20608108,.24444444,0,.21283785,.1418919,.13513513,.2195946,0,.14527027,.27364865,0,0,.11148649,.22972973,0,.3108108,.19594595,.33445945,.16216215,.21621622,.2972973,.16891892,0,.24662162,0,.25675675,0,0,.11486486,.1418919,0,0,0,.19256757,0,.15202703,0,0,0,0,.16216215,.17079207,.10810811,.2027027,.15878378,0,.23648648,.23648648,.15202703,.12837838,0,.34951457,.20608108,.36714977,0,.21283785,0,0,0,.125,0,.24662162,0,0,.10135135,0,0,0,.2331081,.1554054,0,.37341774,0,.39864865,.38485804,.28947368,.16554055,0,.22972973,0,0,.27333334,0,0,0,0,.30743244,.37709498,.13513513,.14527027,.30067569,.13175675,.19320594,0,0,0,0,.30743244,0,0,.14864865,0,.10472973
662,Saint Lucia,LCA,0,0,0,0,0,0,0,.14925373,0,0,.21428572,.11058824,0,0,.11241218,0,0,0,.125,.11450382,0,.11440678,.12299465,0,0,0,.16216215,0,0,0,0,0,.22310758,0,.18978103,0,0,0,0,0,0,0,0,0,0,0,0,0,0,0,0,0,0,.13513513,0,.12037037,0,.14767933,0,0,0,.11479592,.16793893,.12977099,0,0,0,0,0,0,0,0,0,0,0,0,0,0,0,0,0,0,0,0,.10169491,0,0,0,0,.25190839,0,.11267605,0,.10041841,0,0,0,0,0,0,0,0,.13358779,.15789473,.15602838,0,0,0,0,0,0,0,0,0,0,0,.13740458,0,.12977099,0,0,0,.12087912,0,0,0,0,0,.10643564,.19083969,0,.11061947,0,0,0,.12352941,0,0,.1262136,.15254237,0,0,0,0,0,.125,0,0,0,0,0,.14093959,0,0,0,0,0,0,.14240506,0,.15151516,0,.13815789,0,0,0,0,.1221374,0,0,0,0,0,0,0,.15000001,.10759494,.280543,0,.10828026,.13740458,0,.11450382,0,0,0,0,.18565401,.10687023,.18320611
670,Saint Vincent and the Grenadines,VCT,0,.12244898,0,0,0,0,0,0,0,0,.12337662,0,0,.30000001,0,.14925373,.20895523,0,0,0,.14925373,0,0,0,0,.18478261,0,0,0,0,0,.10447761,0,0,0,0,.1875,.17910448,.17910448,.13432837,.10447761,.11538462,0,0,0,0,0,.25373134,0,0,.10994764,0,0,0,0,0,.2038835,0,.12408759,0,0,0,.12931034,.11538462,.14925373,.11940298,0,0,0,0,0,.15384616,.17910448,0,0,0,.14925373,0,0,0,0,0,0,0,0,0,.16216215,0,0,.125,.17842324,.14084508,0,0,0,.1368421,.11347517,0,0,.13138686,0,.10447761,0,0,0,0,0,0,.14893617,0,0,0,0,.20895523,0,.1744186,.10784314,.10447761,.26760563,0,0,.20895523,0,.11111111,0,.2238806,.1641791,.15126051,0,0,.10497238,0,0,0,0,0,0,.10447761,0,0,0,.10126583,.1008772,.13432837,0,0,0,0,0,0,.14925373,.147651,0,0,.13414635,.10309278,0,.13432837,0,0,0,0,0,0,0,0,0,.16129032,0,.11940298,0,0,.10447761,0,0,.175,.23417722,0,0,0,0,.13432837,0,0,0,0,.2238806,0,.17910448,.12711865
674,San Marino,SMR,0,0,0,.14487633,.14840989,0,0,0,.12367491,.10600707,0,.23999999,0,0,.21077283,0,0,0,.19736843,0,0,.13074204,.12367491,.19434629,0,0,0,.19787987,0,0,0,0,.11307421,.27272728,0,.31673306,0,0,0,0,.20494699,0,0,0,.14840989,.28132993,.28413284,0,0,.18654434,.13427562,0,0,.14487633,.236,.17592593,0,.18727915,0,.22379032,0,.22193877,0,0,0,0,0,0,.23853211,0,.14487633,0,0,.37894738,0,.18305084,0,.22261484,.21201414,.26943004,0,0,0,0,.17667845,.29908258,0,0,.42539683,0,.11307421,0,0,.4770318,0,0,.19787987,0,0,0,.13074204,0,.11307421,.1696113,.19081272,.15194346,0,0,0,0,.1696113,0,.1024735,0,0,0,0,0,0,0,.15194346,0,.20494699,0,0,0,0,0,.19059406,0,.15194346,.11660777,0,.2155477,.22261484,.11307421,.12720849,0,.18932039,.23674911,.25845411,0,.14134276,0,0,.24662162,0,0,0,0,0,0,.21908127,0,0,.17667845,.17314488,0,.18670887,0,.2155477,.30914825,.24013157,.10600707,0,.1590106,0,0,.32666665,0,0,0,0,.1696113,.23743017,.10954063,0,.14134276,.12014134,.22080679,0,0,0,.10954063,.20141342,0,0,.14487633,0,0
682,Saudi Arabia,SAU,0,0,0,0,0,.175,.17894737,0,0,0,0,0,0,0,0,0,0,0,0,.15476191,0,0,0,0,0,0,0,0,0,0,0,0,0,0,0,0,0,0,0,0,0,0,0,0,0,0,0,0,0,0,0,.125,0,0,0,0,0,0,0,0,0,0,0,0,0,0,0,0,0,0,0,0,0,0,0,0,0,0,0,0,0,.23076923,0,0,0,0,0,0,0,0,0,0,0,0,.175,0,0,.125,.22499999,0,0,0,0,0,0,0,0,0,0,0,0,0,0,0,0,0,0,0,0,0,0,0,0,0,0,0,.125,0,0,0,0,0,.18965517,0,0,0,0,0,0,0,0,0,0,0,.30000001,0,0,0,0,0,0,0,0,0,0,0,0,0,0,0,0,0,0,0,0,0,0,0,0,0,0,0,.16666667,0,0,0,0,0,0,0,0,0,.25,0,0,0,0,0,0,0
686,Senegal,SEN,0,.1122449,0,0,0,0,0,0,0,0,.1038961,0,.11111111,.1375,0,.10769231,.1969697,0,0,0,0,0,0,0,0,0,0,0,0,0,0,.10810811,0,0,0,0,0,.12068965,0,0,0,0,.10909091,0,0,0,0,.25531915,0,0,0,.18518518,0,0,0,0,.17475729,0,0,0,0,0,0,.11538462,0,.16666667,.11111111,0,0,.11111111,0,0,0,0,0,0,.11111111,0,0,0,0,.13461539,.11111111,0,0,0,0,0,0,0,0,0,0,0,0,0,0,0,.11111111,0,0,0,0,0,0,0,0,0,0,.10526316,0,0,0,.2,0,0,0,0,.18309858,.33333334,0,.12698413,0,0,.11111111,.18333334,.21621622,0,0,0,0,0,0,0,0,0,0,.12195122,0,0,0,.10126583,0,0,0,0,0,.14925373,0,0,0,.12080537,0,.14814815,0,0,0,.24444444,0,.125,0,0,0,0,0,0,.14814815,0,0,.1147541,.11111111,0,0,0,0,0,.10126583,0,0,0,0,0,0,0,0,.14285715,.19148937,0,.13559322,0
688,Serbia,SRB,0,.16778524,0,.20627803,.14893617,0,.13422818,.15422885,.12080537,.16107382,.19480519,.10588235,0,.17449665,.13348946,.16778524,.22147651,.16778524,.14473684,0,.10738255,.14830509,.13368984,.16990291,0,0,.15765765,.20276497,0,0,.12080537,0,.18326694,.10774411,.17449665,.10358566,.28187919,.147651,0,0,.2039801,.24832214,.12751678,0,.17727272,.11508951,.11439114,.11409396,.16778524,.17125382,.2565445,0,.147651,.22393823,.146,.12654321,.20805369,0,.26845637,.12298387,0,.1377551,.19463088,.27516779,0,0,0,0,.2232416,.10738255,.22018349,.13422818,.14093959,.12631579,.24832214,.1559322,.10067114,.11510792,.18287937,.15025906,.10738255,0,0,.17449665,.16525424,.10642202,.147651,.22580644,0,.10067114,.31535271,.23489933,0,.10878661,0,.15436241,.19858156,0,0,.25503355,.16489361,0,.17938931,.14210527,.15248227,.10067114,.23391813,.16666667,.25503355,0,.14655173,0,.20430107,.17449665,0,.147651,.20134228,0,.19463088,.10067114,.22099447,.12080537,.13186814,.17449665,0,.18791947,0,.24832214,.14851485,.12751678,.18232045,.2079646,0,.1797235,.15384616,.21764706,.2,0,.15776698,.13559322,.13526569,.13422818,.19736843,.11409396,0,.10135135,.14093959,.147651,0,0,.12080537,0,.12941177,0,.10067114,.2525773,0,.12080537,.15822785,.10067114,.11742424,0,0,.1396648,.12751678,.20873787,0,.26174498,.14,.10738255,0,0,0,.17592593,.15363128,.27500001,.36708862,.16742082,.2,.13163482,.17449665,0,0,.10738255,.15833333,0,.14093959,.18565401,.12080537,.22818792
690,Seychelles,SYC,0,0,0,.13901345,.17021276,0,.10588235,0,0,.11176471,.10588235,.10823529,0,0,.14285715,0,0,0,.10526316,0,0,0,0,.18932039,0,0,0,.21658987,0,0,0,0,.11553785,.22222222,0,.11952192,0,0,0,0,0,0,0,0,.18636364,0,.14944649,0,.11764706,.12232416,.12565444,0,0,0,.124,.12037037,0,.14345992,.11176471,.14717741,0,.21938775,0,0,0,0,0,0,.10397553,0,0,0,0,.19649123,0,.13559322,0,.13309352,.17509727,.12694301,.2,0,0,0,.14406779,.10275229,0,.10752688,.26031747,0,.11618257,0,0,.17991632,0,0,0,0,0,.14117648,0,0,0,.13157895,0,.11764706,0,0,0,0,.12931034,0,0,0,0,0,0,0,0,0,.12154696,0,.31868133,0,0,0,0,0,.17079207,.11764706,0,.11061947,0,0,.12393162,0,.15294118,0,0,.16384181,0,0,0,0,0,0,0,0,.21908127,0,0,.12941177,0,0,0,.10824742,.10588235,0,0,0,0,.11041009,.16776316,.12290503,0,0,0,0,.18333334,0,0,0,0,0,0,.11,0,0,.11764706,.19745223,0,0,0,0,.10416666,0,0,.10970464,0,0
694,Sierra Leone,SLE,0,0,0,0,0,0,0,0,0,0,0,0,0,0,0,.12307692,0,0,0,0,0,0,0,0,0,0,0,0,0,0,0,.13513513,0,0,0,0,.10416666,0,.15384616,.14814815,0,0,0,0,0,0,0,0,0,0,0,.13636364,.12048193,0,0,0,0,0,.10218978,0,0,0,0,0,0,.16666667,.22727273,0,0,.16,0,0,.13333334,0,0,0,.11111111,0,0,0,0,0,0,0,0,0,0,0,0,0,0,0,0,0,0,0,0,0,0,0,0,0,0,0,0,0,0,0,0,.18421052,0,.18181819,0,0,0,.11627907,0,0,.11267605,0,0,.11111111,0,0,.16,0,0,0,0,0,0,0,0,0,0,0,0,.34146342,0,0,0,0,0,.13559322,0,0,0,0,0,0,.14814815,0,0,0,0,0,0,.11111111,0,.125,0,0,0,0,.12727273,0,0,0,0,0,0,0,0,0,0,0,0,0,0,0,0,0,0,0,0,.42857143,0,0,0,0
699,India,IND,0,0,0,0,0,0,.12631579,0,0,0,0,0,0,.12195122,0,.17073171,0,.12121212,0,0,0,0,0,0,0,.11956522,0,0,0,0,0,.12195122,0,0,.10948905,0,.16666667,.1097561,.12195122,.12195122,0,0,0,0,0,0,0,0,.1092437,0,0,0,.15662651,0,0,0,.16504854,0,.12408759,0,0,0,.15517241,.14423077,0,.17073171,0,0,0,0,0,.11538462,.12195122,0,.10135135,0,.1097561,0,.10116731,0,0,0,0,0,0,0,0,0,0,0,.1120332,0,0,.10041841,0,0,0,.1097561,0,0,.13297872,0,0,0,0,0,0,0,.14893617,0,0,0,0,0,0,.12790698,.11764706,0,.19512194,0,0,.1097561,0,0,0,0,0,.11764706,0,0,0,0,0,0,.1025641,0,0,.18292683,0,0,0,0,0,0,0,0,0,.13414635,0,0,0,.10067114,0,0,0,0,0,0,0,.12195122,.10227273,.12618296,0,0,0,0,0,.16129032,0,0,0,0,0,0,0,.16,.12658228,0,0,0,0,0,0,0,0,0,.13414635,0,0,.14406779
702,Singapore,SGP,0,0,0,.26457399,.19587629,0,0,.15920398,.15463917,0,0,.15529412,0,.10309278,.18969555,.10824742,0,.21649484,.28947368,0,0,.25847459,.19587629,.13592233,0,.12886597,.15315315,.26728112,0,0,.10309278,0,.17529881,.16161616,.12371134,.1932271,.15979381,0,0,0,.37313432,.31443298,0,0,.19090909,.15345268,.14760147,0,.20103092,.2232416,.39690721,0,.13402061,.26640928,.198,.25617284,.15463917,.10548523,.30927834,.15524194,0,.13265306,.14432989,.12371134,0,0,0,0,.29357797,0,.44495413,.14948453,.10824742,.24912281,.40721649,.25084746,.17010309,.21942446,.25291827,.19948186,0,0,0,0,.18644068,.2,.14432989,.29896906,0,0,.32780084,.20103092,.18556701,.13807531,0,.17010309,.26950353,0,0,.20618556,.35567009,.12371134,.27099237,.20103092,.29787233,.24226804,.24742268,.27319586,.24226804,0,.2112069,0,.31958762,0,0,.13402061,.11340206,0,0,0,.40206185,.13402061,.15463917,.10309278,0,0,0,.31958762,.17326732,0,.28865978,.21681416,0,.33640552,.2905983,.24742268,.22164948,0,.20631067,.13402061,.27536231,.10309278,.29824561,0,0,.2331081,0,.10309278,.17667845,0,0,.2525773,.10824742,0,0,0,.17010309,0,.2943038,0,.18181819,.2082019,.16118421,.26288658,0,.32524273,0,.2113402,.22666667,0,0,0,0,.25,.26536313,.245,.26288658,.19457014,.17010309,.12526539,0,0,0,0,.3125,0,0,.16877638,0,.14948453
703,Slovakia,SVK,0,0,0,.12556054,.18617021,0,0,0,.17605634,0,0,.16941176,0,0,.10070258,0,0,0,.1118421,0,0,.13559322,.11764706,0,0,0,0,.1797235,0,0,0,0,0,.17508417,0,.15737052,0,0,0,0,.14925373,0,0,0,.12727273,.15089513,.14944649,0,.1641791,.16513762,.15706806,0,0,0,.16599999,.14197531,0,.1392405,.12408759,.11895161,0,.11479592,0,0,0,0,0,0,.14984709,0,.1559633,.10447761,0,.18596491,.12837838,.17627119,0,.1438849,.10116731,0,.10447761,0,0,0,0,.18899083,0,.12365592,.11746032,0,0,0,0,.13389121,0,0,.17730497,0,0,.1970803,.14361702,0,.1259542,0,.14184397,.21830986,.11111111,.16129032,.12056737,0,0,0,.12903225,0,0,0,0,0,0,0,.19889502,0,0,0,0,0,0,0,0,0,.11049724,.1238938,0,.11059908,.17094018,0,.14,0,.1237864,.10734463,.17391305,0,.14035088,0,0,.1554054,0,0,.17314488,0,0,0,.10588235,0,0,.17010309,0,0,.1392405,0,.13257575,.16403785,.14144737,0,0,.14077669,0,0,.11333334,0,0,0,0,.10185185,.17039107,0,0,0,.13124999,.10615711,0,0,0,.10447761,.1375,0,0,0,0,0
704,Viet Nam,VNM,0,.13265306,0,0,0,0,0,0,0,0,.11038961,0,0,.125,0,0,.12121212,0,0,0,0,0,0,0,0,0,0,0,0,0,0,0,0,0,0,0,0,0,.11111111,0,0,0,.10909091,0,0,0,0,.31914893,0,0,0,0,0,0,0,0,.14563107,0,0,0,0,0,0,.125,0,.13333334,0,0,0,.22222222,0,0,.16666667,0,0,0,.11111111,0,0,0,0,0,0,.10810811,0,0,0,0,0,0,0,0,0,0,0,.10526316,0,0,0,0,0,0,0,0,0,0,0,0,0,0,0,0,0,.2,0,.13953489,0,0,.11267605,.2,0,0,0,.17171717,.11111111,.16666667,.11111111,0,0,0,0,0,0,0,0,0,0,.2,0,0,0,0,0,0,0,0,0,.13432837,0,0,.24444444,.12080537,0,.11111111,0,0,0,0,0,.17777778,0,0,0,0,.12727273,0,0,0,0,0,0,0,0,0,0,.115,.11392405,0,.13124999,0,0,0,0,0,0,.11111111,.21276596,0,0,0
705,Slovenia,SVN,0,0,0,.28797469,.18670887,0,.10759494,.19936709,.17405063,0,.14873418,.37882352,0,0,.34894612,0,0,.11392405,.42088607,.11392405,0,.3892405,.24683544,.18670887,0,0,.19303797,.27215189,0,0,0,0,.27848101,.24367088,.16139241,.24701196,.12341772,0,0,0,.23734178,.21518987,0,0,.23101266,.36317137,.29704797,0,.17405063,.3792049,.27215189,0,.11392405,.2943038,.34999999,.44753087,.12341772,.25632912,.20886075,.31048387,0,.2372449,.17721519,.14240506,0,0,0,0,.41590214,0,.31329113,.11392405,0,.17405063,.19620253,.49050632,0,.37341774,.20886075,.24093264,0,0,0,0,.21202531,.3266055,.11392405,.24683544,.17721519,0,.29746836,.19620253,0,.17088607,0,.14556962,.38291138,0,0,.19303797,.20253165,0,.37658226,.21835443,.38291138,.10126583,.18670887,.28481013,.14240506,0,.24050634,0,.33544305,0,0,.12025317,.18670887,0,0,0,.18037975,0,.14873418,.10126583,0,0,0,.16772152,.30445546,0,.19303797,.28797469,0,.19936709,.19303797,.16772152,.12341772,0,.41990292,.17088607,.38164252,.10759494,.31012657,0,0,.37341774,.14240506,0,.18670887,0,0,.15822785,0,0,0,.2943038,.1392405,0,0,0,.37341774,.41955835,.32911393,.19620253,0,.25316456,0,.1329114,.24683544,0,0,0,0,.23734178,.38547486,.21835443,.19936709,.32911393,.14556962,.2462845,0,0,0,0,.24683544,0,0,.27215189,0,.13607594
706,Somalia,SOM,0,0,0,0,0,.10526316,0,0,0,0,0,0,.15625,0,0,.15384616,0,.1010101,0,0,0,0,0,0,0,0,0,0,0,0,0,.10810811,0,0,0,0,0,.10344828,.1025641,.125,0,.10769231,0,0,0,0,0,.12765957,0,0,0,0,.14457831,0,0,0,0,0,.10948905,0,0,0,.10344828,.14423077,0,.19444445,.125,0,0,.15625,0,0,.23333333,0,0,0,0,0,0,0,0,0,0,0,0,0,.14864865,0,0,0,0,0,0,0,0,0,0,.125,0,0,0,0,0,0,0,0,0,0,.10638298,.18421052,0,0,0,.12727273,0,.11627907,0,0,.18309858,.1875,0,0,0,0,.125,.13333334,0,.1092437,0,0,0,0,0,0,0,0,0,.21951219,0,0,0,0,0,0,0,0,0,0,0,0,.125,.10067114,0,.125,.12195122,0,0,.17777778,0,0,0,0,0,0,.16363636,0,0,.11827957,0,0,0,0,0,0,0,0,.10759494,0,0,0,0,.17777778,0,0,0,0,.25531915,0,.11864407,0
710,South Africa,ZAF,0,0,0,.20075758,.20833333,0,.10227273,.15151516,.14772727,.10227273,0,.36470589,0,0,.26932085,0,0,0,.3256579,0,0,.35227272,.25,.20454545,0,0,.1969697,.20833333,0,0,0,0,.32954547,.22895622,.10227273,.20717132,0,0,0,0,.19318181,.11742424,0,0,.16666667,.40409207,.29889297,0,0,.29663607,.17424242,0,0,.22727273,.27200001,.37037036,0,.24621212,0,.28024194,0,.19897959,.13636364,0,0,0,0,0,.25076452,0,.15909091,0,0,.13333334,0,.41355932,0,.40647483,.19318181,.19170985,0,0,0,0,.20454545,.28256881,0,.18181819,.2,0,.20454545,.13636364,0,.23863636,0,0,.24822696,0,0,0,.10984848,0,.33712122,.27272728,.32978722,0,.11742424,.20454545,0,0,.25378788,0,.20075758,0,0,0,.13636364,0,0,0,.10984848,0,.15909091,0,0,0,0,0,.23267327,.10227273,.13257575,.23106061,0,.15530303,.14015152,.125,.10227273,0,.37621358,.13636364,.26811594,0,.21590909,0,0,.39864865,.15151516,0,.2155477,0,0,.11742424,0,0,.10227273,.18181819,.13257575,0,.37341774,0,0,.39747635,.32894737,.14015152,0,.15530303,0,0,.22,0,0,0,0,.20454545,.28212291,.14772727,.13257575,.32575756,.10606061,.20169851,0,0,0,0,.14772727,0,0,.21212122,0,.10227273
716,Zimbabwe,ZWE,0,0,0,.21451104,.19873817,0,0,.13564669,.11671925,.11356467,0,.45647058,0,0,.31381732,0,0,0,.31861198,.10094637,0,.35015774,.22712934,.19873817,0,0,.21135646,.22712934,0,0,0,0,.23343849,.33753943,0,.2569721,0,0,0,0,.2429022,.15141957,0,0,.21451104,.45012787,.39483395,0,.13564669,.38837922,.17350158,0,0,.18296529,.34999999,.42901236,0,.29022083,.10725552,.34879032,0,.30357143,0,0,0,0,0,0,.33027524,0,.20189275,0,0,.19242902,.12933753,.43533123,0,.37539431,.17665616,.19689119,.11041009,0,0,0,.20189275,.38348624,0,.20504732,.2681388,0,.19873817,0,0,.20504732,0,0,.32807571,0,0,.15457413,.12618296,0,.26182964,.2681388,.30914825,.13249211,0,.18296529,0,0,.26498422,0,.16403785,0,0,0,.12618296,0,0,0,.13880126,0,.16719243,0,0,0,0,.10410095,.25495049,0,.14195584,.21451104,0,.14195584,.19873817,.11987381,.10094637,0,.40533981,.13880126,.35748792,0,.23028392,0,0,.38485804,0,0,.30914825,0,0,0,.11041009,0,.12618296,.2082019,.16403785,0,.41955835,0,.39747635,0,.38485804,.14195584,0,.15457413,0,0,.24605678,0,0,0,0,.16403785,.32122904,.12618296,.12618296,.2429022,.12618296,.27600849,0,0,0,0,.14826499,0,0,.2082019,0,0
724,Spain,ESP,0,0,0,.16118421,.17434211,0,0,.14473684,0,.10197368,.10197368,.39294118,0,0,.29508197,0,0,0,0,0,0,.24342105,.22697368,.29276314,0,0,.19736843,.21381579,0,0,0,0,.3256579,.36842105,.125,.17729084,0,0,0,0,.13486843,0,0,0,.22368421,.39386189,.38745388,0,.10197368,.38837922,.13486843,0,0,.15131579,.292,.35493827,0,.43421054,0,.33669356,0,.35714287,0,0,0,0,0,0,.21712539,0,.13486843,0,0,.10855263,0,.32894737,0,.28947368,.13486843,.17357513,.12828948,0,0,0,.19078948,.31743118,0,.15789473,.32063493,0,.14144737,0,0,.22039473,0,0,.23026316,0,0,.1118421,0,0,.25657895,.27302632,.30263159,0,0,.13815789,0,0,.21381579,0,.125,0,0,0,.12171052,0,0,0,0,0,.13486843,0,0,0,0,0,.28465346,.16447368,0,.25,0,0,.13486843,0,0,0,.32281554,.15131579,.26570049,0,.18421052,0,0,.28947368,.13815789,0,.24013157,0,0,0,.16776316,0,0,.16118421,.14144737,0,.32911393,0,.32894737,.38485804,0,.14802632,0,0,0,0,.17434211,0,0,0,0,.12828948,.25418994,.10197368,.11842106,.22697368,.11842106,.34394905,0,0,0,.10197368,.11513158,0,0,.18421052,0,0
736,Sudan (...2011),SDN,0,.10055866,0,.22421524,.13297872,0,0,.19402985,.17318435,.10614525,.11731844,.16,0,0,.15222482,0,0,.12290503,.20394737,0,0,.20762712,.11764706,.18446602,0,.10055866,.17567568,.16129032,0,0,.17318435,0,.17529881,.17845118,.13407822,.15936255,0,0,0,0,.2238806,.15083799,0,0,.14090909,.13299233,.14206642,0,.16201118,.17431192,.21465969,0,0,.1969112,.15800001,.16049382,0,.16033755,.18994413,.14717741,0,.12755102,.15083799,0,0,0,0,0,.18348624,0,.23853211,.12290503,0,.14736842,.24022347,.17627119,.12849163,.12230216,.16731517,.17098446,.12290503,0,0,0,.15677966,.16513762,.11173184,.2311828,.11428571,0,.21576764,.1396648,.10055866,.11715481,0,.17877094,.19148937,0,0,.15083799,.19680852,.10055866,.19847329,.13157895,.21631205,.17877094,.19553073,.22580644,.17877094,0,.15517241,0,.21505377,0,0,.11731844,0,0,0,0,.27624309,.12849163,.14285715,.11731844,0,0,0,.18994413,.17574258,0,.20994475,.19911504,0,.17511521,.18376069,.23463687,.1396648,0,.15048544,.15083799,.17874396,.11731844,.16666667,0,0,.16554055,0,0,.10600707,0,0,.1396648,.12290503,0,0,.26288658,0,0,.19620253,0,.14015152,.14195584,.14802632,0,0,.18932039,0,.11731844,.14666666,0,0,0,0,.18981482,.17877094,.19,.15083799,.15837105,.17318435,.15286624,0,0,0,0,.20416667,0,0,.21518987,0,.14525139
740,Suriname,SUR,0,0,0,0,0,0,0,0,0,0,0,0,0,0,0,.13846155,0,0,0,0,.15789473,0,0,0,0,0,0,0,0,0,0,0,0,0,0,0,.11458334,0,0,0,0,0,0,0,0,0,0,0,0,0,0,0,.13253012,0,0,0,0,0,.10218978,0,0,0,0,.125,.11864407,0,0,0,0,.16363636,0,0,.13333334,0,0,0,0,0,0,0,0,0,0,.21621622,0,0,0,0,0,0,0,0,0,0,0,0,0,0,0,0,0,0,0,0,0,0,0,0,0,.16363636,0,0,0,0,.11111111,.1627907,0,0,0,.12727273,0,0,0,.13131313,0,0,0,0,0,0,0,0,0,0,0,0,0,.14545454,0,0,0,0,0,.20338982,0,0,0,0,0,0,0,.12751678,0,.12727273,0,0,0,.12727273,0,.16363636,0,0,0,0,0,0,0,0,0,0,0,0,0,0,0,0,0,0,0,0,0,.10909091,0,0,0,0,.16363636,0,0,0
748,Eswatini,SWZ,0,.18932039,0,.24663678,.18446602,0,.11165048,.18446602,.18446602,0,.11165048,.11294118,0,.10194175,.15690866,.10679612,.13106796,.18446602,.27631578,.10194175,0,.26694915,.18446602,0,0,0,.12612613,.16129032,0,0,0,0,.13147411,.11447811,.14077669,.21115538,.13106796,0,0,0,.2961165,.19902913,0,0,.18181819,.12531969,.10516606,0,.16019417,.17125382,.30097088,0,0,.37451738,.228,.17901234,.19417475,0,.22815534,.15927419,0,.10969388,.14077669,.10194175,0,0,0,0,.32415903,0,.41284403,.14563107,0,.23859648,.29126215,.21016949,.13106796,.20143884,.19066148,.24093264,0,.11165048,0,0,.19915254,.21284404,.13592233,.35922331,0,0,.29460582,.25242719,.13106796,.15481171,0,.15533981,.33687943,0,0,.14077669,.27184466,.14563107,.26717559,.13106796,.23404256,.17961165,.33009708,.33980581,.21359223,0,.18965517,0,.31553397,.10194175,0,.1262136,.12135922,0,0,0,.28155339,.1262136,.1262136,0,0,0,0,.19417475,.17326732,0,.34951457,.19911504,.10194175,.41474655,.24786325,.25242719,.13592233,0,.19660194,.18446602,.27053139,0,.35964912,0,0,.22972973,0,0,.1590106,0,0,.20873787,0,0,0,.32524273,.14077669,0,.25316456,0,.15530303,.15457413,0,.18932039,0,0,0,.14563107,.20333333,.14563107,0,0,0,.31018519,.3603352,.23786408,.2038835,.16742082,.16504854,.12951168,.17961165,0,0,0,.25,0,0,.17299578,0,.13592233
752,Sweden,SWE,0,0,.16666667,0,0,0,0,0,0,0,0,0,0,0,0,0,0,0,0,0,0,0,0,0,0,0,0,0,0,0,0,0,0,0,0,0,0,0,0,0,0,0,0,0,0,0,0,0,0,0,0,0,0,0,0,0,0,0,0,0,0,0,0,0,0,0,0,.125,0,0,0,0,0,0,0,0,0,0,0,0,0,0,.14285715,0,0,0,0,0,0,0,0,0,0,0,.125,0,0,0,0,0,0,0,0,0,0,0,0,0,0,0,0,0,0,0,0,0,0,0,0,0,0,0,0,0,0,0,0,0,0,0,0,0,0,0,0,0,0,0,0,0,0,0,0,0,0,0,0,0,0,0,.14814815,0,0,0,0,0,0,0,0,0,0,0,0,0,0,0,0,0,0,0,0,0,0,0,0,0,0,0,0,0,0,0,0,0,0,0,0,0,0,0
757,Switzerland,CHE,0,.17346939,0,.13004485,.13297872,0,.22105263,.10945274,.1056338,0,0,0,0,.22580644,0,.34408602,.23655914,.12121212,.10197368,.11827957,0,.12288135,0,0,0,.12903225,0,.12903225,0,0,0,.10752688,0,0,0,0,.34375,.19354838,0,0,.13432837,.23846154,0,0,.10454545,0,0,0,.15126051,0,.19895288,0,.1827957,.12741312,0,.12037037,.17475729,0,.26277372,0,0,0,.21551724,.25961539,0,.12903225,.11827957,0,.1529052,0,.19266056,.16346154,.16129032,0,.18243243,0,.10752688,0,.12840466,0,0,0,0,0,0,0,.17204301,.14516129,0,0,.186722,.14788732,0,0,0,.14736842,.10992908,0,0,.13868614,.12234043,0,.13358779,.10526316,.12765957,0,.15204678,.14516129,.16312057,.13978495,0,0,.15053764,.17204301,0,.15053764,.11764706,0,.22580644,0,.15469614,.15053764,.10989011,.11111111,0,.22580644,0,.22689076,0,0,.1436464,.11946902,.13978495,.13824885,.13247864,.12941177,.12,0,0,0,0,.15053764,.14473684,0,0,0,.1221374,.16129032,0,0,0,.26174498,0,0,.16129032,.2113402,0,0,.1329114,.11827957,0,0,0,.11731844,0,.14563107,0,0,.12666667,0,0,0,.10752688,.15277778,0,.19499999,.25316456,.12217195,0,0,.1827957,.15053764,0,.11827957,.125,0,.10752688,0,.13978495,.15254237
760,Syria,SYR,0,0,0,.19,.17333333,0,0,.19,.11333334,0,0,.23764706,0,0,.22482435,0,0,.13666667,.25,0,0,.18333334,.17333333,.20999999,0,0,.19,.21666667,0,0,0,0,.18000001,.22,.10666667,.31075698,0,0,0,0,.24666667,.19,0,0,.13333334,.25063938,.20848708,0,.12333333,.24159022,.20666666,0,0,.30666667,.28200001,.22530864,0,.12666667,.17333333,.22782259,0,.20153061,0,.11333334,0,0,0,0,.29357797,0,.27666667,0,0,.33333334,.18666667,.28333333,0,.28,.36666667,.30569947,0,0,0,0,.19666667,.2440367,0,.15000001,.27936509,0,.25333333,.11333334,0,.31,0,0,.29333332,0,0,.12666667,.23999999,0,.21333334,.14666666,.22333333,.18666667,.19,.15000001,.16666667,0,.25,0,.14,0,0,.11,0,0,0,0,.20333333,0,.26666668,0,0,0,0,.13333334,.22277227,0,.22,.19333333,0,.27333334,.26666668,.17,.24666667,0,.25485438,.18000001,.29710144,0,.22666667,0,0,.27333334,0,0,.32666665,0,0,.14,.18333334,0,0,.22666667,.11333334,0,.24683544,0,.22,.24605678,.17434211,.14666666,0,.20333333,0,.12666667,0,0,0,0,0,.27333334,.32960895,.19,.15000001,.15333334,.14666666,.22080679,0,0,0,0,.33000001,0,0,.18666667,0,0
762,Tajikistan,TJK,0,.21428572,0,0,0,0,.12631579,.12935324,0,0,.11038961,0,.14754099,.1375,0,.18461539,.22727273,.11111111,0,.13095239,0,0,0,0,0,.10869565,0,0,0,0,0,0,0,0,.15328467,0,0,0,0,0,0,0,0,0,0,0,0,.14754099,0,0,0,0,0,.11583012,0,0,.2038835,0,0,0,0,0,.15517241,0,0,0,0,0,0,0,.10550459,0,0,0,.11486486,0,.11111111,0,0,0,0,.1147541,0,.10810811,0,0,0,0,0,.16249999,0,.21830986,.109375,0,0,.12631579,0,0,0,0,0,0,0,0,0,0,.13450292,.14516129,.14184397,0,0,0,.11290322,.13114753,0,.15116279,.13725491,.13114753,.16901408,0,0,.25396827,0,.1010101,0,.18032786,0,.11764706,0,0,.10497238,0,0,.11059908,0,0,0,0,0,0,0,.1392405,.1008772,.13114753,0,0,0,.11940298,0,0,.1147541,.10738255,0,0,0,0,0,0,0,0,0,0,0,0,0,.14563107,0,0,0,0,.13114753,0,0,0,0,.13,.11392405,0,.10625,0,.32608697,0,0,0,0,0,.13114753,0,.14754099,.13559322
764,Thailand,THA,0,.10204082,0,0,0,0,0,0,0,0,0,0,0,0,0,.12307692,.15151516,0,0,0,0,0,0,0,0,0,0,0,0,0,0,.10810811,0,0,0,0,0,0,0,.11111111,0,0,0,0,0,0,0,0,0,0,0,0,0,0,0,0,0,0,0,0,0,0,0,0,0,0,0,0,0,0,0,0,0,0,0,0,0,0,0,0,0,0,0,0,0,0,0,0,0,0,0,0,0,0,0,0,0,0,0,0,0,0,0,0,0,0,0,0,0,0,0,0,0,0,0,0,0,0,0,0,0,0,0,0,0,0,0,0,0,0,0,0,0,0,0,0,0,0,0,0,0,0,0,0,0,0,0,0,0,0,.11111111,0,0,0,0,0,0,0,0,0,0,0,0,0,0,0,0,0,0,.13114753,0,0,0,0,0,0,0,0,0,0,.14130434,0,0,0,0,0,0,0,0,0
768,Togo,TGO,0,0,0,0,0,0,0,0,0,0,0,0,0,0,0,0,0,0,0,0,0,0,0,0,0,0,0,0,0,0,0,0,0,0,0,0,0,0,0,0,0,0,0,0,0,0,0,0,0,0,0,0,0,0,0,0,0,0,0,0,0,0,0,0,0,0,0,0,0,0,0,0,0,0,0,0,0,0,0,0,0,0,0,0,0,0,0,0,0,0,0,0,0,0,0,0,0,0,0,0,0,0,0,0,0,0,0,0,0,0,0,0,0,0,0,0,0,0,0,0,0,0,0,0,0,0,0,0,0,0,0,0,0,0,0,0,0,0,0,0,0,0,0,0,0,0,0,0,0,0,0,0,0,0,0,0,0,0,0,0,0,0,0,0,0,0,0,0,0,0,0,0,0,0,0,0,0,0,0,0,0,0,0,0,0,0,0,0,0,0
780,Trinidad and Tobago,TTO,0,0,0,0,0,.14285715,.11578947,0,0,0,0,0,0,0,0,.10769231,0,0,0,.14285715,.10526316,0,0,0,0,0,0,0,0,0,0,0,0,0,0,0,0,.10344828,.11904762,0,0,0,.12727273,0,0,0,0,0,.10084034,0,0,0,0,0,0,0,0,0,0,0,0,0,.10344828,0,0,0,0,0,0,0,0,0,0,0,0,0,0,0,0,0,0,0,0,0,0,0,.13513513,0,0,0,0,0,0,0,0,0,0,0,.16666667,.10218978,0,0,0,0,0,0,0,0,0,0,0,0,0,0,0,0,0,0,0,0,0,0,0,0,0,0,0,.10084034,0,0,0,0,.13793103,0,0,0,0,0,0,0,0,0,0,0,.16666667,0,0,.10447761,0,.16666667,0,0,0,0,0,0,0,0,0,0,0,0,0,0,0,0,0,.10752688,0,0,0,0,0,0,0,0,0,0,0,0,0,0,.23809524,0,0,0,.12765957,0,.10169491,0
784,United Arab Emirates,ARE,0,.11111111,0,.35874438,.2037037,0,.11111111,.18055555,.16666667,0,.10648149,.13176471,0,0,.12177986,0,0,.25,.29276314,0,0,.30508474,.14351852,.17592593,0,0,.14864865,.19354838,0,0,.13425925,0,.12350598,.12121212,.1388889,.25298804,.10185185,0,0,0,.26851851,.1712963,0,0,.19545455,.1713555,.12915128,0,.1574074,.21100917,.34722221,0,0,.32432431,.20999999,.27160493,.13425925,.13502109,.24537037,.16733871,0,.11989796,.1574074,.12037037,0,0,0,0,.26299694,0,.32110092,.13425925,0,.24561404,.24537037,.28474575,.14351852,.21223022,.27237353,.24093264,0,0,0,0,.19915254,.22018349,0,.27314815,.11428571,0,.27800831,.14814815,.18055555,.15481171,0,.16666667,.24822696,0,0,.16203703,.34722221,.1388889,.24427481,0,.24822696,.22685185,.41666666,.29166666,.25462964,0,.28448275,0,.27314815,0,0,.1712963,0,0,0,0,.26851851,0,.19444445,.10648149,0,0,0,.20833333,.1509901,0,.28703704,.20353982,0,.36405531,.27777779,.22685185,.25462964,0,.21359223,.1574074,.30434781,0,.23245615,0,0,.30743244,0,0,.1696113,0,0,.17592593,0,0,0,.25,.10185185,0,.23734178,0,.20454545,.16403785,.12828948,.18981482,0,.31018519,0,.15277778,.27333334,0,0,0,0,0,.30446929,.2037037,.18055555,.17194571,.1574074,.11464968,.13425925,0,0,0,.375,0,0,.18987341,0,.10185185
788,Tunisia,TUN,0,.12011173,0,.25698325,.18994413,0,.12290503,.20111732,.16759777,0,0,.32470587,0,0,.28805619,0,0,.14525139,.39944133,.11173184,0,.30446929,.22067039,.18435754,0,0,.17039107,.18715084,0,0,.11731844,0,.2122905,.19553073,.1368715,.36852589,0,0,0,0,.26815644,.14525139,0,0,.17597765,.342711,.2693727,0,.12569833,.30167598,.24022347,0,0,.37430167,.41999999,.32681563,.11173184,.17039107,.15083799,.26612905,0,.22959183,.11452514,0,0,0,0,0,.47486034,0,.31843576,0,0,.25698325,.2122905,.35195529,0,.2877095,.25698325,.40414509,0,0,0,0,.19832402,.42752293,0,.25139666,.16759777,0,.25139666,.16480447,.10335196,.23743017,0,.12011173,.38268158,0,0,.12290503,.25139666,0,.30446929,.22625698,.31284916,.16480447,.23463687,.27094972,.18715084,0,.23184358,0,.31005585,0,0,0,.12290503,0,0,0,.24301676,0,.1396648,0,0,0,0,.1424581,.23514852,0,.24860336,.20949721,0,.32402235,.22346368,.22625698,.14525139,0,.39320388,.19553073,.4758454,0,.29608938,0,0,.37709498,0,0,.23743017,0,0,.15363128,0,0,0,.26536313,.17039107,0,.38547486,0,.28212291,.32122904,.25418994,.17877094,0,.3603352,0,0,.32960895,0,0,0,0,.30446929,0,.20391062,.14804469,.21787709,.1396648,.20594479,.13128492,0,0,0,.2793296,0,0,.22067039,0,.14525139
792,TÃƒÂ¼rkiye,TUR,0,.16,0,.23766816,.16,0,.18000001,.26865673,.145,0,.27500001,.12,0,.17,.14051522,.175,.18000001,.2,.19407895,0,0,.19915254,.125,.15533981,0,.19,.25225225,.1797235,0,0,.115,0,.25498009,.10774411,.205,.13147411,.18000001,.125,.13500001,0,.26865673,.185,.115,0,.21818182,.10230179,0,.13500001,.13,.16207951,.26499999,0,.16,.2857143,.16,.20061728,.28,0,.19499999,.13508065,0,.125,.19,.22499999,0,.115,0,0,.2232416,0,.31651375,.12,.145,.16842106,.22499999,.18983051,.105,.13309352,.28015563,.25647667,0,0,0,.13,.20338982,.12293578,.115,.185,0,.11,.41078839,.20999999,0,0,0,.185,.22340426,0,0,.13500001,.28999999,0,.21374045,.13500001,.21631205,.105,.25999999,.20999999,.28999999,0,.1724138,0,.19499999,.155,0,.20999999,.125,0,.245,0,.26499999,.205,.15000001,.2,0,.15000001,0,.235,.16584158,.12,.245,.25663716,0,.33179724,.2008547,.25999999,.17,.13500001,.14805825,.145,.19565217,.17,.2631579,.115,0,.13513513,.15000001,.175,.10954063,0,0,.27500001,.11,0,.16,.245,0,.115,.21835443,0,.14772727,.12618296,.10197368,.19,0,.23786408,0,.19499999,.19,.13,0,0,0,.2037037,.20391062,0,.39500001,.22624435,.22499999,.1507431,.145,0,0,0,.24166666,0,.14,.29113925,.185,.25
795,Turkmenistan,TKM,0,.15189873,0,.1748879,.16489361,0,.15189873,.20895523,.1392405,.11392405,.18987341,.13411765,0,.24050634,.13348946,.20253165,.19620253,.15822785,.16447368,0,0,.16525424,.13903743,.13592233,0,.22151899,.1891892,.19354838,0,0,.14556962,0,.17529881,0,.19620253,0,.20253165,.15822785,.10126583,0,.21890548,.29746836,.11392405,0,.17727272,.12020461,0,.12658228,.20253165,.17737003,.27225131,0,.20253165,.23938224,.154,.17901234,.28481013,0,.2658228,.11491936,0,.12244898,.24050634,.25949368,0,0,0,0,.18654434,0,.31651375,.16455697,.14556962,.10175438,.25316456,.18644068,0,.14028777,.16731517,.1761658,.11392405,0,0,0,.17372881,.11559633,.17721519,.24193548,0,0,.38589212,.24683544,0,0,0,.17088607,.20921986,0,0,.25949368,.22872341,0,.16412213,.14210527,.19858156,0,.16959064,.20967741,.24683544,0,.1637931,0,.20967741,.19620253,0,.16455697,.17721519,0,.17721519,0,.19889502,.17088607,.13186814,.20253165,0,.18987341,.10126583,.29113925,.15594059,.10759494,.20994475,.19911504,0,.22119816,.17948718,.22941177,.14556962,.10126583,.15776698,.12429378,.15458937,.15822785,.21491228,0,0,.14527027,.10759494,.23417722,0,0,.10126583,.36708862,0,0,.12658228,.26288658,0,.11392405,.19936709,.10759494,.13257575,.12618296,.11842106,.15083799,0,.2038835,0,.25316456,.15000001,.11392405,0,0,0,.18055555,.14804469,.39500001,0,.17647059,.1875,.12101911,.17088607,.11392405,0,0,.1875,0,.15189873,.22362868,.16455697,.2278481
800,Uganda,UGA,0,0,0,.23766816,.1402715,0,.10859729,.26244345,.1402715,.11312217,.19909503,.23294118,0,0,.21311475,.1040724,0,0,.24342105,0,0,.33474576,.26696834,.19909503,0,0,.27027026,.21719457,0,0,.1040724,0,.27091634,.14814815,.14932127,.15537849,.1402715,0,0,0,.23529412,.15384616,0,0,.21719457,.25831202,.19741698,0,.10859729,.20489296,.19909503,0,.1040724,.2972973,.2,.22839506,0,.25316456,.13122173,.21975806,0,.15306123,.19909503,.1040724,0,0,0,0,.22018349,0,.2081448,0,0,0,.13574661,.26779661,0,.2769784,.14785992,.2150259,0,0,0,0,.14830509,.16513762,0,.17647059,.13968255,.14932127,.21576764,.19004525,0,.16317992,0,0,.21276596,0,0,0,.12217195,0,.29389313,.280543,.30496454,0,.12217195,.25791857,0,0,.19396552,0,.23529412,0,0,0,.15384616,0,0,0,.13122173,0,.19457014,0,0,0,0,.1402715,.21039604,.1402715,.14479639,.20353982,0,.14479639,.14102565,.14932127,0,0,.27427185,.19457014,.21014492,.13574661,.2631579,0,0,.30067569,.280543,0,.14134276,0,0,.16742082,0,0,0,.19457014,0,0,.32911393,0,.32575756,.2429022,.22697368,.15837105,0,.16742082,0,.12217195,.15333334,0,0,0,0,.17194571,.21787709,.22624435,.17647059,0,.15837105,.14437367,0,0,0,0,.17916666,0,0,.27848101,0,.18552037
804,Ukraine,UKR,0,.15625,0,.15246637,.12765957,0,0,.3283582,.125,.16249999,.28749999,.12470588,0,0,.1615925,0,0,.10625,.17105263,0,0,.12711865,.16042781,.16019417,0,.13124999,.22972973,.17050691,0,0,.10625,0,.17131475,.12121212,.28125,0,.125,0,0,0,.1641791,.19374999,0,0,.15000001,.10741688,.11808118,0,.13124999,.19877675,.16230367,0,.10625,.16602316,.17399999,.14814815,.1375,.15611814,.175,.15725806,0,.14285715,.13124999,.10625,0,0,0,0,.16819572,0,.19724771,0,0,.10526316,.16875,.17966102,0,.12230216,.11673152,.13989638,.18125001,0,0,.14375,.13135593,.12477064,.10625,.19892474,0,0,.18257262,.23125,0,.10460251,0,0,.16312057,0,0,.1125,.14893617,0,.20610687,.11052632,.17730497,.10625,.18128654,.16129032,.15000001,0,.11637931,0,.13978495,0,0,.125,0,0,0,0,.19889502,0,.12087912,.19374999,0,0,0,.23125,.17079207,.11875,.19337016,.33628318,0,.20276497,.12820514,.24705882,.1375,0,.13106796,.1299435,.1594203,.18125001,.1491228,0,0,.13175675,0,0,.12014134,0,0,.2,.11764706,0,0,.17010309,.13124999,.13124999,.14556962,0,.10606061,.12618296,.11842106,.17318435,0,.16504854,0,0,.14666666,.10625,0,0,0,.1574074,.1396648,.22499999,.1875,.15837105,0,.14437367,0,0,0,0,.125,0,0,.17299578,0,.15000001
807,North Macedonia,MKD,0,.10403397,0,.1507431,.17197452,0,0,.22080679,.12314225,.11889596,.12951168,.41613588,0,0,.43949044,0,0,0,.20382166,0,0,.16985138,.14861996,.21443737,0,0,.20594479,.21231422,0,0,0,0,.25265393,.35244161,.10615711,.25498009,0,0,0,0,.13375796,.11677282,0,0,.20594479,.3312102,.54612547,0,.11252654,.34394905,.14012739,0,0,.16985138,.40400001,.2462845,0,.25477707,0,.54435486,0,.52441615,0,0,0,0,0,0,.2462845,0,.15923567,0,0,.19108281,0,.23991507,0,.25477707,.11889596,.26326963,.14861996,0,0,0,.26539278,.40183488,0,.14437367,.35031846,0,.18259023,.11252654,0,.18683651,0,0,.22292994,0,0,.11252654,0,0,.20806794,.1656051,.19532908,0,.10403397,.11464968,0,0,.20594479,0,.11252654,0,0,0,0,0,0,0,.11252654,0,.12738854,0,0,0,0,0,.45222929,.12101911,.11252654,.19745223,0,.12951168,.13163482,0,0,0,.34394905,.15498939,.30573249,0,.14861996,0,0,.19320594,.10828026,0,.22080679,0,0,.13163482,.19745223,0,0,.12526539,.10615711,0,.2462845,0,.20169851,.27600849,.34394905,.15286624,0,.12951168,0,0,.22080679,0,0,0,0,.11464968,.20594479,.1507431,.12101911,.14437367,.14437367,0,0,0,0,0,0,0,0,.22292994,0,0
818,Egypt,EGY,0,.21428572,0,.12107623,0,0,.14736842,.12935324,.11971831,.10679612,.1038961,0,0,.14130434,0,.18478261,.19565217,.11111111,.1118421,.10869565,0,.11016949,0,0,0,0,0,0,0,0,0,0,.11553785,0,.21167883,0,.16666667,.11956522,0,0,.12935324,.12307692,0,0,0,0,0,0,0,0,.14659686,0,0,.18532819,0,0,.2038835,0,.13868614,0,0,0,.19827586,.17307693,0,0,0,0,.12844037,0,.16513762,0,0,0,.16216215,0,0,0,.10116731,0,0,.11956522,0,0,.11016949,0,.15217391,.15591398,0,.23913044,.12863071,.22535211,0,0,0,.17894737,.10283688,0,0,0,.11170213,.10869565,0,0,0,0,.16959064,.15053764,.14893617,0,.12931034,0,.15591398,.11956522,0,.10869565,.12745099,.11956522,.16304348,0,.10497238,.14130434,0,.14141414,0,.14130434,0,.15966387,0,0,0,0,.11956522,.14746544,0,.17058824,0,0,0,.10169491,0,.11956522,.1008772,0,0,0,.13740458,0,0,0,0,.17449665,0,0,0,0,0,0,0,0,0,0,0,0,0,.17961165,0,.1827957,0,.32608697,.14130434,0,0,.13425925,.13128492,.145,.17088607,0,0,0,0,0,0,.10869565,0,0,.10869565,0,.16304348,.16101696
826,United Kingdom,GBR,0,0,0,0,0,0,.11578947,0,0,0,0,0,0,0,0,.18461539,.13636364,0,0,0,.10526316,0,0,0,0,0,0,0,0,0,0,0,0,0,0,0,.125,.15517241,0,0,0,.10769231,0,0,0,0,0,0,.12605043,0,0,0,0,0,0,0,0,0,.11678832,0,0,0,0,0,.10169491,.15555556,0,0,0,0,0,0,.16666667,0,.10135135,0,.12698413,0,0,0,0,0,0,0,0,0,.14864865,0,0,0,0,0,0,0,0,0,0,0,0,.13138686,.10106383,0,0,0,0,0,0,0,0,0,0,0,0,0,0,.11627907,0,0,0,0,.12154696,0,0,0,0,0,.15555556,.1092437,0,0,0,0,0,0,0,0,0,.13333334,0,0,0,0,0,.13559322,0,0,0,.13432837,0,0,0,0,0,0,0,0,0,0,0,.17777778,0,0,0,0,.10909091,0,0,.15053764,0,0,0,0,0,0,0,0,.11392405,0,0,0,0,0,0,.15555556,0,0,.19148937,0,.10169491,0
834,United Rep. of Tanzania,TZA,.10714286,0,0,0,0,.13157895,0,0,0,0,0,0,.14285715,0,0,0,0,0,0,.14285715,0,0,0,0,0,0,0,0,0,0,0,0,0,0,0,0,0,0,0,0,0,0,0,0,0,0,0,0,0,0,0,.14285715,0,0,0,0,0,0,0,0,0,0,0,0,0,0,0,0,0,0,0,0,0,0,0,0,0,0,0,0,0,.1923077,.10714286,0,0,0,0,0,0,.1125,0,0,0,0,.21428572,0,0,.10714286,.32142857,0,0,0,0,0,0,0,0,0,0,0,0,0,0,0,0,0,0,0,0,0,0,0,0,0,.10714286,0,0,0,0,0,0,0,0,0,0,0,0,0,0,0,0,0,0,0,.35714287,0,.11450382,0,0,.25,0,0,0,0,0,0,0,0,0,0,0,0,0,0,0,0,0,0,0,0,0,0,.23809524,0,0,0,0,0,0,0,0,0,0,0,0,0,0,0,0,0
842,USA,USA,0,0,0,0,.11170213,0,.17894737,0,0,.1262136,0,0,0,0,0,.13333334,.11111111,0,0,.15555556,0,0,0,0,0,0,0,.12442397,0,0,0,.11111111,0,.11111111,0,0,.11458334,0,0,0,0,0,0,0,0,0,0,0,0,.10397553,0,0,0,0,0,0,0,0,0,0,0,0,.11206897,0,.15555556,0,0,0,0,0,0,.125,0,0,.12162162,.10169491,0,0,0,0,0,0,0,0,0,0,0,0,0,0,0,0,0,.10041841,0,0,.10638298,0,0,.13868614,0,0,0,0,0,.12676056,0,0,0,0,0,0,0,0,0,0,0,0,0,0,0,0,0,0,0,0,0,0,0,0,0,0,0,0,.12393162,0,0,0,0,0,0,0,0,.11111111,0,0,0,0,.10954063,0,0,.10738255,0,0,0,0,.10447761,0,0,0,0,0,.10197368,0,0,0,0,.11827957,0,0,0,0,0,0,0,0,0,0,0,0,.10869565,.15555556,0,0,0,0,0,0,0,0
854,Burkina Faso,BFA,0,0,0,.3125,.2,0,.11666667,.15833333,.125,0,0,.13176471,0,0,.11709602,0,0,.24583334,.25,0,0,.28749999,.16249999,.15833333,0,0,.20833333,.21666667,0,0,0,0,.1434263,0,.10416666,.32868525,.1125,0,0,0,.2375,.15833333,0,0,.15833333,.16879795,0,0,.125,.18348624,.27916667,0,.12916666,.30115831,.17,.29320988,.15833333,0,.20833333,0,0,0,.10416666,.13333334,0,0,0,0,.23547401,0,.27916667,.12083333,0,.33333334,.25833333,.23728813,.1375,.15107913,.43190661,.3134715,0,0,0,0,.15000001,.20366973,0,.18333334,.12380952,0,.31120333,.16249999,.18333334,.17083333,0,.21666667,.25177306,0,0,.16666667,.40416667,.12916666,.21755725,.11666667,.21985815,.22499999,.29166666,.24166666,.28749999,0,.2,0,.25,0,0,.20416667,0,0,0,0,.29166666,0,.22083333,.10833333,0,0,0,.17916666,.12871288,0,.30000001,.19583334,0,.34999999,.36250001,.2,.26249999,0,.18446602,.18333334,.28985506,0,.28749999,0,0,.30743244,0,0,.20141342,0,0,.15833333,.10416666,0,0,.3125,.1375,0,.24683544,0,.14772727,.14826499,.11513158,.20416667,0,.25,0,.125,.33000001,0,0,0,0,.375,.2793296,.24166666,.1875,.17916666,.125,0,0,0,0,0,0,0,0,.175,0,.1375
858,Uruguay,URY,0,0,0,0,0,0,0,0,0,0,0,0,0,0,0,0,0,0,0,0,0,0,0,0,0,0,0,0,0,0,0,0,0,0,0,0,.10416666,0,.12820514,.14285715,0,0,0,0,0,0,0,0,0,0,0,0,0,0,0,0,0,0,.10218978,0,0,0,0,0,0,.1388889,.10714286,0,0,.14285715,0,0,0,0,0,0,.15873016,0,0,0,0,0,0,0,0,0,0,0,0,0,0,0,0,0,0,0,0,.14285715,0,0,0,0,0,0,0,0,0,0,0,.13157895,0,.17857143,0,0,0,.12790698,0,0,0,0,0,0,0,0,.17857143,0,.13513513,0,0,0,0,0,0,0,0,0,0,.29268292,0,0,0,0,0,.22033899,0,0,0,0,0,0,.14285715,0,0,.42857143,0,0,0,.11111111,0,0,0,0,0,0,0,0,0,0,0,0,0,0,0,0,0,0,0,0,0,0,0,0,0,0,0,0,.10638298,0,0,0
860,Uzbekistan,UZB,0,.1122449,0,0,0,.14893617,.12631579,0,0,0,0,0,.19148937,.2375,0,.18461539,.1969697,.12121212,0,0,.12280702,0,0,0,0,0,0,0,0,0,0,.10638298,0,0,0,0,.1875,.18965517,0,.10638298,0,0,.10909091,0,0,0,0,0,0,0,0,.10638298,.14457831,0,0,0,.15533981,0,.13868614,0,0,0,.12931034,.17307693,0,.17021276,0,0,0,.12765957,0,.11538462,.15000001,0,.10135135,0,.12698413,0,0,0,0,.11538462,0,.12162162,0,0,0,0,0,.125,.12448133,.11267605,0,0,0,0,0,.12765957,.12765957,0,0,0,0,0,0,0,0,0,.13475177,.23404256,0,0,0,.16363636,0,.11627907,0,.13461539,.14084508,.25531915,0,.14285715,0,.13131313,0,.2,.14893617,.15966387,0,0,0,.10619469,0,0,0,0,0,.25531915,0,0,0,0,0,0,0,0,0,.2238806,0,0,.19148937,.14093959,0,0,.13414635,0,0,.21276596,0,.25531915,0,0,0,0,.16363636,0,0,.10752688,0,.13114753,0,0,.12765957,0,0,.14,.15189873,0,0,0,.10869565,.19148937,0,0,0,.10638298,0,0,.18644068,0
862,Venezuela,VEN,0,.11814346,0,.24894515,.12658228,0,.13080169,.29113925,.16455697,.11392405,.2658228,.20941177,0,.12236287,.25292739,0,0,0,.21381579,0,0,.23206751,.11814346,.21097046,0,.12658228,.23628692,.18987341,0,0,.12236287,0,.29482073,.17508417,.2278481,.14741036,.10970464,0,0,0,.20675105,.15611814,0,0,.21097046,.17647059,.18265682,0,.1392405,.18042813,.21097046,0,0,.28957528,.23,.20679012,.11392405,0,.14345992,.20362903,0,.23214285,.17721519,.1392405,0,0,0,0,.26605505,0,.21518987,.10970464,0,.15087719,.15611814,.2,0,.19064748,.17898832,.24611399,0,0,0,0,.21097046,.16513762,.10126583,.19409283,.17142858,.1392405,.34024897,.17721519,0,.19246861,0,.10548523,.27659574,0,0,.12236287,.1392405,0,.21374045,.19831224,.20921986,0,.16877638,.1814346,.13502109,0,.18987341,0,.21518987,0,0,0,0,0,.10126583,0,.16877638,0,.16877638,.17721519,0,0,0,.13080169,.23762377,.17299578,.12236287,.2658228,0,.21097046,.12658228,.20253165,.16877638,0,.21359223,.1814346,.21256039,0,.20675105,0,0,.14864865,.18565401,0,.14487633,0,0,.18565401,.10970464,0,0,.16877638,0,0,.27215189,0,.21212122,.2082019,.18421052,.21518987,0,.17299578,0,0,.18666667,0,0,0,0,.18987341,.22067039,.29113925,.22362868,.27848101,.17299578,.22292994,0,0,0,0,.175,0,0,0,.13080169,.19831224
887,Yemen,YEM,0,0,0,0,0,0,.10526316,0,0,0,.13636364,0,0,.1125,0,.16923077,.16666667,0,0,0,0,0,0,0,0,.10869565,0,0,0,0,.12345679,.15254237,0,0,.12408759,0,.13541667,.20338982,.25423729,.16949153,0,0,.20338982,0,0,0,0,.10169491,0,0,.11518325,0,0,0,0,0,.17475729,0,0,0,0,0,.12931034,.125,0,.11864407,0,0,0,0,0,0,.15000001,0,0,0,0,0,0,0,0,.10169491,0,0,0,0,.12162162,0,0,.15000001,.10373444,0,0,0,0,.10526316,0,0,0,0,0,.1147541,0,0,0,0,0,0,.10638298,0,0,0,0,.11864407,0,.10465116,0,0,.25352111,0,0,.25396827,0,.14141414,0,.11666667,.10169491,.12605043,0,0,0,0,.15254237,0,0,.12352941,0,.10169491,0,0,0,.11392405,0,0,0,0,.10687023,.17910448,0,0,.13559322,.12080537,0,0,0,0,0,0,0,.11864407,0,0,0,0,0,0,0,.13978495,0,.14754099,0,0,.10169491,0,0,.185,.16455697,0,0,0,.16304348,.10169491,0,0,0,0,.18644068,.13080169,0,.21186441
894,Zambia,ZMB,0,0,0,.13901345,.11702128,0,.11864407,.1442786,.14788732,.10169491,.19480519,0,0,.14406779,0,.15254237,.13559322,.11864407,.11513158,0,0,.12288135,.12834224,.10679612,0,.16949153,.17567568,.11059908,0,0,.1779661,0,.16733068,0,.18978103,0,.1779661,.11864407,.11016949,0,.1840796,.14615385,.11016949,0,.10909091,0,0,0,.12605043,.10397553,.15706806,0,.13559322,.15444015,.104,.11419753,.22881356,.12658228,.15328467,0,0,0,.18644068,.19491525,0,0,0,0,.13761468,0,.16972478,.10169491,.15254237,0,.20945945,.11864407,0,0,.14785992,.13212435,0,.11016949,0,0,.11016949,0,.10169491,.12365592,0,.11864407,.20746888,.16901408,0,0,0,.15254237,.15248227,0,0,0,.14361702,.10169491,.16793893,0,.11702128,0,.15204678,.11290322,.19858156,0,.12068965,0,.16666667,.10169491,0,.13559322,.16101696,0,.23728813,0,.160221,.20338982,.11538462,.20338982,0,.12711865,0,.24369748,.10891089,0,.11049724,.1460177,0,.16129032,.10683761,.19411765,.14,.10169491,.1092233,.11299435,.12318841,.12711865,.12719299,0,0,.10472973,.18320611,.12711865,0,0,0,.22818792,0,0,.14406779,.14948453,0,0,.13607594,0,.10227273,0,0,.14525139,0,.13592233,0,.15254237,0,.13559322,0,0,0,.10185185,.14525139,.25,.2278481,.18552037,.15000001,0,.16101696,0,0,0,.1375,0,0,.19831224,.21186441,0
